2026-06-03 20:26:13 [INFO] __main__: 正在启动 l2api Level2 连接...
2026-06-03 20:26:13 [INFO] scripts.l2_client: l2api 启动 3 通道: [18100, 18103, 18105]
2026-06-03 20:26:13 [INFO] scripts.l2_client: l2api 所有通道已启动
2026-06-03 20:26:13 [INFO] __main__: l2api 已就绪
2026-06-03 20:26:13 [INFO] __main__: 加载盯盘状态: 2 只
2026-06-03 20:26:13 [INFO] __main__: 盯盘循环启动
2026-06-03 20:26:13 [INFO] __main__: 盯盘引擎已启动
2026-06-03 20:26:13 [INFO] __main__: ==================================================
2026-06-03 20:26:13 [INFO] __main__: 盯盘引擎已启动！
2026-06-03 20:26:13 [INFO] __main__: 状态文件: /root/maneki-agent/plays/watchdog/data/state.json
2026-06-03 20:26:13 [INFO] __main__: 扫描间隔: 30s
2026-06-03 20:26:13 [INFO] __main__: 盯盘上限: 5 只
2026-06-03 20:26:13 [INFO] __main__: ==================================================
2026-06-03 20:26:13 [INFO] __main__: 通过飞书发送指令: 盯/停/盯盘列表/清盯盘
2026-06-03 20:26:14 [ERROR] scripts.l2_client: l2api [Order] 连接失败: timed out
2026-06-03 20:26:14 [ERROR] scripts.l2_client: l2api [Market] 连接失败: timed out
2026-06-03 20:26:14 [ERROR] scripts.l2_client: l2api [Tran] 连接失败: timed out
2026-06-03 20:26:14 [INFO] scripts.l2_client: l2api [Order] 5s 后重连...
2026-06-03 20:26:14 [INFO] scripts.l2_client: l2api [Market] 5s 后重连...
2026-06-03 20:26:14 [INFO] scripts.l2_client: l2api [Tran] 5s 后重连...
2026-06-03 20:26:20 [ERROR] scripts.l2_client: l2api [Tran] 连接失败: timed out
2026-06-03 20:26:20 [ERROR] scripts.l2_client: l2api [Order] 连接失败: timed out
2026-06-03 20:26:20 [INFO] scripts.l2_client: l2api [Tran] 5s 后重连...
2026-06-03 20:26:20 [INFO] scripts.l2_client: l2api [Order] 5s 后重连...
2026-06-03 20:26:20 [ERROR] scripts.l2_client: l2api [Market] 连接失败: timed out
2026-06-03 20:26:20 [INFO] scripts.l2_client: l2api [Market] 5s 后重连...
2026-06-03 20:26:26 [ERROR] scripts.l2_client: l2api [Order] 连接失败: timed out
2026-06-03 20:26:26 [ERROR] scripts.l2_client: l2api [Tran] 连接失败: timed out
2026-06-03 20:26:26 [ERROR] scripts.l2_client: l2api [Market] 连接失败: timed out
2026-06-03 20:26:26 [INFO] scripts.l2_client: l2api [Market] 5s 后重连...
2026-06-03 20:26:26 [INFO] scripts.l2_client: l2api [Order] 5s 后重连...
2026-06-03 20:26:26 [INFO] scripts.l2_client: l2api [Tran] 5s 后重连...
2026-06-03 20:26:32 [ERROR] scripts.l2_client: l2api [Tran] 连接失败: timed out
2026-06-03 20:26:32 [ERROR] scripts.l2_client: l2api [Order] 连接失败: timed out
2026-06-03 20:26:32 [INFO] scripts.l2_client: l2api [Tran] 5s 后重连...
2026-06-03 20:26:32 [ERROR] scripts.l2_client: l2api [Market] 连接失败: timed out
2026-06-03 20:26:32 [INFO] scripts.l2_client: l2api [Market] 5s 后重连...
2026-06-03 20:26:32 [INFO] scripts.l2_client: l2api [Order] 5s 后重连...
2026-06-03 20:26:38 [ERROR] scripts.l2_client: l2api [Tran] 连接失败: timed out
2026-06-03 20:26:38 [ERROR] scripts.l2_client: l2api [Order] 连接失败: timed out
2026-06-03 20:26:38 [ERROR] scripts.l2_client: l2api [Market] 连接失败: timed out
2026-06-03 20:26:38 [INFO] scripts.l2_client: l2api [Tran] 5s 后重连...
2026-06-03 20:26:38 [INFO] scripts.l2_client: l2api [Order] 5s 后重连...
2026-06-03 20:26:38 [INFO] scripts.l2_client: l2api [Market] 5s 后重连...
2026-06-03 20:26:44 [ERROR] scripts.l2_client: l2api [Tran] 连接失败: timed out
2026-06-03 20:26:44 [ERROR] scripts.l2_client: l2api [Order] 连接失败: timed out
2026-06-03 20:26:44 [ERROR] scripts.l2_client: l2api [Market] 连接失败: timed out
2026-06-03 20:26:44 [INFO] scripts.l2_client: l2api [Tran] 5s 后重连...
2026-06-03 20:26:44 [INFO] scripts.l2_client: l2api [Order] 5s 后重连...
2026-06-03 20:26:44 [INFO] scripts.l2_client: l2api [Market] 5s 后重连...
2026-06-03 20:26:50 [ERROR] scripts.l2_client: l2api [Tran] 连接失败: timed out
2026-06-03 20:26:50 [INFO] scripts.l2_client: l2api [Tran] 5s 后重连...
2026-06-03 20:26:50 [ERROR] scripts.l2_client: l2api [Market] 连接失败: timed out
2026-06-03 20:26:50 [INFO] scripts.l2_client: l2api [Market] 5s 后重连...
2026-06-03 20:26:50 [ERROR] scripts.l2_client: l2api [Order] 连接失败: timed out
2026-06-03 20:26:50 [INFO] scripts.l2_client: l2api [Order] 5s 后重连...
2026-06-03 20:26:56 [ERROR] scripts.l2_client: l2api [Tran] 连接失败: timed out
2026-06-03 20:26:56 [INFO] scripts.l2_client: l2api [Tran] 5s 后重连...
2026-06-03 20:26:56 [ERROR] scripts.l2_client: l2api [Market] 连接失败: timed out
2026-06-03 20:26:56 [ERROR] scripts.l2_client: l2api [Order] 连接失败: timed out
2026-06-03 20:26:56 [INFO] scripts.l2_client: l2api [Market] 5s 后重连...
2026-06-03 20:26:56 [INFO] scripts.l2_client: l2api [Order] 5s 后重连...
2026-06-03 20:27:02 [ERROR] scripts.l2_client: l2api [Tran] 连接失败: timed out
2026-06-03 20:27:02 [INFO] scripts.l2_client: l2api [Tran] 5s 后重连...
2026-06-03 20:27:02 [ERROR] scripts.l2_client: l2api [Market] 连接失败: timed out
2026-06-03 20:27:02 [INFO] scripts.l2_client: l2api [Market] 5s 后重连...
2026-06-03 20:27:02 [ERROR] scripts.l2_client: l2api [Order] 连接失败: timed out
2026-06-03 20:27:02 [INFO] scripts.l2_client: l2api [Order] 5s 后重连...
2026-06-03 20:27:08 [ERROR] scripts.l2_client: l2api [Tran] 连接失败: timed out
2026-06-03 20:27:08 [INFO] scripts.l2_client: l2api [Tran] 5s 后重连...
2026-06-03 20:27:08 [ERROR] scripts.l2_client: l2api [Market] 连接失败: timed out
2026-06-03 20:27:08 [ERROR] scripts.l2_client: l2api [Order] 连接失败: timed out
2026-06-03 20:27:08 [INFO] scripts.l2_client: l2api [Market] 5s 后重连...
2026-06-03 20:27:08 [INFO] scripts.l2_client: l2api [Order] 5s 后重连...
2026-06-03 20:27:14 [ERROR] scripts.l2_client: l2api [Tran] 连接失败: timed out
2026-06-03 20:27:14 [INFO] scripts.l2_client: l2api [Tran] 5s 后重连...
2026-06-03 20:27:14 [ERROR] scripts.l2_client: l2api [Order] 连接失败: timed out
2026-06-03 20:27:14 [INFO] scripts.l2_client: l2api [Order] 5s 后重连...
2026-06-03 20:27:14 [ERROR] scripts.l2_client: l2api [Market] 连接失败: timed out
2026-06-03 20:27:14 [INFO] scripts.l2_client: l2api [Market] 5s 后重连...
2026-06-03 20:27:20 [ERROR] scripts.l2_client: l2api [Tran] 连接失败: timed out
2026-06-03 20:27:20 [INFO] scripts.l2_client: l2api [Tran] 5s 后重连...
2026-06-03 20:27:20 [ERROR] scripts.l2_client: l2api [Order] 连接失败: timed out
2026-06-03 20:27:20 [INFO] scripts.l2_client: l2api [Order] 5s 后重连...
2026-06-03 20:27:20 [ERROR] scripts.l2_client: l2api [Market] 连接失败: timed out
2026-06-03 20:27:20 [INFO] scripts.l2_client: l2api [Market] 5s 后重连...
2026-06-03 20:27:26 [ERROR] scripts.l2_client: l2api [Tran] 连接失败: timed out
2026-06-03 20:27:26 [INFO] scripts.l2_client: l2api [Tran] 5s 后重连...
2026-06-03 20:27:26 [ERROR] scripts.l2_client: l2api [Order] 连接失败: timed out
2026-06-03 20:27:26 [INFO] scripts.l2_client: l2api [Order] 5s 后重连...
2026-06-03 20:27:26 [ERROR] scripts.l2_client: l2api [Market] 连接失败: timed out
2026-06-03 20:27:26 [INFO] scripts.l2_client: l2api [Market] 5s 后重连...
2026-06-03 20:27:32 [ERROR] scripts.l2_client: l2api [Order] 连接失败: timed out
2026-06-03 20:27:32 [INFO] scripts.l2_client: l2api [Order] 5s 后重连...
2026-06-03 20:27:32 [ERROR] scripts.l2_client: l2api [Market] 连接失败: timed out
2026-06-03 20:27:32 [ERROR] scripts.l2_client: l2api [Tran] 连接失败: timed out
2026-06-03 20:27:32 [INFO] scripts.l2_client: l2api [Tran] 5s 后重连...
2026-06-03 20:27:32 [INFO] scripts.l2_client: l2api [Market] 5s 后重连...
2026-06-03 20:27:38 [ERROR] scripts.l2_client: l2api [Order] 连接失败: timed out
2026-06-03 20:27:38 [ERROR] scripts.l2_client: l2api [Market] 连接失败: timed out
2026-06-03 20:27:38 [ERROR] scripts.l2_client: l2api [Tran] 连接失败: timed out
2026-06-03 20:27:38 [INFO] scripts.l2_client: l2api [Tran] 5s 后重连...
2026-06-03 20:27:38 [INFO] scripts.l2_client: l2api [Order] 5s 后重连...
2026-06-03 20:27:38 [INFO] scripts.l2_client: l2api [Market] 5s 后重连...
2026-06-03 20:27:44 [ERROR] scripts.l2_client: l2api [Tran] 连接失败: timed out
2026-06-03 20:27:44 [ERROR] scripts.l2_client: l2api [Market] 连接失败: timed out
2026-06-03 20:27:44 [ERROR] scripts.l2_client: l2api [Order] 连接失败: timed out
2026-06-03 20:27:44 [INFO] scripts.l2_client: l2api [Order] 5s 后重连...
2026-06-03 20:27:44 [INFO] scripts.l2_client: l2api [Tran] 5s 后重连...
2026-06-03 20:27:44 [INFO] scripts.l2_client: l2api [Market] 5s 后重连...
2026-06-03 20:27:50 [ERROR] scripts.l2_client: l2api [Market] 连接失败: timed out
2026-06-03 20:27:50 [INFO] scripts.l2_client: l2api [Market] 5s 后重连...
2026-06-03 20:27:50 [ERROR] scripts.l2_client: l2api [Tran] 连接失败: timed out
2026-06-03 20:27:50 [INFO] scripts.l2_client: l2api [Tran] 5s 后重连...
2026-06-03 20:27:50 [ERROR] scripts.l2_client: l2api [Order] 连接失败: timed out
2026-06-03 20:27:50 [INFO] scripts.l2_client: l2api [Order] 5s 后重连...
2026-06-03 20:28:17 [INFO] __main__: 正在启动 l2api Level2 连接...
2026-06-03 20:28:17 [INFO] scripts.l2_client: l2api 启动 3 通道: [18100, 18103, 18105]
2026-06-03 20:28:17 [INFO] scripts.l2_client: l2api 所有通道已启动
2026-06-03 20:28:17 [INFO] __main__: l2api 已就绪
2026-06-03 20:28:17 [INFO] __main__: 加载盯盘状态: 2 只
2026-06-03 20:28:17 [INFO] __main__: 盯盘循环启动
2026-06-03 20:28:17 [INFO] __main__: 盯盘引擎已启动
2026-06-03 20:28:17 [INFO] __main__: ==================================================
2026-06-03 20:28:17 [INFO] __main__: 盯盘引擎已启动！
2026-06-03 20:28:17 [INFO] __main__: 状态文件: /root/maneki-agent/plays/watchdog/data/state.json
2026-06-03 20:28:17 [INFO] __main__: 扫描间隔: 30s
2026-06-03 20:28:17 [INFO] __main__: 盯盘上限: 5 只
2026-06-03 20:28:17 [INFO] __main__: ==================================================
2026-06-03 20:28:17 [INFO] __main__: 通过飞书发送指令: 盯/停/盯盘列表/清盯盘
2026-06-03 20:28:18 [ERROR] scripts.l2_client: l2api [Market] 连接失败: timed out (第0次, 2.5s后重连)
2026-06-03 20:28:18 [ERROR] scripts.l2_client: l2api [Order] 连接失败: timed out (第0次, 2.5s后重连)
2026-06-03 20:28:18 [ERROR] scripts.l2_client: l2api [Tran] 连接失败: timed out (第0次, 2.5s后重连)
2026-06-03 20:28:24 [ERROR] scripts.l2_client: l2api [Market] 连接失败: timed out (第1次, 5s后重连)
2026-06-03 20:28:24 [ERROR] scripts.l2_client: l2api [Order] 连接失败: timed out (第1次, 5s后重连)
2026-06-03 20:28:24 [ERROR] scripts.l2_client: l2api [Tran] 连接失败: timed out (第1次, 5s后重连)
2026-06-03 20:28:35 [ERROR] scripts.l2_client: l2api [Order] 连接失败: timed out (第2次, 10s后重连)
2026-06-03 20:28:35 [ERROR] scripts.l2_client: l2api [Market] 连接失败: timed out (第2次, 10s后重连)
2026-06-03 20:28:35 [ERROR] scripts.l2_client: l2api [Tran] 连接失败: timed out (第2次, 10s后重连)
2026-06-03 20:29:39 [INFO] __main__: 正在启动 l2api Level2 连接...
2026-06-03 20:29:39 [INFO] scripts.l2_client: l2api 启动 3 通道: [18100, 18103, 18105]
2026-06-03 20:29:39 [INFO] scripts.l2_client: l2api 所有通道已启动
2026-06-03 20:29:39 [INFO] __main__: l2api 已就绪
2026-06-03 20:29:39 [INFO] __main__: 加载盯盘状态: 2 只
2026-06-03 20:29:39 [INFO] __main__: 盯盘循环启动
2026-06-03 20:29:39 [INFO] __main__: 盯盘引擎已启动
2026-06-03 20:29:39 [INFO] __main__: ==================================================
2026-06-03 20:29:39 [INFO] __main__: 盯盘引擎已启动！
2026-06-03 20:29:39 [INFO] __main__: 状态文件: /root/maneki-agent/plays/watchdog/data/state.json
2026-06-03 20:29:39 [INFO] __main__: 扫描间隔: 30s
2026-06-03 20:29:39 [INFO] __main__: 盯盘上限: 5 只
2026-06-03 20:29:39 [INFO] __main__: ==================================================
2026-06-03 20:29:39 [INFO] __main__: 通过飞书发送指令: 盯/停/盯盘列表/清盯盘
2026-06-03 20:29:40 [ERROR] scripts.l2_client: l2api [Market] 连接失败: timed out (第1次, 5s后重连)
2026-06-03 20:29:40 [ERROR] scripts.l2_client: l2api [Order] 连接失败: timed out (第1次, 5s后重连)
2026-06-03 20:29:40 [ERROR] scripts.l2_client: l2api [Tran] 连接失败: timed out (第1次, 5s后重连)
2026-06-03 20:29:46 [ERROR] scripts.l2_client: l2api [Market] 连接失败: timed out (第2次, 10s后重连)
2026-06-03 20:29:46 [ERROR] scripts.l2_client: l2api [Tran] 连接失败: timed out (第2次, 10s后重连)
2026-06-03 20:29:46 [ERROR] scripts.l2_client: l2api [Order] 连接失败: timed out (第2次, 10s后重连)
2026-06-03 20:29:57 [ERROR] scripts.l2_client: l2api [Tran] 连接失败: timed out (第3次, 20s后重连)
2026-06-03 20:29:57 [ERROR] scripts.l2_client: l2api [Market] 连接失败: timed out (第3次, 20s后重连)
2026-06-03 20:29:57 [ERROR] scripts.l2_client: l2api [Order] 连接失败: timed out (第3次, 20s后重连)
2026-06-03 20:30:18 [ERROR] scripts.l2_client: l2api [Order] 连接失败: timed out (第4次, 40s后重连)
2026-06-03 20:30:18 [ERROR] scripts.l2_client: l2api [Market] 连接失败: timed out (第4次, 40s后重连)
2026-06-03 20:30:18 [ERROR] scripts.l2_client: l2api [Tran] 连接失败: timed out (第4次, 40s后重连)
2026-06-03 20:30:59 [ERROR] scripts.l2_client: l2api [Tran] 连接失败: timed out (第5次, 80s后重连)
2026-06-03 20:30:59 [ERROR] scripts.l2_client: l2api [Market] 连接失败: timed out (第5次, 80s后重连)
2026-06-03 20:30:59 [ERROR] scripts.l2_client: l2api [Order] 连接失败: timed out (第5次, 80s后重连)
2026-06-03 20:32:20 [ERROR] scripts.l2_client: l2api [Tran] 连接失败: timed out (第6次, 160s后重连)
2026-06-03 20:32:20 [ERROR] scripts.l2_client: l2api [Order] 连接失败: timed out (第6次, 160s后重连)
2026-06-03 20:32:20 [ERROR] scripts.l2_client: l2api [Market] 连接失败: timed out (第6次, 160s后重连)
2026-06-03 20:35:01 [ERROR] scripts.l2_client: l2api [Tran] 连接失败: timed out (第7次, 300s后重连)
2026-06-03 20:35:01 [ERROR] scripts.l2_client: l2api [Market] 连接失败: timed out (第7次, 300s后重连)
2026-06-03 20:35:01 [ERROR] scripts.l2_client: l2api [Order] 连接失败: timed out (第7次, 300s后重连)
2026-06-03 20:40:02 [ERROR] scripts.l2_client: l2api [Market] 连接失败: timed out (第8次, 300s后重连)
2026-06-03 20:40:02 [ERROR] scripts.l2_client: l2api [Order] 连接失败: timed out (第8次, 300s后重连)
2026-06-03 20:40:02 [ERROR] scripts.l2_client: l2api [Tran] 连接失败: timed out (第8次, 300s后重连)
2026-06-03 20:45:03 [ERROR] scripts.l2_client: l2api [Tran] 连接失败: timed out (第9次, 300s后重连)
2026-06-03 20:45:03 [ERROR] scripts.l2_client: l2api [Order] 连接失败: timed out (第9次, 300s后重连)
2026-06-03 20:45:03 [ERROR] scripts.l2_client: l2api [Market] 连接失败: timed out (第9次, 300s后重连)
2026-06-03 20:50:04 [ERROR] scripts.l2_client: l2api [Tran] 连接失败: timed out (第10次, 300s后重连)
2026-06-03 20:50:04 [ERROR] scripts.l2_client: l2api [Market] 连接失败: timed out (第10次, 300s后重连)
2026-06-03 20:50:04 [ERROR] scripts.l2_client: l2api [Order] 连接失败: timed out (第10次, 300s后重连)
2026-06-03 20:55:05 [ERROR] scripts.l2_client: l2api [Market] 连接失败: timed out (第11次, 300s后重连)
2026-06-03 20:55:05 [ERROR] scripts.l2_client: l2api [Order] 连接失败: timed out (第11次, 300s后重连)
2026-06-03 20:55:05 [ERROR] scripts.l2_client: l2api [Tran] 连接失败: timed out (第11次, 300s后重连)
2026-06-03 21:00:06 [ERROR] scripts.l2_client: l2api [Order] 连接失败: timed out (第12次, 300s后重连)
2026-06-03 21:00:06 [ERROR] scripts.l2_client: l2api [Tran] 连接失败: timed out (第12次, 300s后重连)
2026-06-03 21:00:06 [ERROR] scripts.l2_client: l2api [Market] 连接失败: timed out (第12次, 300s后重连)
2026-06-03 21:05:07 [ERROR] scripts.l2_client: l2api [Order] 连接失败: timed out (第13次, 300s后重连)
2026-06-03 21:05:07 [ERROR] scripts.l2_client: l2api [Tran] 连接失败: timed out (第13次, 300s后重连)
2026-06-03 21:05:07 [ERROR] scripts.l2_client: l2api [Market] 连接失败: timed out (第13次, 300s后重连)
2026-06-03 21:10:08 [ERROR] scripts.l2_client: l2api [Order] 连接失败: timed out (第14次, 300s后重连)
2026-06-03 21:10:08 [ERROR] scripts.l2_client: l2api [Tran] 连接失败: timed out (第14次, 300s后重连)
2026-06-03 21:10:08 [ERROR] scripts.l2_client: l2api [Market] 连接失败: timed out (第14次, 300s后重连)
2026-06-03 21:15:09 [ERROR] scripts.l2_client: l2api [Market] 连接失败: timed out (第15次, 300s后重连)
2026-06-03 21:15:09 [ERROR] scripts.l2_client: l2api [Tran] 连接失败: timed out (第15次, 300s后重连)
2026-06-03 21:15:09 [ERROR] scripts.l2_client: l2api [Order] 连接失败: timed out (第15次, 300s后重连)
2026-06-03 21:20:10 [ERROR] scripts.l2_client: l2api [Market] 连接失败: timed out (第16次, 300s后重连)
2026-06-03 21:20:10 [ERROR] scripts.l2_client: l2api [Order] 连接失败: timed out (第16次, 300s后重连)
2026-06-03 21:20:10 [ERROR] scripts.l2_client: l2api [Tran] 连接失败: timed out (第16次, 300s后重连)
2026-06-03 21:25:11 [ERROR] scripts.l2_client: l2api [Tran] 连接失败: timed out (第17次, 300s后重连)
2026-06-03 21:25:11 [ERROR] scripts.l2_client: l2api [Market] 连接失败: timed out (第17次, 300s后重连)
2026-06-03 21:25:11 [ERROR] scripts.l2_client: l2api [Order] 连接失败: timed out (第17次, 300s后重连)
2026-06-03 21:30:12 [ERROR] scripts.l2_client: l2api [Tran] 连接失败: timed out (第18次, 300s后重连)
2026-06-03 21:30:12 [ERROR] scripts.l2_client: l2api [Order] 连接失败: timed out (第18次, 300s后重连)
2026-06-03 21:30:12 [ERROR] scripts.l2_client: l2api [Market] 连接失败: timed out (第18次, 300s后重连)
2026-06-03 21:35:13 [ERROR] scripts.l2_client: l2api [Tran] 连接失败: timed out (第19次, 300s后重连)
2026-06-03 21:35:13 [ERROR] scripts.l2_client: l2api [Market] 连接失败: timed out (第19次, 300s后重连)
2026-06-03 21:35:13 [ERROR] scripts.l2_client: l2api [Order] 连接失败: timed out (第19次, 300s后重连)
2026-06-03 21:40:14 [ERROR] scripts.l2_client: l2api [Order] 连接失败: timed out (第20次, 300s后重连)
2026-06-03 21:40:14 [ERROR] scripts.l2_client: l2api [Market] 连接失败: timed out (第20次, 300s后重连)
2026-06-03 21:40:14 [ERROR] scripts.l2_client: l2api [Tran] 连接失败: timed out (第20次, 300s后重连)
2026-06-03 21:45:15 [ERROR] scripts.l2_client: l2api [Tran] 连接失败: timed out (第21次, 300s后重连)
2026-06-03 21:45:15 [ERROR] scripts.l2_client: l2api [Market] 连接失败: timed out (第21次, 300s后重连)
2026-06-03 21:45:15 [ERROR] scripts.l2_client: l2api [Order] 连接失败: timed out (第21次, 300s后重连)
2026-06-03 21:50:16 [ERROR] scripts.l2_client: l2api [Market] 连接失败: timed out (第22次, 300s后重连)
2026-06-03 21:50:16 [ERROR] scripts.l2_client: l2api [Tran] 连接失败: timed out (第22次, 300s后重连)
2026-06-03 21:50:16 [ERROR] scripts.l2_client: l2api [Order] 连接失败: timed out (第22次, 300s后重连)
2026-06-03 21:55:17 [ERROR] scripts.l2_client: l2api [Order] 连接失败: timed out (第23次, 300s后重连)
2026-06-03 21:55:17 [ERROR] scripts.l2_client: l2api [Market] 连接失败: timed out (第23次, 300s后重连)
2026-06-03 21:55:17 [ERROR] scripts.l2_client: l2api [Tran] 连接失败: timed out (第23次, 300s后重连)
2026-06-03 22:00:18 [ERROR] scripts.l2_client: l2api [Order] 连接失败: timed out (第24次, 300s后重连)
2026-06-03 22:00:18 [ERROR] scripts.l2_client: l2api [Market] 连接失败: timed out (第24次, 300s后重连)
2026-06-03 22:00:18 [ERROR] scripts.l2_client: l2api [Tran] 连接失败: timed out (第24次, 300s后重连)
2026-06-03 22:05:19 [ERROR] scripts.l2_client: l2api [Market] 连接失败: timed out (第25次, 300s后重连)
2026-06-03 22:05:19 [ERROR] scripts.l2_client: l2api [Order] 连接失败: timed out (第25次, 300s后重连)
2026-06-03 22:05:19 [ERROR] scripts.l2_client: l2api [Tran] 连接失败: timed out (第25次, 300s后重连)
2026-06-03 22:10:20 [ERROR] scripts.l2_client: l2api [Order] 连接失败: timed out (第26次, 300s后重连)
2026-06-03 22:10:20 [ERROR] scripts.l2_client: l2api [Tran] 连接失败: timed out (第26次, 300s后重连)
2026-06-03 22:10:20 [ERROR] scripts.l2_client: l2api [Market] 连接失败: timed out (第26次, 300s后重连)
2026-06-03 22:15:21 [ERROR] scripts.l2_client: l2api [Order] 连接失败: timed out (第27次, 300s后重连)
2026-06-03 22:15:21 [ERROR] scripts.l2_client: l2api [Market] 连接失败: timed out (第27次, 300s后重连)
2026-06-03 22:15:21 [ERROR] scripts.l2_client: l2api [Tran] 连接失败: timed out (第27次, 300s后重连)
2026-06-03 22:20:22 [ERROR] scripts.l2_client: l2api [Order] 连接失败: timed out (第28次, 300s后重连)
2026-06-03 22:20:22 [ERROR] scripts.l2_client: l2api [Market] 连接失败: timed out (第28次, 300s后重连)
2026-06-03 22:20:22 [ERROR] scripts.l2_client: l2api [Tran] 连接失败: timed out (第28次, 300s后重连)
2026-06-03 22:25:23 [ERROR] scripts.l2_client: l2api [Market] 连接失败: timed out (第29次, 300s后重连)
2026-06-03 22:25:23 [ERROR] scripts.l2_client: l2api [Order] 连接失败: timed out (第29次, 300s后重连)
2026-06-03 22:25:23 [ERROR] scripts.l2_client: l2api [Tran] 连接失败: timed out (第29次, 300s后重连)
2026-06-03 22:30:24 [ERROR] scripts.l2_client: l2api [Market] 连接失败: timed out (第30次, 300s后重连)
2026-06-03 22:30:24 [ERROR] scripts.l2_client: l2api [Tran] 连接失败: timed out (第30次, 300s后重连)
2026-06-03 22:30:24 [ERROR] scripts.l2_client: l2api [Order] 连接失败: timed out (第30次, 300s后重连)
2026-06-03 22:35:25 [ERROR] scripts.l2_client: l2api [Market] 连接失败: timed out (第31次, 300s后重连)
2026-06-03 22:35:25 [ERROR] scripts.l2_client: l2api [Tran] 连接失败: timed out (第31次, 300s后重连)
2026-06-03 22:35:25 [ERROR] scripts.l2_client: l2api [Order] 连接失败: timed out (第31次, 300s后重连)
2026-06-03 22:40:26 [ERROR] scripts.l2_client: l2api [Market] 连接失败: timed out (第32次, 300s后重连)
2026-06-03 22:40:26 [ERROR] scripts.l2_client: l2api [Tran] 连接失败: timed out (第32次, 300s后重连)
2026-06-03 22:40:26 [ERROR] scripts.l2_client: l2api [Order] 连接失败: timed out (第32次, 300s后重连)
2026-06-03 22:45:27 [ERROR] scripts.l2_client: l2api [Tran] 连接失败: timed out (第33次, 300s后重连)
2026-06-03 22:45:27 [ERROR] scripts.l2_client: l2api [Order] 连接失败: timed out (第33次, 300s后重连)
2026-06-03 22:45:27 [ERROR] scripts.l2_client: l2api [Market] 连接失败: timed out (第33次, 300s后重连)
2026-06-03 22:50:28 [ERROR] scripts.l2_client: l2api [Tran] 连接失败: timed out (第34次, 300s后重连)
2026-06-03 22:50:28 [ERROR] scripts.l2_client: l2api [Order] 连接失败: timed out (第34次, 300s后重连)
2026-06-03 22:50:28 [ERROR] scripts.l2_client: l2api [Market] 连接失败: timed out (第34次, 300s后重连)
2026-06-03 22:55:29 [ERROR] scripts.l2_client: l2api [Order] 连接失败: timed out (第35次, 300s后重连)
2026-06-03 22:55:29 [ERROR] scripts.l2_client: l2api [Tran] 连接失败: timed out (第35次, 300s后重连)
2026-06-03 22:55:29 [ERROR] scripts.l2_client: l2api [Market] 连接失败: timed out (第35次, 300s后重连)
2026-06-03 23:00:30 [ERROR] scripts.l2_client: l2api [Tran] 连接失败: timed out (第36次, 300s后重连)
2026-06-03 23:00:30 [ERROR] scripts.l2_client: l2api [Order] 连接失败: timed out (第36次, 300s后重连)
2026-06-03 23:00:30 [ERROR] scripts.l2_client: l2api [Market] 连接失败: timed out (第36次, 300s后重连)
2026-06-03 23:05:31 [ERROR] scripts.l2_client: l2api [Order] 连接失败: timed out (第37次, 300s后重连)
2026-06-03 23:05:31 [ERROR] scripts.l2_client: l2api [Tran] 连接失败: timed out (第37次, 300s后重连)
2026-06-03 23:05:31 [ERROR] scripts.l2_client: l2api [Market] 连接失败: timed out (第37次, 300s后重连)
2026-06-03 23:10:32 [ERROR] scripts.l2_client: l2api [Order] 连接失败: timed out (第38次, 300s后重连)
2026-06-03 23:10:32 [ERROR] scripts.l2_client: l2api [Tran] 连接失败: timed out (第38次, 300s后重连)
2026-06-03 23:10:32 [ERROR] scripts.l2_client: l2api [Market] 连接失败: timed out (第38次, 300s后重连)
2026-06-03 23:15:33 [ERROR] scripts.l2_client: l2api [Tran] 连接失败: timed out (第39次, 300s后重连)
2026-06-03 23:15:33 [ERROR] scripts.l2_client: l2api [Market] 连接失败: timed out (第39次, 300s后重连)
2026-06-03 23:15:33 [ERROR] scripts.l2_client: l2api [Order] 连接失败: timed out (第39次, 300s后重连)
2026-06-03 23:20:34 [ERROR] scripts.l2_client: l2api [Market] 连接失败: timed out (第40次, 300s后重连)
2026-06-03 23:20:34 [ERROR] scripts.l2_client: l2api [Order] 连接失败: timed out (第40次, 300s后重连)
2026-06-03 23:20:34 [ERROR] scripts.l2_client: l2api [Tran] 连接失败: timed out (第40次, 300s后重连)
2026-06-03 23:25:35 [ERROR] scripts.l2_client: l2api [Market] 连接失败: timed out (第41次, 300s后重连)
2026-06-03 23:25:35 [ERROR] scripts.l2_client: l2api [Order] 连接失败: timed out (第41次, 300s后重连)
2026-06-03 23:25:35 [ERROR] scripts.l2_client: l2api [Tran] 连接失败: timed out (第41次, 300s后重连)
2026-06-03 23:30:36 [ERROR] scripts.l2_client: l2api [Market] 连接失败: timed out (第42次, 300s后重连)
2026-06-03 23:30:36 [ERROR] scripts.l2_client: l2api [Order] 连接失败: timed out (第42次, 300s后重连)
2026-06-03 23:30:36 [ERROR] scripts.l2_client: l2api [Tran] 连接失败: timed out (第42次, 300s后重连)
2026-06-03 23:35:37 [ERROR] scripts.l2_client: l2api [Tran] 连接失败: timed out (第43次, 300s后重连)
2026-06-03 23:35:37 [ERROR] scripts.l2_client: l2api [Order] 连接失败: timed out (第43次, 300s后重连)
2026-06-03 23:35:37 [ERROR] scripts.l2_client: l2api [Market] 连接失败: timed out (第43次, 300s后重连)
2026-06-03 23:40:38 [ERROR] scripts.l2_client: l2api [Market] 连接失败: timed out (第44次, 300s后重连)
2026-06-03 23:40:38 [ERROR] scripts.l2_client: l2api [Tran] 连接失败: timed out (第44次, 300s后重连)
2026-06-03 23:40:38 [ERROR] scripts.l2_client: l2api [Order] 连接失败: timed out (第44次, 300s后重连)
2026-06-03 23:45:39 [ERROR] scripts.l2_client: l2api [Tran] 连接失败: timed out (第45次, 300s后重连)
2026-06-03 23:45:39 [ERROR] scripts.l2_client: l2api [Market] 连接失败: timed out (第45次, 300s后重连)
2026-06-03 23:45:39 [ERROR] scripts.l2_client: l2api [Order] 连接失败: timed out (第45次, 300s后重连)
2026-06-03 23:50:40 [ERROR] scripts.l2_client: l2api [Tran] 连接失败: timed out (第46次, 300s后重连)
2026-06-03 23:50:40 [ERROR] scripts.l2_client: l2api [Order] 连接失败: timed out (第46次, 300s后重连)
2026-06-03 23:50:40 [ERROR] scripts.l2_client: l2api [Market] 连接失败: timed out (第46次, 300s后重连)
2026-06-03 23:55:41 [ERROR] scripts.l2_client: l2api [Order] 连接失败: timed out (第47次, 300s后重连)
2026-06-03 23:55:41 [ERROR] scripts.l2_client: l2api [Tran] 连接失败: timed out (第47次, 300s后重连)
2026-06-03 23:55:41 [ERROR] scripts.l2_client: l2api [Market] 连接失败: timed out (第47次, 300s后重连)
2026-06-04 00:00:42 [ERROR] scripts.l2_client: l2api [Tran] 连接失败: timed out (第48次, 300s后重连)
2026-06-04 00:00:42 [ERROR] scripts.l2_client: l2api [Market] 连接失败: timed out (第48次, 300s后重连)
2026-06-04 00:00:42 [ERROR] scripts.l2_client: l2api [Order] 连接失败: timed out (第48次, 300s后重连)
2026-06-04 00:05:43 [ERROR] scripts.l2_client: l2api [Order] 连接失败: timed out (第49次, 300s后重连)
2026-06-04 00:05:43 [ERROR] scripts.l2_client: l2api [Tran] 连接失败: timed out (第49次, 300s后重连)
2026-06-04 00:05:43 [ERROR] scripts.l2_client: l2api [Market] 连接失败: timed out (第49次, 300s后重连)
2026-06-04 00:10:44 [ERROR] scripts.l2_client: l2api [Order] 连接失败: timed out (第50次, 300s后重连)
2026-06-04 00:10:44 [ERROR] scripts.l2_client: l2api [Tran] 连接失败: timed out (第50次, 300s后重连)
2026-06-04 00:10:44 [ERROR] scripts.l2_client: l2api [Market] 连接失败: timed out (第50次, 300s后重连)
2026-06-04 00:15:45 [ERROR] scripts.l2_client: l2api [Market] 连接失败: timed out (第51次, 300s后重连)
2026-06-04 00:15:45 [ERROR] scripts.l2_client: l2api [Order] 连接失败: timed out (第51次, 300s后重连)
2026-06-04 00:15:45 [ERROR] scripts.l2_client: l2api [Tran] 连接失败: timed out (第51次, 300s后重连)
2026-06-04 00:20:46 [ERROR] scripts.l2_client: l2api [Tran] 连接失败: timed out (第52次, 300s后重连)
2026-06-04 00:20:46 [ERROR] scripts.l2_client: l2api [Order] 连接失败: timed out (第52次, 300s后重连)
2026-06-04 00:20:46 [ERROR] scripts.l2_client: l2api [Market] 连接失败: timed out (第52次, 300s后重连)
2026-06-04 00:25:47 [ERROR] scripts.l2_client: l2api [Order] 连接失败: timed out (第53次, 300s后重连)
2026-06-04 00:25:47 [ERROR] scripts.l2_client: l2api [Tran] 连接失败: timed out (第53次, 300s后重连)
2026-06-04 00:25:47 [ERROR] scripts.l2_client: l2api [Market] 连接失败: timed out (第53次, 300s后重连)
2026-06-04 00:30:48 [ERROR] scripts.l2_client: l2api [Market] 连接失败: timed out (第54次, 300s后重连)
2026-06-04 00:30:48 [ERROR] scripts.l2_client: l2api [Tran] 连接失败: timed out (第54次, 300s后重连)
2026-06-04 00:30:48 [ERROR] scripts.l2_client: l2api [Order] 连接失败: timed out (第54次, 300s后重连)
2026-06-04 00:35:49 [ERROR] scripts.l2_client: l2api [Tran] 连接失败: timed out (第55次, 300s后重连)
2026-06-04 00:35:49 [ERROR] scripts.l2_client: l2api [Order] 连接失败: timed out (第55次, 300s后重连)
2026-06-04 00:35:49 [ERROR] scripts.l2_client: l2api [Market] 连接失败: timed out (第55次, 300s后重连)
2026-06-04 00:40:50 [ERROR] scripts.l2_client: l2api [Tran] 连接失败: timed out (第56次, 300s后重连)
2026-06-04 00:40:50 [ERROR] scripts.l2_client: l2api [Order] 连接失败: timed out (第56次, 300s后重连)
2026-06-04 00:40:50 [ERROR] scripts.l2_client: l2api [Market] 连接失败: timed out (第56次, 300s后重连)
2026-06-04 00:45:51 [ERROR] scripts.l2_client: l2api [Order] 连接失败: timed out (第57次, 300s后重连)
2026-06-04 00:45:51 [ERROR] scripts.l2_client: l2api [Tran] 连接失败: timed out (第57次, 300s后重连)
2026-06-04 00:45:51 [ERROR] scripts.l2_client: l2api [Market] 连接失败: timed out (第57次, 300s后重连)
2026-06-04 00:50:52 [ERROR] scripts.l2_client: l2api [Market] 连接失败: timed out (第58次, 300s后重连)
2026-06-04 00:50:52 [ERROR] scripts.l2_client: l2api [Order] 连接失败: timed out (第58次, 300s后重连)
2026-06-04 00:50:52 [ERROR] scripts.l2_client: l2api [Tran] 连接失败: timed out (第58次, 300s后重连)
2026-06-04 00:55:53 [ERROR] scripts.l2_client: l2api [Order] 连接失败: timed out (第59次, 300s后重连)
2026-06-04 00:55:53 [ERROR] scripts.l2_client: l2api [Tran] 连接失败: timed out (第59次, 300s后重连)
2026-06-04 00:55:53 [ERROR] scripts.l2_client: l2api [Market] 连接失败: timed out (第59次, 300s后重连)
2026-06-04 01:00:54 [ERROR] scripts.l2_client: l2api [Market] 连接失败: timed out (第60次, 300s后重连)
2026-06-04 01:00:54 [ERROR] scripts.l2_client: l2api [Tran] 连接失败: timed out (第60次, 300s后重连)
2026-06-04 01:00:54 [ERROR] scripts.l2_client: l2api [Order] 连接失败: timed out (第60次, 300s后重连)
2026-06-04 01:05:55 [ERROR] scripts.l2_client: l2api [Order] 连接失败: timed out (第61次, 300s后重连)
2026-06-04 01:05:55 [ERROR] scripts.l2_client: l2api [Market] 连接失败: timed out (第61次, 300s后重连)
2026-06-04 01:05:55 [ERROR] scripts.l2_client: l2api [Tran] 连接失败: timed out (第61次, 300s后重连)
2026-06-04 01:10:56 [ERROR] scripts.l2_client: l2api [Order] 连接失败: timed out (第62次, 300s后重连)
2026-06-04 01:10:56 [ERROR] scripts.l2_client: l2api [Tran] 连接失败: timed out (第62次, 300s后重连)
2026-06-04 01:10:56 [ERROR] scripts.l2_client: l2api [Market] 连接失败: timed out (第62次, 300s后重连)
2026-06-04 01:15:57 [ERROR] scripts.l2_client: l2api [Market] 连接失败: timed out (第63次, 300s后重连)
2026-06-04 01:15:57 [ERROR] scripts.l2_client: l2api [Tran] 连接失败: timed out (第63次, 300s后重连)
2026-06-04 01:15:57 [ERROR] scripts.l2_client: l2api [Order] 连接失败: timed out (第63次, 300s后重连)
2026-06-04 01:20:58 [ERROR] scripts.l2_client: l2api [Tran] 连接失败: timed out (第64次, 300s后重连)
2026-06-04 01:20:58 [ERROR] scripts.l2_client: l2api [Order] 连接失败: timed out (第64次, 300s后重连)
2026-06-04 01:20:58 [ERROR] scripts.l2_client: l2api [Market] 连接失败: timed out (第64次, 300s后重连)
2026-06-04 01:25:59 [ERROR] scripts.l2_client: l2api [Order] 连接失败: timed out (第65次, 300s后重连)
2026-06-04 01:25:59 [ERROR] scripts.l2_client: l2api [Market] 连接失败: timed out (第65次, 300s后重连)
2026-06-04 01:25:59 [ERROR] scripts.l2_client: l2api [Tran] 连接失败: timed out (第65次, 300s后重连)
2026-06-04 01:31:00 [ERROR] scripts.l2_client: l2api [Order] 连接失败: timed out (第66次, 300s后重连)
2026-06-04 01:31:00 [ERROR] scripts.l2_client: l2api [Tran] 连接失败: timed out (第66次, 300s后重连)
2026-06-04 01:31:00 [ERROR] scripts.l2_client: l2api [Market] 连接失败: timed out (第66次, 300s后重连)
2026-06-04 01:36:01 [ERROR] scripts.l2_client: l2api [Tran] 连接失败: timed out (第67次, 300s后重连)
2026-06-04 01:36:01 [ERROR] scripts.l2_client: l2api [Market] 连接失败: timed out (第67次, 300s后重连)
2026-06-04 01:36:01 [ERROR] scripts.l2_client: l2api [Order] 连接失败: timed out (第67次, 300s后重连)
2026-06-04 01:41:02 [ERROR] scripts.l2_client: l2api [Market] 连接失败: timed out (第68次, 300s后重连)
2026-06-04 01:41:02 [ERROR] scripts.l2_client: l2api [Order] 连接失败: timed out (第68次, 300s后重连)
2026-06-04 01:41:02 [ERROR] scripts.l2_client: l2api [Tran] 连接失败: timed out (第68次, 300s后重连)
2026-06-04 01:46:03 [ERROR] scripts.l2_client: l2api [Tran] 连接失败: timed out (第69次, 300s后重连)
2026-06-04 01:46:03 [ERROR] scripts.l2_client: l2api [Order] 连接失败: timed out (第69次, 300s后重连)
2026-06-04 01:46:03 [ERROR] scripts.l2_client: l2api [Market] 连接失败: timed out (第69次, 300s后重连)
2026-06-04 01:51:04 [ERROR] scripts.l2_client: l2api [Market] 连接失败: timed out (第70次, 300s后重连)
2026-06-04 01:51:04 [ERROR] scripts.l2_client: l2api [Tran] 连接失败: timed out (第70次, 300s后重连)
2026-06-04 01:51:04 [ERROR] scripts.l2_client: l2api [Order] 连接失败: timed out (第70次, 300s后重连)
2026-06-04 01:56:05 [ERROR] scripts.l2_client: l2api [Order] 连接失败: timed out (第71次, 300s后重连)
2026-06-04 01:56:05 [ERROR] scripts.l2_client: l2api [Market] 连接失败: timed out (第71次, 300s后重连)
2026-06-04 01:56:05 [ERROR] scripts.l2_client: l2api [Tran] 连接失败: timed out (第71次, 300s后重连)
2026-06-04 02:01:06 [ERROR] scripts.l2_client: l2api [Tran] 连接失败: timed out (第72次, 300s后重连)
2026-06-04 02:01:06 [ERROR] scripts.l2_client: l2api [Market] 连接失败: timed out (第72次, 300s后重连)
2026-06-04 02:01:06 [ERROR] scripts.l2_client: l2api [Order] 连接失败: timed out (第72次, 300s后重连)
2026-06-04 02:06:07 [ERROR] scripts.l2_client: l2api [Market] 连接失败: timed out (第73次, 300s后重连)
2026-06-04 02:06:07 [ERROR] scripts.l2_client: l2api [Order] 连接失败: timed out (第73次, 300s后重连)
2026-06-04 02:06:07 [ERROR] scripts.l2_client: l2api [Tran] 连接失败: timed out (第73次, 300s后重连)
2026-06-04 02:11:08 [ERROR] scripts.l2_client: l2api [Order] 连接失败: timed out (第74次, 300s后重连)
2026-06-04 02:11:08 [ERROR] scripts.l2_client: l2api [Tran] 连接失败: timed out (第74次, 300s后重连)
2026-06-04 02:11:08 [ERROR] scripts.l2_client: l2api [Market] 连接失败: timed out (第74次, 300s后重连)
2026-06-04 02:16:09 [ERROR] scripts.l2_client: l2api [Market] 连接失败: timed out (第75次, 300s后重连)
2026-06-04 02:16:09 [ERROR] scripts.l2_client: l2api [Order] 连接失败: timed out (第75次, 300s后重连)
2026-06-04 02:16:09 [ERROR] scripts.l2_client: l2api [Tran] 连接失败: timed out (第75次, 300s后重连)
2026-06-04 02:21:10 [ERROR] scripts.l2_client: l2api [Tran] 连接失败: timed out (第76次, 300s后重连)
2026-06-04 02:21:10 [ERROR] scripts.l2_client: l2api [Order] 连接失败: timed out (第76次, 300s后重连)
2026-06-04 02:21:10 [ERROR] scripts.l2_client: l2api [Market] 连接失败: timed out (第76次, 300s后重连)
2026-06-04 02:26:11 [ERROR] scripts.l2_client: l2api [Tran] 连接失败: timed out (第77次, 300s后重连)
2026-06-04 02:26:11 [ERROR] scripts.l2_client: l2api [Order] 连接失败: timed out (第77次, 300s后重连)
2026-06-04 02:26:11 [ERROR] scripts.l2_client: l2api [Market] 连接失败: timed out (第77次, 300s后重连)
2026-06-04 02:31:12 [ERROR] scripts.l2_client: l2api [Tran] 连接失败: timed out (第78次, 300s后重连)
2026-06-04 02:31:12 [ERROR] scripts.l2_client: l2api [Market] 连接失败: timed out (第78次, 300s后重连)
2026-06-04 02:31:12 [ERROR] scripts.l2_client: l2api [Order] 连接失败: timed out (第78次, 300s后重连)
2026-06-04 02:36:13 [ERROR] scripts.l2_client: l2api [Tran] 连接失败: timed out (第79次, 300s后重连)
2026-06-04 02:36:13 [ERROR] scripts.l2_client: l2api [Market] 连接失败: timed out (第79次, 300s后重连)
2026-06-04 02:36:13 [ERROR] scripts.l2_client: l2api [Order] 连接失败: timed out (第79次, 300s后重连)
2026-06-04 02:41:14 [ERROR] scripts.l2_client: l2api [Tran] 连接失败: timed out (第80次, 300s后重连)
2026-06-04 02:41:14 [ERROR] scripts.l2_client: l2api [Order] 连接失败: timed out (第80次, 300s后重连)
2026-06-04 02:41:14 [ERROR] scripts.l2_client: l2api [Market] 连接失败: timed out (第80次, 300s后重连)
2026-06-04 02:46:15 [ERROR] scripts.l2_client: l2api [Market] 连接失败: timed out (第81次, 300s后重连)
2026-06-04 02:46:15 [ERROR] scripts.l2_client: l2api [Tran] 连接失败: timed out (第81次, 300s后重连)
2026-06-04 02:46:15 [ERROR] scripts.l2_client: l2api [Order] 连接失败: timed out (第81次, 300s后重连)
2026-06-04 02:51:16 [ERROR] scripts.l2_client: l2api [Market] 连接失败: timed out (第82次, 300s后重连)
2026-06-04 02:51:16 [ERROR] scripts.l2_client: l2api [Tran] 连接失败: timed out (第82次, 300s后重连)
2026-06-04 02:51:16 [ERROR] scripts.l2_client: l2api [Order] 连接失败: timed out (第82次, 300s后重连)
2026-06-04 02:56:17 [ERROR] scripts.l2_client: l2api [Tran] 连接失败: timed out (第83次, 300s后重连)
2026-06-04 02:56:17 [ERROR] scripts.l2_client: l2api [Market] 连接失败: timed out (第83次, 300s后重连)
2026-06-04 02:56:17 [ERROR] scripts.l2_client: l2api [Order] 连接失败: timed out (第83次, 300s后重连)
2026-06-04 03:01:18 [ERROR] scripts.l2_client: l2api [Market] 连接失败: timed out (第84次, 300s后重连)
2026-06-04 03:01:18 [ERROR] scripts.l2_client: l2api [Order] 连接失败: timed out (第84次, 300s后重连)
2026-06-04 03:01:18 [ERROR] scripts.l2_client: l2api [Tran] 连接失败: timed out (第84次, 300s后重连)
2026-06-04 03:06:19 [ERROR] scripts.l2_client: l2api [Market] 连接失败: timed out (第85次, 300s后重连)
2026-06-04 03:06:19 [ERROR] scripts.l2_client: l2api [Order] 连接失败: timed out (第85次, 300s后重连)
2026-06-04 03:06:19 [ERROR] scripts.l2_client: l2api [Tran] 连接失败: timed out (第85次, 300s后重连)
2026-06-04 03:11:20 [ERROR] scripts.l2_client: l2api [Market] 连接失败: timed out (第86次, 300s后重连)
2026-06-04 03:11:20 [ERROR] scripts.l2_client: l2api [Order] 连接失败: timed out (第86次, 300s后重连)
2026-06-04 03:11:20 [ERROR] scripts.l2_client: l2api [Tran] 连接失败: timed out (第86次, 300s后重连)
2026-06-04 03:16:21 [ERROR] scripts.l2_client: l2api [Tran] 连接失败: timed out (第87次, 300s后重连)
2026-06-04 03:16:21 [ERROR] scripts.l2_client: l2api [Order] 连接失败: timed out (第87次, 300s后重连)
2026-06-04 03:16:21 [ERROR] scripts.l2_client: l2api [Market] 连接失败: timed out (第87次, 300s后重连)
2026-06-04 03:21:22 [ERROR] scripts.l2_client: l2api [Order] 连接失败: timed out (第88次, 300s后重连)
2026-06-04 03:21:22 [ERROR] scripts.l2_client: l2api [Market] 连接失败: timed out (第88次, 300s后重连)
2026-06-04 03:21:22 [ERROR] scripts.l2_client: l2api [Tran] 连接失败: timed out (第88次, 300s后重连)
2026-06-04 03:26:23 [ERROR] scripts.l2_client: l2api [Order] 连接失败: timed out (第89次, 300s后重连)
2026-06-04 03:26:23 [ERROR] scripts.l2_client: l2api [Tran] 连接失败: timed out (第89次, 300s后重连)
2026-06-04 03:26:23 [ERROR] scripts.l2_client: l2api [Market] 连接失败: timed out (第89次, 300s后重连)
2026-06-04 03:31:24 [ERROR] scripts.l2_client: l2api [Market] 连接失败: timed out (第90次, 300s后重连)
2026-06-04 03:31:24 [ERROR] scripts.l2_client: l2api [Order] 连接失败: timed out (第90次, 300s后重连)
2026-06-04 03:31:24 [ERROR] scripts.l2_client: l2api [Tran] 连接失败: timed out (第90次, 300s后重连)
2026-06-04 03:36:25 [ERROR] scripts.l2_client: l2api [Market] 连接失败: timed out (第91次, 300s后重连)
2026-06-04 03:36:25 [ERROR] scripts.l2_client: l2api [Order] 连接失败: timed out (第91次, 300s后重连)
2026-06-04 03:36:25 [ERROR] scripts.l2_client: l2api [Tran] 连接失败: timed out (第91次, 300s后重连)
2026-06-04 03:41:26 [ERROR] scripts.l2_client: l2api [Order] 连接失败: timed out (第92次, 300s后重连)
2026-06-04 03:41:26 [ERROR] scripts.l2_client: l2api [Tran] 连接失败: timed out (第92次, 300s后重连)
2026-06-04 03:41:26 [ERROR] scripts.l2_client: l2api [Market] 连接失败: timed out (第92次, 300s后重连)
2026-06-04 03:46:27 [ERROR] scripts.l2_client: l2api [Tran] 连接失败: timed out (第93次, 300s后重连)
2026-06-04 03:46:27 [ERROR] scripts.l2_client: l2api [Market] 连接失败: timed out (第93次, 300s后重连)
2026-06-04 03:46:27 [ERROR] scripts.l2_client: l2api [Order] 连接失败: timed out (第93次, 300s后重连)
2026-06-04 03:51:28 [ERROR] scripts.l2_client: l2api [Order] 连接失败: timed out (第94次, 300s后重连)
2026-06-04 03:51:28 [ERROR] scripts.l2_client: l2api [Market] 连接失败: timed out (第94次, 300s后重连)
2026-06-04 03:51:28 [ERROR] scripts.l2_client: l2api [Tran] 连接失败: timed out (第94次, 300s后重连)
2026-06-04 03:56:29 [ERROR] scripts.l2_client: l2api [Market] 连接失败: timed out (第95次, 300s后重连)
2026-06-04 03:56:29 [ERROR] scripts.l2_client: l2api [Order] 连接失败: timed out (第95次, 300s后重连)
2026-06-04 03:56:29 [ERROR] scripts.l2_client: l2api [Tran] 连接失败: timed out (第95次, 300s后重连)
2026-06-04 04:01:30 [ERROR] scripts.l2_client: l2api [Market] 连接失败: timed out (第96次, 300s后重连)
2026-06-04 04:01:30 [ERROR] scripts.l2_client: l2api [Tran] 连接失败: timed out (第96次, 300s后重连)
2026-06-04 04:01:30 [ERROR] scripts.l2_client: l2api [Order] 连接失败: timed out (第96次, 300s后重连)
2026-06-04 04:06:31 [ERROR] scripts.l2_client: l2api [Tran] 连接失败: timed out (第97次, 300s后重连)
2026-06-04 04:06:31 [ERROR] scripts.l2_client: l2api [Order] 连接失败: timed out (第97次, 300s后重连)
2026-06-04 04:06:31 [ERROR] scripts.l2_client: l2api [Market] 连接失败: timed out (第97次, 300s后重连)
2026-06-04 04:11:32 [ERROR] scripts.l2_client: l2api [Tran] 连接失败: timed out (第98次, 300s后重连)
2026-06-04 04:11:32 [ERROR] scripts.l2_client: l2api [Order] 连接失败: timed out (第98次, 300s后重连)
2026-06-04 04:11:32 [ERROR] scripts.l2_client: l2api [Market] 连接失败: timed out (第98次, 300s后重连)
2026-06-04 04:16:33 [ERROR] scripts.l2_client: l2api [Tran] 连接失败: timed out (第99次, 300s后重连)
2026-06-04 04:16:33 [ERROR] scripts.l2_client: l2api [Market] 连接失败: timed out (第99次, 300s后重连)
2026-06-04 04:16:33 [ERROR] scripts.l2_client: l2api [Order] 连接失败: timed out (第99次, 300s后重连)
2026-06-04 04:21:34 [ERROR] scripts.l2_client: l2api [Tran] 连接失败: timed out (第100次, 300s后重连)
2026-06-04 04:21:34 [ERROR] scripts.l2_client: l2api [Market] 连接失败: timed out (第100次, 300s后重连)
2026-06-04 04:21:34 [ERROR] scripts.l2_client: l2api [Order] 连接失败: timed out (第100次, 300s后重连)
2026-06-04 04:26:35 [ERROR] scripts.l2_client: l2api [Market] 连接失败: timed out (第101次, 300s后重连)
2026-06-04 04:26:35 [ERROR] scripts.l2_client: l2api [Order] 连接失败: timed out (第101次, 300s后重连)
2026-06-04 04:26:35 [ERROR] scripts.l2_client: l2api [Tran] 连接失败: timed out (第101次, 300s后重连)
2026-06-04 04:31:37 [ERROR] scripts.l2_client: l2api [Order] 连接失败: timed out (第102次, 300s后重连)
2026-06-04 04:31:37 [ERROR] scripts.l2_client: l2api [Tran] 连接失败: timed out (第102次, 300s后重连)
2026-06-04 04:31:37 [ERROR] scripts.l2_client: l2api [Market] 连接失败: timed out (第102次, 300s后重连)
2026-06-04 04:36:38 [ERROR] scripts.l2_client: l2api [Tran] 连接失败: timed out (第103次, 300s后重连)
2026-06-04 04:36:38 [ERROR] scripts.l2_client: l2api [Market] 连接失败: timed out (第103次, 300s后重连)
2026-06-04 04:36:38 [ERROR] scripts.l2_client: l2api [Order] 连接失败: timed out (第103次, 300s后重连)
2026-06-04 04:41:39 [ERROR] scripts.l2_client: l2api [Market] 连接失败: timed out (第104次, 300s后重连)
2026-06-04 04:41:39 [ERROR] scripts.l2_client: l2api [Order] 连接失败: timed out (第104次, 300s后重连)
2026-06-04 04:41:39 [ERROR] scripts.l2_client: l2api [Tran] 连接失败: timed out (第104次, 300s后重连)
2026-06-04 04:46:40 [ERROR] scripts.l2_client: l2api [Order] 连接失败: timed out (第105次, 300s后重连)
2026-06-04 04:46:40 [ERROR] scripts.l2_client: l2api [Tran] 连接失败: timed out (第105次, 300s后重连)
2026-06-04 04:46:40 [ERROR] scripts.l2_client: l2api [Market] 连接失败: timed out (第105次, 300s后重连)
2026-06-04 04:51:41 [ERROR] scripts.l2_client: l2api [Tran] 连接失败: timed out (第106次, 300s后重连)
2026-06-04 04:51:41 [ERROR] scripts.l2_client: l2api [Market] 连接失败: timed out (第106次, 300s后重连)
2026-06-04 04:51:41 [ERROR] scripts.l2_client: l2api [Order] 连接失败: timed out (第106次, 300s后重连)
2026-06-04 04:56:42 [ERROR] scripts.l2_client: l2api [Order] 连接失败: timed out (第107次, 300s后重连)
2026-06-04 04:56:42 [ERROR] scripts.l2_client: l2api [Market] 连接失败: timed out (第107次, 300s后重连)
2026-06-04 04:56:42 [ERROR] scripts.l2_client: l2api [Tran] 连接失败: timed out (第107次, 300s后重连)
2026-06-04 05:01:43 [ERROR] scripts.l2_client: l2api [Market] 连接失败: timed out (第108次, 300s后重连)
2026-06-04 05:01:43 [ERROR] scripts.l2_client: l2api [Tran] 连接失败: timed out (第108次, 300s后重连)
2026-06-04 05:01:43 [ERROR] scripts.l2_client: l2api [Order] 连接失败: timed out (第108次, 300s后重连)
2026-06-04 05:06:44 [ERROR] scripts.l2_client: l2api [Order] 连接失败: timed out (第109次, 300s后重连)
2026-06-04 05:06:44 [ERROR] scripts.l2_client: l2api [Tran] 连接失败: timed out (第109次, 300s后重连)
2026-06-04 05:06:44 [ERROR] scripts.l2_client: l2api [Market] 连接失败: timed out (第109次, 300s后重连)
2026-06-04 05:11:45 [ERROR] scripts.l2_client: l2api [Order] 连接失败: timed out (第110次, 300s后重连)
2026-06-04 05:11:45 [ERROR] scripts.l2_client: l2api [Tran] 连接失败: timed out (第110次, 300s后重连)
2026-06-04 05:11:45 [ERROR] scripts.l2_client: l2api [Market] 连接失败: timed out (第110次, 300s后重连)
2026-06-04 05:16:46 [ERROR] scripts.l2_client: l2api [Order] 连接失败: timed out (第111次, 300s后重连)
2026-06-04 05:16:46 [ERROR] scripts.l2_client: l2api [Tran] 连接失败: timed out (第111次, 300s后重连)
2026-06-04 05:16:46 [ERROR] scripts.l2_client: l2api [Market] 连接失败: timed out (第111次, 300s后重连)
2026-06-04 05:21:47 [ERROR] scripts.l2_client: l2api [Market] 连接失败: timed out (第112次, 300s后重连)
2026-06-04 05:21:47 [ERROR] scripts.l2_client: l2api [Order] 连接失败: timed out (第112次, 300s后重连)
2026-06-04 05:21:47 [ERROR] scripts.l2_client: l2api [Tran] 连接失败: timed out (第112次, 300s后重连)
2026-06-04 05:26:48 [ERROR] scripts.l2_client: l2api [Market] 连接失败: timed out (第113次, 300s后重连)
2026-06-04 05:26:48 [ERROR] scripts.l2_client: l2api [Order] 连接失败: timed out (第113次, 300s后重连)
2026-06-04 05:26:48 [ERROR] scripts.l2_client: l2api [Tran] 连接失败: timed out (第113次, 300s后重连)
2026-06-04 05:31:49 [ERROR] scripts.l2_client: l2api [Order] 连接失败: timed out (第114次, 300s后重连)
2026-06-04 05:31:49 [ERROR] scripts.l2_client: l2api [Tran] 连接失败: timed out (第114次, 300s后重连)
2026-06-04 05:31:49 [ERROR] scripts.l2_client: l2api [Market] 连接失败: timed out (第114次, 300s后重连)
2026-06-04 05:36:50 [ERROR] scripts.l2_client: l2api [Tran] 连接失败: timed out (第115次, 300s后重连)
2026-06-04 05:36:50 [ERROR] scripts.l2_client: l2api [Order] 连接失败: timed out (第115次, 300s后重连)
2026-06-04 05:36:50 [ERROR] scripts.l2_client: l2api [Market] 连接失败: timed out (第115次, 300s后重连)
2026-06-04 05:41:51 [ERROR] scripts.l2_client: l2api [Tran] 连接失败: timed out (第116次, 300s后重连)
2026-06-04 05:41:51 [ERROR] scripts.l2_client: l2api [Market] 连接失败: timed out (第116次, 300s后重连)
2026-06-04 05:41:51 [ERROR] scripts.l2_client: l2api [Order] 连接失败: timed out (第116次, 300s后重连)
2026-06-04 05:46:52 [ERROR] scripts.l2_client: l2api [Tran] 连接失败: timed out (第117次, 300s后重连)
2026-06-04 05:46:52 [ERROR] scripts.l2_client: l2api [Order] 连接失败: timed out (第117次, 300s后重连)
2026-06-04 05:46:52 [ERROR] scripts.l2_client: l2api [Market] 连接失败: timed out (第117次, 300s后重连)
2026-06-04 05:51:53 [ERROR] scripts.l2_client: l2api [Order] 连接失败: timed out (第118次, 300s后重连)
2026-06-04 05:51:53 [ERROR] scripts.l2_client: l2api [Market] 连接失败: timed out (第118次, 300s后重连)
2026-06-04 05:51:53 [ERROR] scripts.l2_client: l2api [Tran] 连接失败: timed out (第118次, 300s后重连)
2026-06-04 05:56:54 [ERROR] scripts.l2_client: l2api [Tran] 连接失败: timed out (第119次, 300s后重连)
2026-06-04 05:56:54 [ERROR] scripts.l2_client: l2api [Market] 连接失败: timed out (第119次, 300s后重连)
2026-06-04 05:56:54 [ERROR] scripts.l2_client: l2api [Order] 连接失败: timed out (第119次, 300s后重连)
2026-06-04 06:01:55 [ERROR] scripts.l2_client: l2api [Order] 连接失败: timed out (第120次, 300s后重连)
2026-06-04 06:01:55 [ERROR] scripts.l2_client: l2api [Market] 连接失败: timed out (第120次, 300s后重连)
2026-06-04 06:01:55 [ERROR] scripts.l2_client: l2api [Tran] 连接失败: timed out (第120次, 300s后重连)
2026-06-04 06:06:56 [ERROR] scripts.l2_client: l2api [Order] 连接失败: timed out (第121次, 300s后重连)
2026-06-04 06:06:56 [ERROR] scripts.l2_client: l2api [Market] 连接失败: timed out (第121次, 300s后重连)
2026-06-04 06:06:56 [ERROR] scripts.l2_client: l2api [Tran] 连接失败: timed out (第121次, 300s后重连)
2026-06-04 06:11:57 [ERROR] scripts.l2_client: l2api [Market] 连接失败: timed out (第122次, 300s后重连)
2026-06-04 06:11:57 [ERROR] scripts.l2_client: l2api [Order] 连接失败: timed out (第122次, 300s后重连)
2026-06-04 06:11:57 [ERROR] scripts.l2_client: l2api [Tran] 连接失败: timed out (第122次, 300s后重连)
2026-06-04 06:16:58 [ERROR] scripts.l2_client: l2api [Market] 连接失败: timed out (第123次, 300s后重连)
2026-06-04 06:16:58 [ERROR] scripts.l2_client: l2api [Tran] 连接失败: timed out (第123次, 300s后重连)
2026-06-04 06:16:58 [ERROR] scripts.l2_client: l2api [Order] 连接失败: timed out (第123次, 300s后重连)
2026-06-04 06:21:59 [ERROR] scripts.l2_client: l2api [Tran] 连接失败: timed out (第124次, 300s后重连)
2026-06-04 06:21:59 [ERROR] scripts.l2_client: l2api [Market] 连接失败: timed out (第124次, 300s后重连)
2026-06-04 06:21:59 [ERROR] scripts.l2_client: l2api [Order] 连接失败: timed out (第124次, 300s后重连)
2026-06-04 06:27:00 [ERROR] scripts.l2_client: l2api [Tran] 连接失败: timed out (第125次, 300s后重连)
2026-06-04 06:27:00 [ERROR] scripts.l2_client: l2api [Order] 连接失败: timed out (第125次, 300s后重连)
2026-06-04 06:27:00 [ERROR] scripts.l2_client: l2api [Market] 连接失败: timed out (第125次, 300s后重连)
2026-06-04 06:32:01 [ERROR] scripts.l2_client: l2api [Market] 连接失败: timed out (第126次, 300s后重连)
2026-06-04 06:32:01 [ERROR] scripts.l2_client: l2api [Order] 连接失败: timed out (第126次, 300s后重连)
2026-06-04 06:32:01 [ERROR] scripts.l2_client: l2api [Tran] 连接失败: timed out (第126次, 300s后重连)
2026-06-04 06:37:02 [ERROR] scripts.l2_client: l2api [Tran] 连接失败: timed out (第127次, 300s后重连)
2026-06-04 06:37:02 [ERROR] scripts.l2_client: l2api [Order] 连接失败: timed out (第127次, 300s后重连)
2026-06-04 06:37:02 [ERROR] scripts.l2_client: l2api [Market] 连接失败: timed out (第127次, 300s后重连)
2026-06-04 06:42:03 [ERROR] scripts.l2_client: l2api [Tran] 连接失败: timed out (第128次, 300s后重连)
2026-06-04 06:42:03 [ERROR] scripts.l2_client: l2api [Order] 连接失败: timed out (第128次, 300s后重连)
2026-06-04 06:42:03 [ERROR] scripts.l2_client: l2api [Market] 连接失败: timed out (第128次, 300s后重连)
2026-06-04 06:47:04 [ERROR] scripts.l2_client: l2api [Order] 连接失败: timed out (第129次, 300s后重连)
2026-06-04 06:47:04 [ERROR] scripts.l2_client: l2api [Market] 连接失败: timed out (第129次, 300s后重连)
2026-06-04 06:47:04 [ERROR] scripts.l2_client: l2api [Tran] 连接失败: timed out (第129次, 300s后重连)
2026-06-04 06:52:05 [ERROR] scripts.l2_client: l2api [Market] 连接失败: timed out (第130次, 300s后重连)
2026-06-04 06:52:05 [ERROR] scripts.l2_client: l2api [Tran] 连接失败: timed out (第130次, 300s后重连)
2026-06-04 06:52:05 [ERROR] scripts.l2_client: l2api [Order] 连接失败: timed out (第130次, 300s后重连)
2026-06-04 06:57:06 [ERROR] scripts.l2_client: l2api [Tran] 连接失败: timed out (第131次, 300s后重连)
2026-06-04 06:57:06 [ERROR] scripts.l2_client: l2api [Market] 连接失败: timed out (第131次, 300s后重连)
2026-06-04 06:57:06 [ERROR] scripts.l2_client: l2api [Order] 连接失败: timed out (第131次, 300s后重连)
2026-06-04 07:02:07 [ERROR] scripts.l2_client: l2api [Order] 连接失败: timed out (第132次, 300s后重连)
2026-06-04 07:02:07 [ERROR] scripts.l2_client: l2api [Market] 连接失败: timed out (第132次, 300s后重连)
2026-06-04 07:02:07 [ERROR] scripts.l2_client: l2api [Tran] 连接失败: timed out (第132次, 300s后重连)
2026-06-04 07:07:08 [ERROR] scripts.l2_client: l2api [Order] 连接失败: timed out (第133次, 300s后重连)
2026-06-04 07:07:08 [ERROR] scripts.l2_client: l2api [Market] 连接失败: timed out (第133次, 300s后重连)
2026-06-04 07:07:08 [ERROR] scripts.l2_client: l2api [Tran] 连接失败: timed out (第133次, 300s后重连)
2026-06-04 07:12:09 [ERROR] scripts.l2_client: l2api [Order] 连接失败: timed out (第134次, 300s后重连)
2026-06-04 07:12:09 [ERROR] scripts.l2_client: l2api [Tran] 连接失败: timed out (第134次, 300s后重连)
2026-06-04 07:12:09 [ERROR] scripts.l2_client: l2api [Market] 连接失败: timed out (第134次, 300s后重连)
2026-06-04 07:17:10 [ERROR] scripts.l2_client: l2api [Order] 连接失败: timed out (第135次, 300s后重连)
2026-06-04 07:17:10 [ERROR] scripts.l2_client: l2api [Market] 连接失败: timed out (第135次, 300s后重连)
2026-06-04 07:17:10 [ERROR] scripts.l2_client: l2api [Tran] 连接失败: timed out (第135次, 300s后重连)
2026-06-04 07:22:11 [ERROR] scripts.l2_client: l2api [Order] 连接失败: timed out (第136次, 300s后重连)
2026-06-04 07:22:11 [ERROR] scripts.l2_client: l2api [Tran] 连接失败: timed out (第136次, 300s后重连)
2026-06-04 07:22:11 [ERROR] scripts.l2_client: l2api [Market] 连接失败: timed out (第136次, 300s后重连)
[13:13:10] [watchdog] 启动
[13:13:10] 盯盘守护进程启动
[13:13:11] [引擎] 启动 watchdog...
[13:13:11] [引擎] PID=3200833
[13:13:13] [引擎] 2026-07-30 13:13:13 [INFO] __main__: 加载盯盘状态: 15 只
[13:13:13] [引擎] 2026-07-30 13:13:13 [INFO] __main__: 盯盘循环启动
[13:13:13] [引擎] 2026-07-30 13:13:13 [INFO] __main__: 盯盘引擎已启动
[13:13:13] [引擎] 2026-07-30 13:13:13 [INFO] __main__: 进入交易时段，开始盯盘扫描
[13:13:13] [引擎] 2026-07-30 13:13:13 [INFO] __main__: ==================================================
[13:13:13] [引擎] 2026-07-30 13:13:13 [INFO] __main__: 盯盘引擎已启动！
[13:13:13] [引擎] 2026-07-30 13:13:13 [INFO] __main__: 状态文件: /root/maneki-agent/plays/watchdog/data/state.json
[13:13:13] [引擎] 2026-07-30 13:13:13 [INFO] __main__: 扫描间隔: 60s
[13:13:13] [引擎] 2026-07-30 13:13:13 [INFO] __main__: 盯盘上限: 20 只
[13:13:13] [引擎] 2026-07-30 13:13:13 [INFO] __main__: ==================================================
[13:13:13] [引擎] 2026-07-30 13:13:13 [INFO] __main__: 通过飞书发送指令: 盯/停/盯盘列表/清盯盘
[13:13:13] [引擎] 2026-07-30 13:13:13 [INFO] __main__: 新交易日 20260730，重新订阅 15 只
[13:13:13] [引擎] 2026-07-30 13:13:13 [INFO] __main__: 盯盘心跳 #1: 15只 [海南海药(000566.SZ)[watching], 南天信息(000948.SZ)[watching], 东晶电子(002199.SZ)[watching], 西子洁能(002534.SZ)[watching], 朗姿股份(002612.SZ)[watching], 中科金财(002657.SZ)[watching], 中宠股份(002891.SZ)[watching], 昂立教育(600661.SH)[watching], 北汽蓝谷(600733.SH)[watching], 中电电机(603988.SH)[watching], 艾艾精工(603580.SH)[watching], 富春染织(605189.SH)[watching], 双星新材(002585.SZ)[watching], 金桥信息(603918.SH)[watching], 德明利(001309.SZ)[watching]]
[13:13:13] [引擎] 2026-07-30 13:13:13 [INFO] __main__: 000566.SZ 日线数据更新完成(120条)
[13:13:15] [引擎] 2026-07-30 13:13:15 [INFO] __main__: 000948.SZ 日线数据更新完成(120条)
[13:13:16] [引擎] 2026-07-30 13:13:16 [INFO] __main__: 002199.SZ 日线数据更新完成(120条)
[13:13:17] [引擎] 2026-07-30 13:13:17 [INFO] __main__: 002534.SZ 日线数据更新完成(120条)
[13:13:19] [引擎] 2026-07-30 13:13:19 [INFO] __main__: 002612.SZ 日线数据更新完成(120条)
[13:13:19] [引擎] 2026-07-30 13:13:19 [INFO] __main__: 002657.SZ 日线数据更新完成(120条)
[13:13:20] [引擎] 2026-07-30 13:13:20 [INFO] __main__: 002891.SZ 日线数据更新完成(120条)
[13:13:21] [引擎] 2026-07-30 13:13:21 [INFO] __main__: 600661.SH 日线数据更新完成(120条)
[13:13:22] [引擎] 2026-07-30 13:13:22 [INFO] __main__: 600733.SH 日线数据更新完成(120条)
[13:13:24] [引擎] 2026-07-30 13:13:24 [INFO] __main__: 603988.SH 日线数据更新完成(120条)
[13:13:25] [引擎] 2026-07-30 13:13:25 [INFO] __main__: 603580.SH 日线数据更新完成(120条)
[13:13:26] [引擎] 2026-07-30 13:13:26 [INFO] __main__: 605189.SH 日线数据更新完成(120条)
[13:13:27] [引擎] 2026-07-30 13:13:27 [INFO] __main__: 002585.SZ 日线数据更新完成(120条)
[13:13:28] [引擎] 2026-07-30 13:13:28 [INFO] __main__: 603918.SH 日线数据更新完成(120条)
[13:13:29] [引擎] 2026-07-30 13:13:29 [INFO] __main__: 001309.SZ 日线数据更新完成(120条)
[13:14:30] [引擎] 2026-07-30 13:14:30 [INFO] __main__: 检测到 state.json 变更，重新加载
[13:14:30] [引擎] 2026-07-30 13:14:30 [INFO] __main__: 加载盯盘状态: 15 只
[13:14:30] [引擎] 2026-07-30 13:14:30 [INFO] __main__: 000566.SZ 日线数据更新完成(120条)
[13:14:30] [引擎] 2026-07-30 13:14:30 [INFO] __main__: 000948.SZ 日线数据更新完成(120条)
[13:14:30] [引擎] 2026-07-30 13:14:30 [INFO] __main__: 002199.SZ 日线数据更新完成(120条)
[13:14:30] [引擎] 2026-07-30 13:14:30 [INFO] __main__: 002534.SZ 日线数据更新完成(120条)
[13:14:30] [引擎] 2026-07-30 13:14:30 [INFO] __main__: 002612.SZ 日线数据更新完成(120条)
[13:14:30] [引擎] 2026-07-30 13:14:30 [INFO] __main__: 002657.SZ 日线数据更新完成(120条)
[13:14:30] [引擎] 2026-07-30 13:14:30 [INFO] __main__: 002891.SZ 日线数据更新完成(120条)
[13:14:30] [引擎] 2026-07-30 13:14:30 [INFO] __main__: 600661.SH 日线数据更新完成(120条)
[13:14:30] [引擎] 2026-07-30 13:14:30 [INFO] __main__: 600733.SH 日线数据更新完成(120条)
[13:14:30] [引擎] 2026-07-30 13:14:30 [INFO] __main__: 603988.SH 日线数据更新完成(120条)
[13:14:30] [引擎] 2026-07-30 13:14:30 [INFO] __main__: 603580.SH 日线数据更新完成(120条)
[13:14:30] [引擎] 2026-07-30 13:14:30 [INFO] __main__: 605189.SH 日线数据更新完成(120条)
[13:14:30] [引擎] 2026-07-30 13:14:30 [INFO] __main__: 002585.SZ 日线数据更新完成(120条)
[13:14:30] [引擎] 2026-07-30 13:14:30 [INFO] __main__: 603918.SH 日线数据更新完成(120条)
[13:14:30] [引擎] 2026-07-30 13:14:30 [INFO] __main__: 001309.SZ 日线数据更新完成(120条)
[13:15:30] [引擎] 2026-07-30 13:15:30 [INFO] __main__: 检测到 state.json 变更，重新加载
[13:15:30] [引擎] 2026-07-30 13:15:30 [INFO] __main__: 加载盯盘状态: 16 只
[13:15:30] [引擎] 2026-07-30 13:15:30 [INFO] __main__: 新增盯盘: {'600199.SH'}
[13:15:30] [引擎] 2026-07-30 13:15:30 [INFO] __main__: 000566.SZ 日线数据更新完成(120条)
[13:15:30] [引擎] 2026-07-30 13:15:30 [INFO] __main__: 000948.SZ 日线数据更新完成(120条)
[13:15:30] [引擎] 2026-07-30 13:15:30 [INFO] __main__: 002199.SZ 日线数据更新完成(120条)
[13:15:31] [引擎] 2026-07-30 13:15:31 [INFO] __main__: 002534.SZ 日线数据更新完成(120条)
[13:15:31] [引擎] 2026-07-30 13:15:31 [INFO] __main__: 002612.SZ 日线数据更新完成(120条)
[13:15:31] [引擎] 2026-07-30 13:15:31 [INFO] __main__: 002657.SZ 日线数据更新完成(120条)
[13:15:31] [引擎] 2026-07-30 13:15:31 [INFO] __main__: 002891.SZ 日线数据更新完成(120条)
[13:15:31] [引擎] 2026-07-30 13:15:31 [INFO] __main__: 600661.SH 日线数据更新完成(120条)
[13:15:31] [引擎] 2026-07-30 13:15:31 [INFO] __main__: 600733.SH 日线数据更新完成(120条)
[13:15:31] [引擎] 2026-07-30 13:15:31 [INFO] __main__: 603988.SH 日线数据更新完成(120条)
[13:15:31] [引擎] 2026-07-30 13:15:31 [INFO] __main__: 603580.SH 日线数据更新完成(120条)
[13:15:31] [引擎] 2026-07-30 13:15:31 [INFO] __main__: 605189.SH 日线数据更新完成(120条)
[13:15:31] [引擎] 2026-07-30 13:15:31 [INFO] __main__: 002585.SZ 日线数据更新完成(120条)
[13:15:31] [引擎] 2026-07-30 13:15:31 [INFO] __main__: 603918.SH 日线数据更新完成(120条)
[13:15:31] [引擎] 2026-07-30 13:15:31 [INFO] __main__: 001309.SZ 日线数据更新完成(120条)
[13:15:32] [引擎] 2026-07-30 13:15:32 [INFO] __main__: 600199.SH 日线数据更新完成(120条)
[13:16:32] [引擎] 2026-07-30 13:16:32 [INFO] __main__: 检测到 state.json 变更，重新加载
[13:16:32] [引擎] 2026-07-30 13:16:32 [INFO] __main__: 加载盯盘状态: 17 只
[13:16:32] [引擎] 2026-07-30 13:16:32 [INFO] __main__: 新增盯盘: {'600722.SH'}
[13:16:32] [引擎] 2026-07-30 13:16:32 [INFO] __main__: 000566.SZ 日线数据更新完成(120条)
[13:16:32] [引擎] 2026-07-30 13:16:32 [INFO] __main__: 000948.SZ 日线数据更新完成(120条)
[13:16:32] [引擎] 2026-07-30 13:16:32 [INFO] __main__: 002199.SZ 日线数据更新完成(120条)
[13:16:32] [引擎] 2026-07-30 13:16:32 [INFO] __main__: 002534.SZ 日线数据更新完成(120条)
[13:16:32] [引擎] 2026-07-30 13:16:32 [INFO] __main__: 002612.SZ 日线数据更新完成(120条)
[13:16:32] [引擎] 2026-07-30 13:16:32 [INFO] __main__: 002657.SZ 日线数据更新完成(120条)
[13:16:32] [引擎] 2026-07-30 13:16:32 [INFO] __main__: 002891.SZ 日线数据更新完成(120条)
[13:16:32] [引擎] 2026-07-30 13:16:32 [INFO] __main__: 600661.SH 日线数据更新完成(120条)
[13:16:32] [引擎] 2026-07-30 13:16:32 [INFO] __main__: 600733.SH 日线数据更新完成(120条)
[13:16:32] [引擎] 2026-07-30 13:16:32 [INFO] __main__: 603988.SH 日线数据更新完成(120条)
[13:16:32] [引擎] 2026-07-30 13:16:32 [INFO] __main__: 603580.SH 日线数据更新完成(120条)
[13:16:32] [引擎] 2026-07-30 13:16:32 [INFO] __main__: 605189.SH 日线数据更新完成(120条)
[13:16:32] [引擎] 2026-07-30 13:16:32 [INFO] __main__: 002585.SZ 日线数据更新完成(120条)
[13:16:32] [引擎] 2026-07-30 13:16:32 [INFO] __main__: 603918.SH 日线数据更新完成(120条)
[13:16:32] [引擎] 2026-07-30 13:16:32 [INFO] __main__: 001309.SZ 日线数据更新完成(120条)
[13:16:32] [引擎] 2026-07-30 13:16:32 [INFO] __main__: 600199.SH 日线数据更新完成(120条)
[13:16:35] [引擎] 2026-07-30 13:16:35 [INFO] __main__: 600722.SH 日线数据更新完成(120条)
[13:17:37] [引擎] 2026-07-30 13:17:37 [INFO] __main__: 检测到 state.json 变更，重新加载
[13:17:37] [引擎] 2026-07-30 13:17:37 [INFO] __main__: 加载盯盘状态: 17 只
[13:17:37] [引擎] 2026-07-30 13:17:37 [INFO] __main__: 000566.SZ 日线数据更新完成(120条)
[13:17:37] [引擎] 2026-07-30 13:17:37 [INFO] __main__: 000948.SZ 日线数据更新完成(120条)
[13:17:37] [引擎] 2026-07-30 13:17:37 [INFO] __main__: 002199.SZ 日线数据更新完成(120条)
[13:17:37] [引擎] 2026-07-30 13:17:37 [INFO] __main__: 002534.SZ 日线数据更新完成(120条)
[13:17:37] [引擎] 2026-07-30 13:17:37 [INFO] __main__: 002612.SZ 日线数据更新完成(120条)
[13:17:37] [引擎] 2026-07-30 13:17:37 [INFO] __main__: 002657.SZ 日线数据更新完成(120条)
[13:17:37] [引擎] 2026-07-30 13:17:37 [INFO] __main__: 002891.SZ 日线数据更新完成(120条)
[13:17:37] [引擎] 2026-07-30 13:17:37 [INFO] __main__: 600661.SH 日线数据更新完成(120条)
[13:17:38] [引擎] 2026-07-30 13:17:38 [INFO] __main__: 600733.SH 日线数据更新完成(120条)
[13:17:38] [引擎] 2026-07-30 13:17:38 [INFO] __main__: 603988.SH 日线数据更新完成(120条)
[13:17:38] [引擎] 2026-07-30 13:17:38 [INFO] __main__: 603580.SH 日线数据更新完成(120条)
[13:17:38] [引擎] 2026-07-30 13:17:38 [INFO] __main__: 605189.SH 日线数据更新完成(120条)
[13:17:38] [引擎] 2026-07-30 13:17:38 [INFO] __main__: 002585.SZ 日线数据更新完成(120条)
[13:17:38] [引擎] 2026-07-30 13:17:38 [INFO] __main__: 603918.SH 日线数据更新完成(120条)
[13:17:38] [引擎] 2026-07-30 13:17:38 [INFO] __main__: 001309.SZ 日线数据更新完成(120条)
[13:17:38] [引擎] 2026-07-30 13:17:38 [INFO] __main__: 600199.SH 日线数据更新完成(120条)
[13:17:38] [引擎] 2026-07-30 13:17:38 [INFO] __main__: 600722.SH 日线数据更新完成(120条)
[13:18:38] [引擎] 2026-07-30 13:18:38 [INFO] __main__: 检测到 state.json 变更，重新加载
[13:18:38] [引擎] 2026-07-30 13:18:38 [INFO] __main__: 加载盯盘状态: 17 只
[13:18:38] [引擎] 2026-07-30 13:18:38 [INFO] __main__: 000566.SZ 日线数据更新完成(120条)
[13:18:38] [引擎] 2026-07-30 13:18:38 [INFO] __main__: 000948.SZ 日线数据更新完成(120条)
[13:18:38] [引擎] 2026-07-30 13:18:38 [INFO] __main__: 002199.SZ 日线数据更新完成(120条)
[13:18:38] [引擎] 2026-07-30 13:18:38 [INFO] __main__: 002534.SZ 日线数据更新完成(120条)
[13:18:39] [引擎] 2026-07-30 13:18:39 [INFO] __main__: 002612.SZ 日线数据更新完成(120条)
[13:18:39] [引擎] 2026-07-30 13:18:39 [INFO] __main__: 002657.SZ 日线数据更新完成(120条)
[13:18:39] [引擎] 2026-07-30 13:18:39 [INFO] __main__: 002891.SZ 日线数据更新完成(120条)
[13:18:39] [引擎] 2026-07-30 13:18:39 [INFO] __main__: 600661.SH 日线数据更新完成(120条)
[13:18:39] [引擎] 2026-07-30 13:18:39 [INFO] __main__: 600733.SH 日线数据更新完成(120条)
[13:18:39] [引擎] 2026-07-30 13:18:39 [INFO] __main__: 603988.SH 日线数据更新完成(120条)
[13:18:39] [引擎] 2026-07-30 13:18:39 [INFO] __main__: 603580.SH 日线数据更新完成(120条)
[13:18:39] [引擎] 2026-07-30 13:18:39 [INFO] __main__: 605189.SH 日线数据更新完成(120条)
[13:18:39] [引擎] 2026-07-30 13:18:39 [INFO] __main__: 002585.SZ 日线数据更新完成(120条)
[13:18:39] [引擎] 2026-07-30 13:18:39 [INFO] __main__: 603918.SH 日线数据更新完成(120条)
[13:18:39] [引擎] 2026-07-30 13:18:39 [INFO] __main__: 001309.SZ 日线数据更新完成(120条)
[13:18:39] [引擎] 2026-07-30 13:18:39 [INFO] __main__: 600199.SH 日线数据更新完成(120条)
[13:18:39] [引擎] 2026-07-30 13:18:39 [INFO] __main__: 600722.SH 日线数据更新完成(120条)
[13:19:39] [引擎] 2026-07-30 13:19:39 [INFO] __main__: 检测到 state.json 变更，重新加载
[13:19:39] [引擎] 2026-07-30 13:19:39 [INFO] __main__: 加载盯盘状态: 17 只
[13:19:39] [引擎] 2026-07-30 13:19:39 [INFO] __main__: 000566.SZ 日线数据更新完成(120条)
[13:19:39] [引擎] 2026-07-30 13:19:39 [INFO] __main__: 000948.SZ 日线数据更新完成(120条)
[13:19:39] [引擎] 2026-07-30 13:19:39 [INFO] __main__: 002199.SZ 日线数据更新完成(120条)
[13:19:39] [引擎] 2026-07-30 13:19:39 [INFO] __main__: 002534.SZ 日线数据更新完成(120条)
[13:19:39] [引擎] 2026-07-30 13:19:39 [INFO] __main__: 002612.SZ 日线数据更新完成(120条)
[13:19:39] [引擎] 2026-07-30 13:19:39 [INFO] __main__: 002657.SZ 日线数据更新完成(120条)
[13:19:39] [引擎] 2026-07-30 13:19:39 [INFO] __main__: 002891.SZ 日线数据更新完成(120条)
[13:19:39] [引擎] 2026-07-30 13:19:39 [INFO] __main__: 600661.SH 日线数据更新完成(120条)
[13:19:39] [引擎] 2026-07-30 13:19:39 [INFO] __main__: 600733.SH 日线数据更新完成(120条)
[13:19:39] [引擎] 2026-07-30 13:19:39 [INFO] __main__: 603988.SH 日线数据更新完成(120条)
[13:19:39] [引擎] 2026-07-30 13:19:39 [INFO] __main__: 603580.SH 日线数据更新完成(120条)
[13:19:39] [引擎] 2026-07-30 13:19:39 [INFO] __main__: 605189.SH 日线数据更新完成(120条)
[13:19:39] [引擎] 2026-07-30 13:19:39 [INFO] __main__: 002585.SZ 日线数据更新完成(120条)
[13:19:39] [引擎] 2026-07-30 13:19:39 [INFO] __main__: 603918.SH 日线数据更新完成(120条)
[13:19:39] [引擎] 2026-07-30 13:19:39 [INFO] __main__: 001309.SZ 日线数据更新完成(120条)
[13:19:39] [引擎] 2026-07-30 13:19:39 [INFO] __main__: 600199.SH 日线数据更新完成(120条)
[13:19:39] [引擎] 2026-07-30 13:19:39 [INFO] __main__: 600722.SH 日线数据更新完成(120条)
[13:20:39] [引擎] 2026-07-30 13:20:39 [INFO] __main__: 检测到 state.json 变更，重新加载
[13:20:39] [引擎] 2026-07-30 13:20:39 [INFO] __main__: 加载盯盘状态: 17 只
[13:20:39] [引擎] 2026-07-30 13:20:39 [INFO] __main__: 000566.SZ 日线数据更新完成(120条)
[13:20:39] [引擎] 2026-07-30 13:20:39 [INFO] __main__: 000948.SZ 日线数据更新完成(120条)
[13:20:39] [引擎] 2026-07-30 13:20:39 [INFO] __main__: 002199.SZ 日线数据更新完成(120条)
[13:20:39] [引擎] 2026-07-30 13:20:39 [INFO] __main__: 002534.SZ 日线数据更新完成(120条)
[13:20:39] [引擎] 2026-07-30 13:20:39 [INFO] __main__: 002612.SZ 日线数据更新完成(120条)
[13:20:39] [引擎] 2026-07-30 13:20:39 [INFO] __main__: 002657.SZ 日线数据更新完成(120条)
[13:20:39] [引擎] 2026-07-30 13:20:39 [INFO] __main__: 002891.SZ 日线数据更新完成(120条)
[13:20:39] [引擎] 2026-07-30 13:20:39 [INFO] __main__: 600661.SH 日线数据更新完成(120条)
[13:20:39] [引擎] 2026-07-30 13:20:39 [INFO] __main__: 600733.SH 日线数据更新完成(120条)
[13:20:39] [引擎] 2026-07-30 13:20:39 [INFO] __main__: 603988.SH 日线数据更新完成(120条)
[13:20:39] [引擎] 2026-07-30 13:20:39 [INFO] __main__: 603580.SH 日线数据更新完成(120条)
[13:20:39] [引擎] 2026-07-30 13:20:39 [INFO] __main__: 605189.SH 日线数据更新完成(120条)
[13:20:39] [引擎] 2026-07-30 13:20:39 [INFO] __main__: 002585.SZ 日线数据更新完成(120条)
[13:20:39] [引擎] 2026-07-30 13:20:39 [INFO] __main__: 603918.SH 日线数据更新完成(120条)
[13:20:39] [引擎] 2026-07-30 13:20:39 [INFO] __main__: 001309.SZ 日线数据更新完成(120条)
[13:20:39] [引擎] 2026-07-30 13:20:39 [INFO] __main__: 600199.SH 日线数据更新完成(120条)
[13:20:40] [引擎] 2026-07-30 13:20:40 [INFO] __main__: 600722.SH 日线数据更新完成(120条)
[13:21:40] [引擎] 2026-07-30 13:21:40 [INFO] __main__: 检测到 state.json 变更，重新加载
[13:21:40] [引擎] 2026-07-30 13:21:40 [INFO] __main__: 加载盯盘状态: 17 只
[13:21:40] [引擎] 2026-07-30 13:21:40 [INFO] __main__: 000566.SZ 日线数据更新完成(120条)
[13:21:40] [引擎] 2026-07-30 13:21:40 [INFO] __main__: 000948.SZ 日线数据更新完成(120条)
[13:21:40] [引擎] 2026-07-30 13:21:40 [INFO] __main__: 002199.SZ 日线数据更新完成(120条)
[13:21:40] [引擎] 2026-07-30 13:21:40 [INFO] __main__: 002534.SZ 日线数据更新完成(120条)
[13:21:40] [引擎] 2026-07-30 13:21:40 [INFO] __main__: 002612.SZ 日线数据更新完成(120条)
[13:21:40] [引擎] 2026-07-30 13:21:40 [INFO] __main__: 002657.SZ 日线数据更新完成(120条)
[13:21:40] [引擎] 2026-07-30 13:21:40 [INFO] __main__: 002891.SZ 日线数据更新完成(120条)
[13:21:40] [引擎] 2026-07-30 13:21:40 [INFO] __main__: 600661.SH 日线数据更新完成(120条)
[13:21:40] [引擎] 2026-07-30 13:21:40 [INFO] __main__: 600733.SH 日线数据更新完成(120条)
[13:21:40] [引擎] 2026-07-30 13:21:40 [INFO] __main__: 603988.SH 日线数据更新完成(120条)
[13:21:40] [引擎] 2026-07-30 13:21:40 [INFO] __main__: 603580.SH 日线数据更新完成(120条)
[13:21:40] [引擎] 2026-07-30 13:21:40 [INFO] __main__: 605189.SH 日线数据更新完成(120条)
[13:21:40] [引擎] 2026-07-30 13:21:40 [INFO] __main__: 002585.SZ 日线数据更新完成(120条)
[13:21:40] [引擎] 2026-07-30 13:21:40 [INFO] __main__: 603918.SH 日线数据更新完成(120条)
[13:21:40] [引擎] 2026-07-30 13:21:40 [INFO] __main__: 001309.SZ 日线数据更新完成(120条)
[13:21:40] [引擎] 2026-07-30 13:21:40 [INFO] __main__: 600199.SH 日线数据更新完成(120条)
[13:21:40] [引擎] 2026-07-30 13:21:40 [INFO] __main__: 600722.SH 日线数据更新完成(120条)
[13:22:40] [引擎] 2026-07-30 13:22:40 [WARNING] __main__: 000566.SZ 无行情数据（共享内存无数据52次）
[13:22:40] [引擎] 2026-07-30 13:22:40 [WARNING] __main__: 000948.SZ 无行情数据（共享内存无数据53次）
[13:22:40] [引擎] 2026-07-30 13:22:40 [WARNING] __main__: 002199.SZ 无行情数据（共享内存无数据54次）
[13:22:40] [引擎] 2026-07-30 13:22:40 [WARNING] __main__: 002534.SZ 无行情数据（共享内存无数据55次）
[13:22:40] [引擎] 2026-07-30 13:22:40 [WARNING] __main__: 002612.SZ 无行情数据（共享内存无数据56次）
[13:22:40] [引擎] 2026-07-30 13:22:40 [WARNING] __main__: 002657.SZ 无行情数据（共享内存无数据57次）
[13:22:40] [引擎] 2026-07-30 13:22:40 [WARNING] __main__: 002891.SZ 无行情数据（共享内存无数据58次）
[13:22:40] [引擎] 2026-07-30 13:22:40 [WARNING] __main__: 600661.SH 无行情数据（共享内存无数据59次）
[13:22:40] [引擎] 2026-07-30 13:22:40 [WARNING] __main__: 600733.SH 无行情数据（共享内存无数据60次）
[13:22:40] [引擎] 2026-07-30 13:22:40 [WARNING] __main__: 603988.SH 无行情数据（共享内存无数据61次）
[13:22:40] [引擎] 2026-07-30 13:22:40 [WARNING] __main__: 603580.SH 无行情数据（共享内存无数据62次）
[13:22:40] [引擎] 2026-07-30 13:22:40 [WARNING] __main__: 605189.SH 无行情数据（共享内存无数据63次）
[13:22:40] [引擎] 2026-07-30 13:22:40 [WARNING] __main__: 002585.SZ 无行情数据（共享内存无数据64次）
[13:22:40] [引擎] 2026-07-30 13:22:40 [WARNING] __main__: 603918.SH 无行情数据（共享内存无数据65次）
[13:22:40] [引擎] 2026-07-30 13:22:40 [WARNING] __main__: 001309.SZ 无行情数据（共享内存无数据66次）
[13:22:40] [引擎] 2026-07-30 13:22:40 [WARNING] __main__: 600199.SH 无行情数据（共享内存无数据67次）
[13:22:40] [引擎] 2026-07-30 13:22:40 [WARNING] __main__: 600722.SH 无行情数据（共享内存无数据68次）
[13:23:24] 收到信号 15，关闭中...
[13:23:31] 盯盘守护进程已停止
[13:23:31] [watchdog] 启动
[13:23:31] 盯盘守护进程启动
[13:23:32] [引擎] 启动 watchdog...
[13:23:32] [引擎] PID=3201457
[13:23:34] [引擎] 2026-07-30 13:23:34 [INFO] __main__: 加载盯盘状态: 17 只
[13:23:34] [引擎] 2026-07-30 13:23:34 [INFO] __main__: 盯盘循环启动
[13:23:34] [引擎] 2026-07-30 13:23:34 [INFO] __main__: 进入交易时段，开始盯盘扫描
[13:23:34] [引擎] 2026-07-30 13:23:34 [INFO] __main__: 盯盘引擎已启动
[13:23:34] [引擎] 2026-07-30 13:23:34 [INFO] __main__: ==================================================
[13:23:34] [引擎] 2026-07-30 13:23:34 [INFO] __main__: 盯盘引擎已启动！
[13:23:34] [引擎] 2026-07-30 13:23:34 [INFO] __main__: 状态文件: /root/maneki-agent/plays/watchdog/data/state.json
[13:23:34] [引擎] 2026-07-30 13:23:34 [INFO] __main__: 扫描间隔: 60s
[13:23:34] [引擎] 2026-07-30 13:23:34 [INFO] __main__: 盯盘上限: 20 只
[13:23:34] [引擎] 2026-07-30 13:23:34 [INFO] __main__: ==================================================
[13:23:34] [引擎] 2026-07-30 13:23:34 [INFO] __main__: 通过飞书发送指令: 盯/停/盯盘列表/清盯盘
[13:23:34] [引擎] 2026-07-30 13:23:34 [INFO] __main__: 新交易日 20260730，重新订阅 17 只
[13:23:34] [引擎] 2026-07-30 13:23:34 [INFO] __main__: 盯盘心跳 #1: 17只 [海南海药(000566.SZ)[watching], 南天信息(000948.SZ)[watching], 东晶电子(002199.SZ)[watching], 西子洁能(002534.SZ)[entered], 朗姿股份(002612.SZ)[watching], 中科金财(002657.SZ)[watching], 中宠股份(002891.SZ)[watching], 昂立教育(600661.SH)[entered], 北汽蓝谷(600733.SH)[watching], 中电电机(603988.SH)[watching], 艾艾精工(603580.SH)[watching], 富春染织(605189.SH)[watching], 双星新材(002585.SZ)[alerted], 金桥信息(603918.SH)[watching], 德明利(001309.SZ)[watching], 金种子酒(600199.SH)[watching], 金牛化工(600722.SH)[watching]]
[13:23:34] [引擎] 2026-07-30 13:23:34 [INFO] __main__: 000566.SZ 日线数据更新完成(120条)
[13:23:34] [引擎] 2026-07-30 13:23:34 [INFO] __main__: 000948.SZ 日线数据更新完成(120条)
[13:23:35] [引擎] 2026-07-30 13:23:35 [INFO] __main__: 002199.SZ 日线数据更新完成(120条)
[13:23:35] [引擎] 2026-07-30 13:23:35 [INFO] __main__: 002534.SZ 日线数据更新完成(120条)
[13:23:36] [引擎] 2026-07-30 13:23:36 [INFO] __main__: 002612.SZ 日线数据更新完成(120条)
[13:23:36] [引擎] 2026-07-30 13:23:36 [INFO] __main__: 002657.SZ 日线数据更新完成(120条)
[13:23:37] [引擎] 2026-07-30 13:23:37 [INFO] __main__: 002891.SZ 日线数据更新完成(120条)
[13:23:37] [引擎] 2026-07-30 13:23:37 [INFO] __main__: 600661.SH 日线数据更新完成(120条)
[13:23:38] [引擎] 2026-07-30 13:23:38 [INFO] __main__: 600733.SH 日线数据更新完成(120条)
[13:23:38] [引擎] 2026-07-30 13:23:38 [INFO] __main__: 603988.SH 日线数据更新完成(120条)
[13:23:39] [引擎] 2026-07-30 13:23:39 [INFO] __main__: 603580.SH 日线数据更新完成(120条)
[13:23:39] [引擎] 2026-07-30 13:23:39 [INFO] __main__: 605189.SH 日线数据更新完成(120条)
[13:23:40] [引擎] 2026-07-30 13:23:40 [INFO] __main__: 002585.SZ 日线数据更新完成(120条)
[13:23:40] [引擎] 2026-07-30 13:23:40 [INFO] __main__: 603918.SH 日线数据更新完成(120条)
[13:23:41] [引擎] 2026-07-30 13:23:41 [INFO] __main__: 001309.SZ 日线数据更新完成(120条)
[13:23:41] [引擎] 2026-07-30 13:23:41 [INFO] __main__: 600199.SH 日线数据更新完成(120条)
[13:23:42] [引擎] 2026-07-30 13:23:42 [INFO] __main__: 600722.SH 日线数据更新完成(120条)
[13:24:42] [引擎] 2026-07-30 13:24:42 [INFO] __main__: 检测到 state.json 变更，重新加载
[13:24:42] [引擎] 2026-07-30 13:24:42 [INFO] __main__: 加载盯盘状态: 18 只
[13:24:42] [引擎] 2026-07-30 13:24:42 [INFO] __main__: 新增盯盘: {'600105.SH'}
[13:24:42] [引擎] 2026-07-30 13:24:42 [INFO] __main__: 000566.SZ 日线数据更新完成(120条)
[13:24:42] [引擎] 2026-07-30 13:24:42 [INFO] __main__: 000948.SZ 日线数据更新完成(120条)
[13:24:42] [引擎] 2026-07-30 13:24:42 [INFO] __main__: 002199.SZ 日线数据更新完成(120条)
[13:24:42] [引擎] 2026-07-30 13:24:42 [INFO] __main__: 002534.SZ 日线数据更新完成(120条)
[13:24:42] [引擎] 2026-07-30 13:24:42 [INFO] __main__: 002612.SZ 日线数据更新完成(120条)
[13:24:42] [引擎] 2026-07-30 13:24:42 [INFO] __main__: 002657.SZ 日线数据更新完成(120条)
[13:24:42] [引擎] 2026-07-30 13:24:42 [INFO] __main__: 002891.SZ 日线数据更新完成(120条)
[13:24:42] [引擎] 2026-07-30 13:24:42 [INFO] __main__: 600661.SH 日线数据更新完成(120条)
[13:24:42] [引擎] 2026-07-30 13:24:42 [INFO] __main__: 600733.SH 日线数据更新完成(120条)
[13:24:42] [引擎] 2026-07-30 13:24:42 [INFO] __main__: 603988.SH 日线数据更新完成(120条)
[13:24:42] [引擎] 2026-07-30 13:24:42 [INFO] __main__: 603580.SH 日线数据更新完成(120条)
[13:24:42] [引擎] 2026-07-30 13:24:42 [INFO] __main__: 605189.SH 日线数据更新完成(120条)
[13:24:42] [引擎] 2026-07-30 13:24:42 [INFO] __main__: 002585.SZ 日线数据更新完成(120条)
[13:24:42] [引擎] 2026-07-30 13:24:42 [INFO] __main__: 603918.SH 日线数据更新完成(120条)
[13:24:42] [引擎] 2026-07-30 13:24:42 [INFO] __main__: 001309.SZ 日线数据更新完成(120条)
[13:24:42] [引擎] 2026-07-30 13:24:42 [INFO] __main__: 600199.SH 日线数据更新完成(120条)
[13:24:42] [引擎] 2026-07-30 13:24:42 [INFO] __main__: 600722.SH 日线数据更新完成(120条)
[13:24:42] [引擎] 2026-07-30 13:24:42 [INFO] __main__: 600105.SH 日线数据更新完成(120条)
[13:25:42] [引擎] 2026-07-30 13:25:42 [INFO] __main__: 检测到 state.json 变更，重新加载
[13:25:42] [引擎] 2026-07-30 13:25:42 [INFO] __main__: 加载盯盘状态: 18 只
[13:25:42] [引擎] 2026-07-30 13:25:42 [INFO] __main__: 000566.SZ 日线数据更新完成(120条)
[13:25:42] [引擎] 2026-07-30 13:25:42 [INFO] __main__: 000948.SZ 日线数据更新完成(120条)
[13:25:42] [引擎] 2026-07-30 13:25:42 [INFO] __main__: 002199.SZ 日线数据更新完成(120条)
[13:25:42] [引擎] 2026-07-30 13:25:42 [INFO] __main__: 002534.SZ 日线数据更新完成(120条)
[13:25:42] [引擎] 2026-07-30 13:25:42 [INFO] __main__: 002612.SZ 日线数据更新完成(120条)
[13:25:42] [引擎] 2026-07-30 13:25:42 [INFO] __main__: 002657.SZ 日线数据更新完成(120条)
[13:25:42] [引擎] 2026-07-30 13:25:42 [INFO] __main__: 002891.SZ 日线数据更新完成(120条)
[13:25:42] [引擎] 2026-07-30 13:25:42 [INFO] __main__: 600661.SH 日线数据更新完成(120条)
[13:25:42] [引擎] 2026-07-30 13:25:42 [INFO] __main__: 600733.SH 日线数据更新完成(120条)
[13:25:42] [引擎] 2026-07-30 13:25:42 [INFO] __main__: 603988.SH 日线数据更新完成(120条)
[13:25:42] [引擎] 2026-07-30 13:25:42 [INFO] __main__: 603580.SH 日线数据更新完成(120条)
[13:25:42] [引擎] 2026-07-30 13:25:42 [INFO] __main__: 605189.SH 日线数据更新完成(120条)
[13:25:42] [引擎] 2026-07-30 13:25:42 [INFO] __main__: 002585.SZ 日线数据更新完成(120条)
[13:25:42] [引擎] 2026-07-30 13:25:42 [INFO] __main__: 603918.SH 日线数据更新完成(120条)
[13:25:42] [引擎] 2026-07-30 13:25:42 [INFO] __main__: 001309.SZ 日线数据更新完成(120条)
[13:25:42] [引擎] 2026-07-30 13:25:42 [INFO] __main__: 600199.SH 日线数据更新完成(120条)
[13:25:42] [引擎] 2026-07-30 13:25:42 [INFO] __main__: 600722.SH 日线数据更新完成(120条)
[13:25:42] [引擎] 2026-07-30 13:25:42 [INFO] __main__: 600105.SH 日线数据更新完成(120条)
[13:26:44] [引擎] 2026-07-30 13:26:44 [INFO] __main__: 检测到 state.json 变更，重新加载
[13:26:44] [引擎] 2026-07-30 13:26:44 [INFO] __main__: 加载盯盘状态: 18 只
[13:26:44] [引擎] 2026-07-30 13:26:44 [INFO] __main__: 000566.SZ 日线数据更新完成(120条)
[13:26:44] [引擎] 2026-07-30 13:26:44 [INFO] __main__: 000948.SZ 日线数据更新完成(120条)
[13:26:44] [引擎] 2026-07-30 13:26:44 [INFO] __main__: 002199.SZ 日线数据更新完成(120条)
[13:26:44] [引擎] 2026-07-30 13:26:44 [INFO] __main__: 002534.SZ 日线数据更新完成(120条)
[13:26:44] [引擎] 2026-07-30 13:26:44 [INFO] __main__: 002612.SZ 日线数据更新完成(120条)
[13:26:44] [引擎] 2026-07-30 13:26:44 [INFO] __main__: 002657.SZ 日线数据更新完成(120条)
[13:26:44] [引擎] 2026-07-30 13:26:44 [INFO] __main__: 002891.SZ 日线数据更新完成(120条)
[13:26:44] [引擎] 2026-07-30 13:26:44 [INFO] __main__: 600661.SH 日线数据更新完成(120条)
[13:26:44] [引擎] 2026-07-30 13:26:44 [INFO] __main__: 600733.SH 日线数据更新完成(120条)
[13:26:44] [引擎] 2026-07-30 13:26:44 [INFO] __main__: 603988.SH 日线数据更新完成(120条)
[13:26:44] [引擎] 2026-07-30 13:26:44 [INFO] __main__: 603580.SH 日线数据更新完成(120条)
[13:26:44] [引擎] 2026-07-30 13:26:44 [INFO] __main__: 605189.SH 日线数据更新完成(120条)
[13:26:44] [引擎] 2026-07-30 13:26:44 [INFO] __main__: 002585.SZ 日线数据更新完成(120条)
[13:26:44] [引擎] 2026-07-30 13:26:44 [INFO] __main__: 603918.SH 日线数据更新完成(120条)
[13:26:44] [引擎] 2026-07-30 13:26:44 [INFO] __main__: 001309.SZ 日线数据更新完成(120条)
[13:26:44] [引擎] 2026-07-30 13:26:44 [INFO] __main__: 600199.SH 日线数据更新完成(120条)
[13:26:44] [引擎] 2026-07-30 13:26:44 [INFO] __main__: 600722.SH 日线数据更新完成(120条)
[13:26:44] [引擎] 2026-07-30 13:26:44 [INFO] __main__: 600105.SH 日线数据更新完成(120条)
[13:27:44] [引擎] 2026-07-30 13:27:44 [INFO] __main__: 检测到 state.json 变更，重新加载
[13:27:44] [引擎] 2026-07-30 13:27:44 [INFO] __main__: 加载盯盘状态: 18 只
[13:27:44] [引擎] 2026-07-30 13:27:44 [INFO] __main__: 000566.SZ 日线数据更新完成(120条)
[13:27:44] [引擎] 2026-07-30 13:27:44 [INFO] __main__: 000948.SZ 日线数据更新完成(120条)
[13:27:44] [引擎] 2026-07-30 13:27:44 [INFO] __main__: 002199.SZ 日线数据更新完成(120条)
[13:27:44] [引擎] 2026-07-30 13:27:44 [INFO] __main__: 002534.SZ 日线数据更新完成(120条)
[13:27:44] [引擎] 2026-07-30 13:27:44 [INFO] __main__: 002612.SZ 日线数据更新完成(120条)
[13:27:44] [引擎] 2026-07-30 13:27:44 [INFO] __main__: 002657.SZ 日线数据更新完成(120条)
[13:27:44] [引擎] 2026-07-30 13:27:44 [INFO] __main__: 002891.SZ 日线数据更新完成(120条)
[13:27:44] [引擎] 2026-07-30 13:27:44 [INFO] __main__: 600661.SH 日线数据更新完成(120条)
[13:27:44] [引擎] 2026-07-30 13:27:44 [INFO] __main__: 600733.SH 日线数据更新完成(120条)
[13:27:44] [引擎] 2026-07-30 13:27:44 [INFO] __main__: 603988.SH 日线数据更新完成(120条)
[13:27:44] [引擎] 2026-07-30 13:27:44 [INFO] __main__: 603580.SH 日线数据更新完成(120条)
[13:27:44] [引擎] 2026-07-30 13:27:44 [INFO] __main__: 605189.SH 日线数据更新完成(120条)
[13:27:44] [引擎] 2026-07-30 13:27:44 [INFO] __main__: 002585.SZ 日线数据更新完成(120条)
[13:27:44] [引擎] 2026-07-30 13:27:44 [INFO] __main__: 603918.SH 日线数据更新完成(120条)
[13:27:45] [引擎] 2026-07-30 13:27:45 [INFO] __main__: 001309.SZ 日线数据更新完成(120条)
[13:27:45] [引擎] 2026-07-30 13:27:45 [INFO] __main__: 600199.SH 日线数据更新完成(120条)
[13:27:45] [引擎] 2026-07-30 13:27:45 [INFO] __main__: 600722.SH 日线数据更新完成(120条)
[13:27:45] [引擎] 2026-07-30 13:27:45 [INFO] __main__: 600105.SH 日线数据更新完成(120条)
[13:28:45] [引擎] 2026-07-30 13:28:45 [INFO] __main__: 检测到 state.json 变更，重新加载
[13:28:45] [引擎] 2026-07-30 13:28:45 [INFO] __main__: 加载盯盘状态: 18 只
[13:28:45] [引擎] 2026-07-30 13:28:45 [INFO] __main__: 000566.SZ 日线数据更新完成(120条)
[13:28:45] [引擎] 2026-07-30 13:28:45 [INFO] __main__: 000948.SZ 日线数据更新完成(120条)
[13:28:45] [引擎] 2026-07-30 13:28:45 [INFO] __main__: 002199.SZ 日线数据更新完成(120条)
[13:28:45] [引擎] 2026-07-30 13:28:45 [INFO] __main__: 002534.SZ 日线数据更新完成(120条)
[13:28:45] [引擎] 2026-07-30 13:28:45 [INFO] __main__: 002612.SZ 日线数据更新完成(120条)
[13:28:45] [引擎] 2026-07-30 13:28:45 [INFO] __main__: 002657.SZ 日线数据更新完成(120条)
[13:28:45] [引擎] 2026-07-30 13:28:45 [INFO] __main__: 002891.SZ 日线数据更新完成(120条)
[13:28:45] [引擎] 2026-07-30 13:28:45 [INFO] __main__: 600661.SH 日线数据更新完成(120条)
[13:28:45] [引擎] 2026-07-30 13:28:45 [INFO] __main__: 600733.SH 日线数据更新完成(120条)
[13:28:45] [引擎] 2026-07-30 13:28:45 [INFO] __main__: 603988.SH 日线数据更新完成(120条)
[13:28:45] [引擎] 2026-07-30 13:28:45 [INFO] __main__: 603580.SH 日线数据更新完成(120条)
[13:28:45] [引擎] 2026-07-30 13:28:45 [INFO] __main__: 605189.SH 日线数据更新完成(120条)
[13:28:45] [引擎] 2026-07-30 13:28:45 [INFO] __main__: 002585.SZ 日线数据更新完成(120条)
[13:28:45] [引擎] 2026-07-30 13:28:45 [INFO] __main__: 603918.SH 日线数据更新完成(120条)
[13:28:45] [引擎] 2026-07-30 13:28:45 [INFO] __main__: 001309.SZ 日线数据更新完成(120条)
[13:28:45] [引擎] 2026-07-30 13:28:45 [INFO] __main__: 600199.SH 日线数据更新完成(120条)
[13:28:45] [引擎] 2026-07-30 13:28:45 [INFO] __main__: 600722.SH 日线数据更新完成(120条)
[13:28:45] [引擎] 2026-07-30 13:28:45 [INFO] __main__: 600105.SH 日线数据更新完成(120条)
[13:29:45] [引擎] 2026-07-30 13:29:45 [INFO] __main__: 检测到 state.json 变更，重新加载
[13:29:45] [引擎] 2026-07-30 13:29:45 [INFO] __main__: 加载盯盘状态: 18 只
[13:29:45] [引擎] 2026-07-30 13:29:45 [INFO] __main__: 000566.SZ 日线数据更新完成(120条)
[13:29:45] [引擎] 2026-07-30 13:29:45 [INFO] __main__: 000948.SZ 日线数据更新完成(120条)
[13:29:45] [引擎] 2026-07-30 13:29:45 [INFO] __main__: 002199.SZ 日线数据更新完成(120条)
[13:29:45] [引擎] 2026-07-30 13:29:45 [INFO] __main__: 002534.SZ 日线数据更新完成(120条)
[13:29:45] [引擎] 2026-07-30 13:29:45 [INFO] __main__: 002612.SZ 日线数据更新完成(120条)
[13:29:45] [引擎] 2026-07-30 13:29:45 [INFO] __main__: 002657.SZ 日线数据更新完成(120条)
[13:29:45] [引擎] 2026-07-30 13:29:45 [INFO] __main__: 002891.SZ 日线数据更新完成(120条)
[13:29:45] [引擎] 2026-07-30 13:29:45 [INFO] __main__: 600661.SH 日线数据更新完成(120条)
[13:29:45] [引擎] 2026-07-30 13:29:45 [INFO] __main__: 600733.SH 日线数据更新完成(120条)
[13:29:45] [引擎] 2026-07-30 13:29:45 [INFO] __main__: 603988.SH 日线数据更新完成(120条)
[13:29:45] [引擎] 2026-07-30 13:29:45 [INFO] __main__: 603580.SH 日线数据更新完成(120条)
[13:29:45] [引擎] 2026-07-30 13:29:45 [INFO] __main__: 605189.SH 日线数据更新完成(120条)
[13:29:45] [引擎] 2026-07-30 13:29:45 [INFO] __main__: 002585.SZ 日线数据更新完成(120条)
[13:29:45] [引擎] 2026-07-30 13:29:45 [INFO] __main__: 603918.SH 日线数据更新完成(120条)
[13:29:45] [引擎] 2026-07-30 13:29:45 [INFO] __main__: 001309.SZ 日线数据更新完成(120条)
[13:29:45] [引擎] 2026-07-30 13:29:45 [INFO] __main__: 600199.SH 日线数据更新完成(120条)
[13:29:45] [引擎] 2026-07-30 13:29:45 [INFO] __main__: 600722.SH 日线数据更新完成(120条)
[13:29:45] [引擎] 2026-07-30 13:29:45 [INFO] __main__: 600105.SH 日线数据更新完成(120条)
[13:30:45] [引擎] 2026-07-30 13:30:45 [INFO] __main__: 检测到 state.json 变更，重新加载
[13:30:45] [引擎] 2026-07-30 13:30:45 [INFO] __main__: 加载盯盘状态: 19 只
[13:30:45] [引擎] 2026-07-30 13:30:45 [INFO] __main__: 新增盯盘: {'000670.SZ'}
[13:30:45] [引擎] 2026-07-30 13:30:45 [INFO] __main__: 000566.SZ 日线数据更新完成(120条)
[13:30:45] [引擎] 2026-07-30 13:30:45 [INFO] __main__: 000948.SZ 日线数据更新完成(120条)
[13:30:45] [引擎] 2026-07-30 13:30:45 [INFO] __main__: 002199.SZ 日线数据更新完成(120条)
[13:30:45] [引擎] 2026-07-30 13:30:45 [INFO] __main__: 002534.SZ 日线数据更新完成(120条)
[13:30:45] [引擎] 2026-07-30 13:30:45 [INFO] __main__: 002612.SZ 日线数据更新完成(120条)
[13:30:45] [引擎] 2026-07-30 13:30:45 [INFO] __main__: 002657.SZ 日线数据更新完成(120条)
[13:30:45] [引擎] 2026-07-30 13:30:45 [INFO] __main__: 002891.SZ 日线数据更新完成(120条)
[13:30:45] [引擎] 2026-07-30 13:30:45 [INFO] __main__: 600661.SH 日线数据更新完成(120条)
[13:30:45] [引擎] 2026-07-30 13:30:45 [INFO] __main__: 600733.SH 日线数据更新完成(120条)
[13:30:45] [引擎] 2026-07-30 13:30:45 [INFO] __main__: 603988.SH 日线数据更新完成(120条)
[13:30:45] [引擎] 2026-07-30 13:30:45 [INFO] __main__: 603580.SH 日线数据更新完成(120条)
[13:30:45] [引擎] 2026-07-30 13:30:45 [INFO] __main__: 605189.SH 日线数据更新完成(120条)
[13:30:45] [引擎] 2026-07-30 13:30:45 [INFO] __main__: 002585.SZ 日线数据更新完成(120条)
[13:30:45] [引擎] 2026-07-30 13:30:45 [INFO] __main__: 603918.SH 日线数据更新完成(120条)
[13:30:45] [引擎] 2026-07-30 13:30:45 [INFO] __main__: 001309.SZ 日线数据更新完成(120条)
[13:30:45] [引擎] 2026-07-30 13:30:45 [INFO] __main__: 600199.SH 日线数据更新完成(120条)
[13:30:45] [引擎] 2026-07-30 13:30:45 [INFO] __main__: 600722.SH 日线数据更新完成(120条)
[13:30:45] [引擎] 2026-07-30 13:30:45 [INFO] __main__: 600105.SH 日线数据更新完成(120条)
[13:30:46] [引擎] 2026-07-30 13:30:46 [INFO] __main__: 000670.SZ 日线数据更新完成(120条)
[13:31:46] [引擎] 2026-07-30 13:31:46 [INFO] __main__: 检测到 state.json 变更，重新加载
[13:31:46] [引擎] 2026-07-30 13:31:46 [INFO] __main__: 加载盯盘状态: 19 只
[13:31:46] [引擎] 2026-07-30 13:31:46 [INFO] __main__: 000566.SZ 日线数据更新完成(120条)
[13:31:46] [引擎] 2026-07-30 13:31:46 [INFO] __main__: 000948.SZ 日线数据更新完成(120条)
[13:31:46] [引擎] 2026-07-30 13:31:46 [INFO] __main__: 002199.SZ 日线数据更新完成(120条)
[13:31:46] [引擎] 2026-07-30 13:31:46 [INFO] __main__: 002534.SZ 日线数据更新完成(120条)
[13:31:46] [引擎] 2026-07-30 13:31:46 [INFO] __main__: 002612.SZ 日线数据更新完成(120条)
[13:31:46] [引擎] 2026-07-30 13:31:46 [INFO] __main__: 002657.SZ 日线数据更新完成(120条)
[13:31:46] [引擎] 2026-07-30 13:31:46 [INFO] __main__: 002891.SZ 日线数据更新完成(120条)
[13:31:46] [引擎] 2026-07-30 13:31:46 [INFO] __main__: 600661.SH 日线数据更新完成(120条)
[13:31:46] [引擎] 2026-07-30 13:31:46 [INFO] __main__: 600733.SH 日线数据更新完成(120条)
[13:31:46] [引擎] 2026-07-30 13:31:46 [INFO] __main__: 603988.SH 日线数据更新完成(120条)
[13:31:46] [引擎] 2026-07-30 13:31:46 [INFO] __main__: 603580.SH 日线数据更新完成(120条)
[13:31:46] [引擎] 2026-07-30 13:31:46 [INFO] __main__: 605189.SH 日线数据更新完成(120条)
[13:31:46] [引擎] 2026-07-30 13:31:46 [INFO] __main__: 002585.SZ 日线数据更新完成(120条)
[13:31:46] [引擎] 2026-07-30 13:31:46 [INFO] __main__: 603918.SH 日线数据更新完成(120条)
[13:31:46] [引擎] 2026-07-30 13:31:46 [INFO] __main__: 001309.SZ 日线数据更新完成(120条)
[13:31:46] [引擎] 2026-07-30 13:31:46 [INFO] __main__: 600199.SH 日线数据更新完成(120条)
[13:31:46] [引擎] 2026-07-30 13:31:46 [INFO] __main__: 600722.SH 日线数据更新完成(120条)
[13:31:46] [引擎] 2026-07-30 13:31:46 [INFO] __main__: 600105.SH 日线数据更新完成(120条)
[13:31:46] [引擎] 2026-07-30 13:31:46 [INFO] __main__: 000670.SZ 日线数据更新完成(120条)
[13:32:46] [引擎] 2026-07-30 13:32:46 [INFO] __main__: 检测到 state.json 变更，重新加载
[13:32:46] [引擎] 2026-07-30 13:32:46 [INFO] __main__: 加载盯盘状态: 19 只
[13:32:46] [引擎] 2026-07-30 13:32:46 [INFO] __main__: 000566.SZ 日线数据更新完成(120条)
[13:32:46] [引擎] 2026-07-30 13:32:46 [WARNING] __main__: 000566.SZ 无行情数据（共享内存无数据1次）
[13:32:46] [引擎] 2026-07-30 13:32:46 [INFO] __main__: 000948.SZ 日线数据更新完成(120条)
[13:32:46] [引擎] 2026-07-30 13:32:46 [WARNING] __main__: 000948.SZ 无行情数据（共享内存无数据2次）
[13:32:46] [引擎] 2026-07-30 13:32:46 [INFO] __main__: 002199.SZ 日线数据更新完成(120条)
[13:32:46] [引擎] 2026-07-30 13:32:46 [WARNING] __main__: 002199.SZ 无行情数据（共享内存无数据3次）
[13:32:46] [引擎] 2026-07-30 13:32:46 [INFO] __main__: 002534.SZ 日线数据更新完成(120条)
[13:32:46] [引擎] 2026-07-30 13:32:46 [WARNING] __main__: 002534.SZ 无行情数据（共享内存无数据4次）
[13:32:46] [引擎] 2026-07-30 13:32:46 [INFO] __main__: 002612.SZ 日线数据更新完成(120条)
[13:32:46] [引擎] 2026-07-30 13:32:46 [WARNING] __main__: 002612.SZ 无行情数据（共享内存无数据5次）
[13:32:46] [引擎] 2026-07-30 13:32:46 [INFO] __main__: 002657.SZ 日线数据更新完成(120条)
[13:32:46] [引擎] 2026-07-30 13:32:46 [WARNING] __main__: 002657.SZ 无行情数据（共享内存无数据6次）
[13:32:46] [引擎] 2026-07-30 13:32:46 [INFO] __main__: 002891.SZ 日线数据更新完成(120条)
[13:32:46] [引擎] 2026-07-30 13:32:46 [WARNING] __main__: 002891.SZ 无行情数据（共享内存无数据7次）
[13:32:46] [引擎] 2026-07-30 13:32:46 [INFO] __main__: 600661.SH 日线数据更新完成(120条)
[13:32:46] [引擎] 2026-07-30 13:32:46 [WARNING] __main__: 600661.SH 无行情数据（共享内存无数据8次）
[13:32:46] [引擎] 2026-07-30 13:32:46 [INFO] __main__: 600733.SH 日线数据更新完成(120条)
[13:32:46] [引擎] 2026-07-30 13:32:46 [WARNING] __main__: 600733.SH 无行情数据（共享内存无数据9次）
[13:32:46] [引擎] 2026-07-30 13:32:46 [INFO] __main__: 603988.SH 日线数据更新完成(120条)
[13:32:46] [引擎] 2026-07-30 13:32:46 [WARNING] __main__: 603988.SH 无行情数据（共享内存无数据10次）
[13:32:46] [引擎] 2026-07-30 13:32:46 [INFO] __main__: 603580.SH 日线数据更新完成(120条)
[13:32:46] [引擎] 2026-07-30 13:32:46 [WARNING] __main__: 603580.SH 无行情数据（共享内存无数据11次）
[13:32:46] [引擎] 2026-07-30 13:32:46 [INFO] __main__: 605189.SH 日线数据更新完成(120条)
[13:32:46] [引擎] 2026-07-30 13:32:46 [WARNING] __main__: 605189.SH 无行情数据（共享内存无数据12次）
[13:32:46] [引擎] 2026-07-30 13:32:46 [INFO] __main__: 002585.SZ 日线数据更新完成(120条)
[13:32:46] [引擎] 2026-07-30 13:32:46 [WARNING] __main__: 002585.SZ 无行情数据（共享内存无数据13次）
[13:32:46] [引擎] 2026-07-30 13:32:46 [INFO] __main__: 603918.SH 日线数据更新完成(120条)
[13:32:46] [引擎] 2026-07-30 13:32:46 [WARNING] __main__: 603918.SH 无行情数据（共享内存无数据14次）
[13:32:46] [引擎] 2026-07-30 13:32:46 [INFO] __main__: 001309.SZ 日线数据更新完成(120条)
[13:32:46] [引擎] 2026-07-30 13:32:46 [WARNING] __main__: 001309.SZ 无行情数据（共享内存无数据15次）
[13:32:46] [引擎] 2026-07-30 13:32:46 [INFO] __main__: 600199.SH 日线数据更新完成(120条)
[13:32:46] [引擎] 2026-07-30 13:32:46 [WARNING] __main__: 600199.SH 无行情数据（共享内存无数据16次）
[13:32:47] [引擎] 2026-07-30 13:32:47 [INFO] __main__: 600722.SH 日线数据更新完成(120条)
[13:32:47] [引擎] 2026-07-30 13:32:47 [WARNING] __main__: 600722.SH 无行情数据（共享内存无数据17次）
[13:32:47] [引擎] 2026-07-30 13:32:47 [INFO] __main__: 600105.SH 日线数据更新完成(120条)
[13:32:47] [引擎] 2026-07-30 13:32:47 [INFO] __main__: 000670.SZ 日线数据更新完成(120条)
[13:33:47] [引擎] 2026-07-30 13:33:47 [INFO] __main__: 检测到 state.json 变更，重新加载
[13:33:47] [引擎] 2026-07-30 13:33:47 [INFO] __main__: 加载盯盘状态: 19 只
[13:33:47] [引擎] 2026-07-30 13:33:47 [INFO] __main__: 000566.SZ 日线数据更新完成(120条)
[13:33:47] [引擎] 2026-07-30 13:33:47 [INFO] __main__: 000948.SZ 日线数据更新完成(120条)
[13:33:47] [引擎] 2026-07-30 13:33:47 [INFO] __main__: 002199.SZ 日线数据更新完成(120条)
[13:33:47] [引擎] 2026-07-30 13:33:47 [INFO] __main__: 002534.SZ 日线数据更新完成(120条)
[13:33:47] [引擎] 2026-07-30 13:33:47 [INFO] __main__: 002612.SZ 日线数据更新完成(120条)
[13:33:47] [引擎] 2026-07-30 13:33:47 [INFO] __main__: 002657.SZ 日线数据更新完成(120条)
[13:33:47] [引擎] 2026-07-30 13:33:47 [INFO] __main__: 002891.SZ 日线数据更新完成(120条)
[13:33:47] [引擎] 2026-07-30 13:33:47 [INFO] __main__: 600661.SH 日线数据更新完成(120条)
[13:33:47] [引擎] 2026-07-30 13:33:47 [INFO] __main__: 600733.SH 日线数据更新完成(120条)
[13:33:47] [引擎] 2026-07-30 13:33:47 [INFO] __main__: 603988.SH 日线数据更新完成(120条)
[13:33:47] [引擎] 2026-07-30 13:33:47 [INFO] __main__: 603580.SH 日线数据更新完成(120条)
[13:33:47] [引擎] 2026-07-30 13:33:47 [INFO] __main__: 605189.SH 日线数据更新完成(120条)
[13:33:47] [引擎] 2026-07-30 13:33:47 [INFO] __main__: 002585.SZ 日线数据更新完成(120条)
[13:33:47] [引擎] 2026-07-30 13:33:47 [INFO] __main__: 603918.SH 日线数据更新完成(120条)
[13:33:47] [引擎] 2026-07-30 13:33:47 [INFO] __main__: 001309.SZ 日线数据更新完成(120条)
[13:33:47] [引擎] 2026-07-30 13:33:47 [INFO] __main__: 600199.SH 日线数据更新完成(120条)
[13:33:47] [引擎] 2026-07-30 13:33:47 [INFO] __main__: 600722.SH 日线数据更新完成(120条)
[13:33:47] [引擎] 2026-07-30 13:33:47 [INFO] __main__: 600105.SH 日线数据更新完成(120条)
[13:33:47] [引擎] 2026-07-30 13:33:47 [INFO] __main__: 000670.SZ 日线数据更新完成(120条)
[13:34:47] [引擎] 2026-07-30 13:34:47 [INFO] __main__: 检测到 state.json 变更，重新加载
[13:34:47] [引擎] 2026-07-30 13:34:47 [INFO] __main__: 加载盯盘状态: 19 只
[13:34:47] [引擎] 2026-07-30 13:34:47 [INFO] __main__: 000566.SZ 日线数据更新完成(120条)
[13:34:47] [引擎] 2026-07-30 13:34:47 [INFO] __main__: 000948.SZ 日线数据更新完成(120条)
[13:34:47] [引擎] 2026-07-30 13:34:47 [INFO] __main__: 002199.SZ 日线数据更新完成(120条)
[13:34:47] [引擎] 2026-07-30 13:34:47 [INFO] __main__: 002534.SZ 日线数据更新完成(120条)
[13:34:47] [引擎] 2026-07-30 13:34:47 [INFO] __main__: 002612.SZ 日线数据更新完成(120条)
[13:34:47] [引擎] 2026-07-30 13:34:47 [INFO] __main__: 002657.SZ 日线数据更新完成(120条)
[13:34:47] [引擎] 2026-07-30 13:34:47 [INFO] __main__: 002891.SZ 日线数据更新完成(120条)
[13:34:47] [引擎] 2026-07-30 13:34:47 [INFO] __main__: 600661.SH 日线数据更新完成(120条)
[13:34:47] [引擎] 2026-07-30 13:34:47 [INFO] __main__: 600733.SH 日线数据更新完成(120条)
[13:34:47] [引擎] 2026-07-30 13:34:47 [INFO] __main__: 603988.SH 日线数据更新完成(120条)
[13:34:47] [引擎] 2026-07-30 13:34:47 [INFO] __main__: 603580.SH 日线数据更新完成(120条)
[13:34:47] [引擎] 2026-07-30 13:34:47 [INFO] __main__: 605189.SH 日线数据更新完成(120条)
[13:34:47] [引擎] 2026-07-30 13:34:47 [INFO] __main__: 002585.SZ 日线数据更新完成(120条)
[13:34:47] [引擎] 2026-07-30 13:34:47 [INFO] __main__: 603918.SH 日线数据更新完成(120条)
[13:34:47] [引擎] 2026-07-30 13:34:47 [INFO] __main__: 001309.SZ 日线数据更新完成(120条)
[13:34:47] [引擎] 2026-07-30 13:34:47 [INFO] __main__: 600199.SH 日线数据更新完成(120条)
[13:34:47] [引擎] 2026-07-30 13:34:47 [INFO] __main__: 600722.SH 日线数据更新完成(120条)
[13:34:47] [引擎] 2026-07-30 13:34:47 [INFO] __main__: 600105.SH 日线数据更新完成(120条)
[13:34:47] [引擎]   [📡] 买入 600105 永鼎股份 100股 最优价=31.85 (卖一31.85量4000)
[13:34:47] [引擎] 2026-07-30 13:34:47 [WARNING] ctp_client: 指定Ticket已过期。-161309
[13:34:47] [引擎] 2026-07-30 13:34:47 [WARNING] ctp_client: 需重新登录CTP。
[13:34:54] [引擎] 2026-07-30 13:34:54 [INFO] __main__: 飞书推送成功: 📈 永鼎股份(600105.SH) 入场【surge】
[13:34:54] [引擎] 入场价: 31.85
[13:34:54] [引擎] 信号: 放量拉升3.6% 量比2.00 换...
[13:34:54] [引擎] 2026-07-30 13:34:54 [INFO] __main__: 000670.SZ 日线数据更新完成(120条)
[13:35:54] [引擎] 2026-07-30 13:35:54 [INFO] __main__: 检测到 state.json 变更，重新加载
[13:35:54] [引擎] 2026-07-30 13:35:54 [INFO] __main__: 加载盯盘状态: 19 只
[13:35:54] [引擎] 2026-07-30 13:35:54 [INFO] __main__: 000566.SZ 日线数据更新完成(120条)
[13:35:54] [引擎] 2026-07-30 13:35:54 [INFO] __main__: 000948.SZ 日线数据更新完成(120条)
[13:35:54] [引擎] 2026-07-30 13:35:54 [INFO] __main__: 002199.SZ 日线数据更新完成(120条)
[13:35:54] [引擎] 2026-07-30 13:35:54 [INFO] __main__: 002534.SZ 日线数据更新完成(120条)
[13:35:54] [引擎] 2026-07-30 13:35:54 [INFO] __main__: 002612.SZ 日线数据更新完成(120条)
[13:35:54] [引擎] 2026-07-30 13:35:54 [INFO] __main__: 002657.SZ 日线数据更新完成(120条)
[13:35:54] [引擎] 2026-07-30 13:35:54 [INFO] __main__: 002891.SZ 日线数据更新完成(120条)
[13:35:54] [引擎] 2026-07-30 13:35:54 [INFO] __main__: 600661.SH 日线数据更新完成(120条)
[13:35:54] [引擎] 2026-07-30 13:35:54 [INFO] __main__: 600733.SH 日线数据更新完成(120条)
[13:35:54] [引擎] 2026-07-30 13:35:54 [INFO] __main__: 603988.SH 日线数据更新完成(120条)
[13:35:54] [引擎] 2026-07-30 13:35:54 [INFO] __main__: 603580.SH 日线数据更新完成(120条)
[13:35:54] [引擎] 2026-07-30 13:35:54 [INFO] __main__: 605189.SH 日线数据更新完成(120条)
[13:35:54] [引擎] 2026-07-30 13:35:54 [INFO] __main__: 002585.SZ 日线数据更新完成(120条)
[13:35:54] [引擎] 2026-07-30 13:35:54 [INFO] __main__: 603918.SH 日线数据更新完成(120条)
[13:35:54] [引擎] 2026-07-30 13:35:54 [INFO] __main__: 001309.SZ 日线数据更新完成(120条)
[13:35:54] [引擎] 2026-07-30 13:35:54 [INFO] __main__: 600199.SH 日线数据更新完成(120条)
[13:35:54] [引擎] 2026-07-30 13:35:54 [INFO] __main__: 600722.SH 日线数据更新完成(120条)
[13:35:54] [引擎] 2026-07-30 13:35:54 [INFO] __main__: 600105.SH 日线数据更新完成(120条)
[13:35:54] [引擎] 2026-07-30 13:35:54 [INFO] __main__: 000670.SZ 日线数据更新完成(120条)
[13:36:54] [引擎] 2026-07-30 13:36:54 [INFO] __main__: 检测到 state.json 变更，重新加载
[13:36:54] [引擎] 2026-07-30 13:36:54 [INFO] __main__: 加载盯盘状态: 19 只
[13:36:54] [引擎] 2026-07-30 13:36:54 [INFO] __main__: 000566.SZ 日线数据更新完成(120条)
[13:36:54] [引擎] 2026-07-30 13:36:54 [INFO] __main__: 000948.SZ 日线数据更新完成(120条)
[13:36:54] [引擎] 2026-07-30 13:36:54 [INFO] __main__: 002199.SZ 日线数据更新完成(120条)
[13:36:54] [引擎] 2026-07-30 13:36:54 [INFO] __main__: 002534.SZ 日线数据更新完成(120条)
[13:36:54] [引擎] 2026-07-30 13:36:54 [INFO] __main__: 002612.SZ 日线数据更新完成(120条)
[13:36:54] [引擎] 2026-07-30 13:36:54 [INFO] __main__: 002657.SZ 日线数据更新完成(120条)
[13:36:54] [引擎] 2026-07-30 13:36:54 [INFO] __main__: 002891.SZ 日线数据更新完成(120条)
[13:36:54] [引擎] 2026-07-30 13:36:54 [INFO] __main__: 600661.SH 日线数据更新完成(120条)
[13:36:54] [引擎] 2026-07-30 13:36:54 [INFO] __main__: 600733.SH 日线数据更新完成(120条)
[13:36:54] [引擎] 2026-07-30 13:36:54 [INFO] __main__: 603988.SH 日线数据更新完成(120条)
[13:36:54] [引擎] 2026-07-30 13:36:54 [INFO] __main__: 603580.SH 日线数据更新完成(120条)
[13:36:54] [引擎] 2026-07-30 13:36:54 [INFO] __main__: 605189.SH 日线数据更新完成(120条)
[13:36:54] [引擎] 2026-07-30 13:36:54 [INFO] __main__: 002585.SZ 日线数据更新完成(120条)
[13:36:54] [引擎] 2026-07-30 13:36:54 [INFO] __main__: 603918.SH 日线数据更新完成(120条)
[13:36:54] [引擎] 2026-07-30 13:36:54 [INFO] __main__: 001309.SZ 日线数据更新完成(120条)
[13:36:54] [引擎] 2026-07-30 13:36:54 [INFO] __main__: 600199.SH 日线数据更新完成(120条)
[13:36:54] [引擎] 2026-07-30 13:36:54 [INFO] __main__: 600722.SH 日线数据更新完成(120条)
[13:36:54] [引擎] 2026-07-30 13:36:54 [INFO] __main__: 600105.SH 日线数据更新完成(120条)
[13:36:54] [引擎] 2026-07-30 13:36:54 [INFO] __main__: 000670.SZ 日线数据更新完成(120条)
[13:37:54] [引擎] 2026-07-30 13:37:54 [INFO] __main__: 检测到 state.json 变更，重新加载
[13:37:54] [引擎] 2026-07-30 13:37:54 [INFO] __main__: 加载盯盘状态: 19 只
[13:37:55] [引擎] 2026-07-30 13:37:55 [INFO] __main__: 000566.SZ 日线数据更新完成(120条)
[13:37:55] [引擎] 2026-07-30 13:37:55 [INFO] __main__: 000948.SZ 日线数据更新完成(120条)
[13:37:55] [引擎] 2026-07-30 13:37:55 [INFO] __main__: 002199.SZ 日线数据更新完成(120条)
[13:37:55] [引擎] 2026-07-30 13:37:55 [INFO] __main__: 002534.SZ 日线数据更新完成(120条)
[13:37:55] [引擎] 2026-07-30 13:37:55 [INFO] __main__: 002612.SZ 日线数据更新完成(120条)
[13:37:55] [引擎] 2026-07-30 13:37:55 [INFO] __main__: 002657.SZ 日线数据更新完成(120条)
[13:37:55] [引擎] 2026-07-30 13:37:55 [INFO] __main__: 002891.SZ 日线数据更新完成(120条)
[13:37:55] [引擎] 2026-07-30 13:37:55 [INFO] __main__: 600661.SH 日线数据更新完成(120条)
[13:37:55] [引擎] 2026-07-30 13:37:55 [INFO] __main__: 600733.SH 日线数据更新完成(120条)
[13:37:55] [引擎] 2026-07-30 13:37:55 [INFO] __main__: 603988.SH 日线数据更新完成(120条)
[13:37:55] [引擎] 2026-07-30 13:37:55 [INFO] __main__: 603580.SH 日线数据更新完成(120条)
[13:37:55] [引擎] 2026-07-30 13:37:55 [INFO] __main__: 605189.SH 日线数据更新完成(120条)
[13:37:55] [引擎] 2026-07-30 13:37:55 [INFO] __main__: 002585.SZ 日线数据更新完成(120条)
[13:37:55] [引擎] 2026-07-30 13:37:55 [INFO] __main__: 603918.SH 日线数据更新完成(120条)
[13:37:55] [引擎] 2026-07-30 13:37:55 [INFO] __main__: 001309.SZ 日线数据更新完成(120条)
[13:37:55] [引擎] 2026-07-30 13:37:55 [INFO] __main__: 600199.SH 日线数据更新完成(120条)
[13:37:55] [引擎] 2026-07-30 13:37:55 [INFO] __main__: 600722.SH 日线数据更新完成(120条)
[13:37:55] [引擎] 2026-07-30 13:37:55 [INFO] __main__: 600105.SH 日线数据更新完成(120条)
[13:37:55] [引擎] 2026-07-30 13:37:55 [INFO] __main__: 000670.SZ 日线数据更新完成(120条)
[13:38:55] [引擎] 2026-07-30 13:38:55 [INFO] __main__: 检测到 state.json 变更，重新加载
[13:38:55] [引擎] 2026-07-30 13:38:55 [INFO] __main__: 加载盯盘状态: 19 只
[13:38:55] [引擎] 2026-07-30 13:38:55 [INFO] __main__: 000566.SZ 日线数据更新完成(120条)
[13:38:55] [引擎] 2026-07-30 13:38:55 [INFO] __main__: 000948.SZ 日线数据更新完成(120条)
[13:38:55] [引擎] 2026-07-30 13:38:55 [INFO] __main__: 002199.SZ 日线数据更新完成(120条)
[13:38:55] [引擎] 2026-07-30 13:38:55 [INFO] __main__: 002534.SZ 日线数据更新完成(120条)
[13:38:55] [引擎] 2026-07-30 13:38:55 [INFO] __main__: 002612.SZ 日线数据更新完成(120条)
[13:38:55] [引擎] 2026-07-30 13:38:55 [INFO] __main__: 002657.SZ 日线数据更新完成(120条)
[13:38:55] [引擎] 2026-07-30 13:38:55 [INFO] __main__: 002891.SZ 日线数据更新完成(120条)
[13:38:55] [引擎] 2026-07-30 13:38:55 [INFO] __main__: 600661.SH 日线数据更新完成(120条)
[13:38:55] [引擎] 2026-07-30 13:38:55 [INFO] __main__: 600733.SH 日线数据更新完成(120条)
[13:38:55] [引擎] 2026-07-30 13:38:55 [INFO] __main__: 603988.SH 日线数据更新完成(120条)
[13:38:55] [引擎] 2026-07-30 13:38:55 [INFO] __main__: 603580.SH 日线数据更新完成(120条)
[13:38:55] [引擎] 2026-07-30 13:38:55 [INFO] __main__: 605189.SH 日线数据更新完成(120条)
[13:38:55] [引擎] 2026-07-30 13:38:55 [INFO] __main__: 002585.SZ 日线数据更新完成(120条)
[13:38:55] [引擎] 2026-07-30 13:38:55 [INFO] __main__: 603918.SH 日线数据更新完成(120条)
[13:38:55] [引擎] 2026-07-30 13:38:55 [INFO] __main__: 001309.SZ 日线数据更新完成(120条)
[13:38:55] [引擎] 2026-07-30 13:38:55 [INFO] __main__: 600199.SH 日线数据更新完成(120条)
[13:38:55] [引擎] 2026-07-30 13:38:55 [INFO] __main__: 600722.SH 日线数据更新完成(120条)
[13:38:55] [引擎] 2026-07-30 13:38:55 [INFO] __main__: 600105.SH 日线数据更新完成(120条)
[13:38:55] [引擎] 2026-07-30 13:38:55 [INFO] __main__: 000670.SZ 日线数据更新完成(120条)
[13:39:55] [引擎] 2026-07-30 13:39:55 [INFO] __main__: 检测到 state.json 变更，重新加载
[13:39:55] [引擎] 2026-07-30 13:39:55 [INFO] __main__: 加载盯盘状态: 19 只
[13:39:55] [引擎] 2026-07-30 13:39:55 [INFO] __main__: 000566.SZ 日线数据更新完成(120条)
[13:39:55] [引擎] 2026-07-30 13:39:55 [INFO] __main__: 000948.SZ 日线数据更新完成(120条)
[13:39:55] [引擎] 2026-07-30 13:39:55 [INFO] __main__: 002199.SZ 日线数据更新完成(120条)
[13:39:55] [引擎] 2026-07-30 13:39:55 [INFO] __main__: 002534.SZ 日线数据更新完成(120条)
[13:39:55] [引擎] 2026-07-30 13:39:55 [INFO] __main__: 002612.SZ 日线数据更新完成(120条)
[13:39:55] [引擎] 2026-07-30 13:39:55 [INFO] __main__: 002657.SZ 日线数据更新完成(120条)
[13:39:55] [引擎] 2026-07-30 13:39:55 [INFO] __main__: 002891.SZ 日线数据更新完成(120条)
[13:39:55] [引擎] 2026-07-30 13:39:55 [INFO] __main__: 600661.SH 日线数据更新完成(120条)
[13:39:55] [引擎] 2026-07-30 13:39:55 [INFO] __main__: 600733.SH 日线数据更新完成(120条)
[13:39:55] [引擎] 2026-07-30 13:39:55 [INFO] __main__: 603988.SH 日线数据更新完成(120条)
[13:39:55] [引擎] 2026-07-30 13:39:55 [INFO] __main__: 603580.SH 日线数据更新完成(120条)
[13:39:55] [引擎] 2026-07-30 13:39:55 [INFO] __main__: 605189.SH 日线数据更新完成(120条)
[13:39:55] [引擎] 2026-07-30 13:39:55 [INFO] __main__: 002585.SZ 日线数据更新完成(120条)
[13:39:55] [引擎] 2026-07-30 13:39:55 [INFO] __main__: 603918.SH 日线数据更新完成(120条)
[13:39:55] [引擎] 2026-07-30 13:39:55 [INFO] __main__: 001309.SZ 日线数据更新完成(120条)
[13:39:55] [引擎] 2026-07-30 13:39:55 [INFO] __main__: 600199.SH 日线数据更新完成(120条)
[13:39:55] [引擎] 2026-07-30 13:39:55 [INFO] __main__: 600722.SH 日线数据更新完成(120条)
[13:39:55] [引擎] 2026-07-30 13:39:55 [INFO] __main__: 600105.SH 日线数据更新完成(120条)
[13:39:55] [引擎] 2026-07-30 13:39:55 [INFO] __main__: 000670.SZ 日线数据更新完成(120条)
[13:40:55] [引擎] 2026-07-30 13:40:55 [INFO] __main__: 检测到 state.json 变更，重新加载
[13:40:55] [引擎] 2026-07-30 13:40:55 [INFO] __main__: 加载盯盘状态: 19 只
[13:40:55] [引擎] 2026-07-30 13:40:55 [INFO] __main__: 000566.SZ 日线数据更新完成(120条)
[13:40:55] [引擎] 2026-07-30 13:40:55 [INFO] __main__: 000948.SZ 日线数据更新完成(120条)
[13:40:55] [引擎] 2026-07-30 13:40:55 [INFO] __main__: 002199.SZ 日线数据更新完成(120条)
[13:40:55] [引擎] 2026-07-30 13:40:55 [INFO] __main__: 002534.SZ 日线数据更新完成(120条)
[13:40:55] [引擎] 2026-07-30 13:40:55 [INFO] __main__: 002612.SZ 日线数据更新完成(120条)
[13:40:55] [引擎] 2026-07-30 13:40:55 [INFO] __main__: 002657.SZ 日线数据更新完成(120条)
[13:40:55] [引擎] 2026-07-30 13:40:55 [INFO] __main__: 002891.SZ 日线数据更新完成(120条)
[13:40:55] [引擎] 2026-07-30 13:40:55 [INFO] __main__: 600661.SH 日线数据更新完成(120条)
[13:40:55] [引擎] 2026-07-30 13:40:55 [INFO] __main__: 600733.SH 日线数据更新完成(120条)
[13:40:55] [引擎] 2026-07-30 13:40:55 [INFO] __main__: 603988.SH 日线数据更新完成(120条)
[13:40:55] [引擎] 2026-07-30 13:40:55 [INFO] __main__: 603580.SH 日线数据更新完成(120条)
[13:40:55] [引擎] 2026-07-30 13:40:55 [INFO] __main__: 605189.SH 日线数据更新完成(120条)
[13:40:55] [引擎] 2026-07-30 13:40:55 [INFO] __main__: 002585.SZ 日线数据更新完成(120条)
[13:40:55] [引擎] 2026-07-30 13:40:55 [INFO] __main__: 603918.SH 日线数据更新完成(120条)
[13:40:55] [引擎] 2026-07-30 13:40:55 [INFO] __main__: 001309.SZ 日线数据更新完成(120条)
[13:40:55] [引擎] 2026-07-30 13:40:55 [INFO] __main__: 600199.SH 日线数据更新完成(120条)
[13:40:55] [引擎] 2026-07-30 13:40:55 [INFO] __main__: 600722.SH 日线数据更新完成(120条)
[13:40:55] [引擎] 2026-07-30 13:40:55 [INFO] __main__: 600105.SH 日线数据更新完成(120条)
[13:40:56] [引擎] 2026-07-30 13:40:56 [INFO] __main__: 000670.SZ 日线数据更新完成(120条)
[13:41:56] [引擎] 2026-07-30 13:41:56 [INFO] __main__: 检测到 state.json 变更，重新加载
[13:41:56] [引擎] 2026-07-30 13:41:56 [INFO] __main__: 加载盯盘状态: 19 只
[13:41:56] [引擎] 2026-07-30 13:41:56 [INFO] __main__: 000566.SZ 日线数据更新完成(120条)
[13:41:56] [引擎] 2026-07-30 13:41:56 [INFO] __main__: 000948.SZ 日线数据更新完成(120条)
[13:41:56] [引擎] 2026-07-30 13:41:56 [INFO] __main__: 002199.SZ 日线数据更新完成(120条)
[13:41:56] [引擎] 2026-07-30 13:41:56 [INFO] __main__: 002534.SZ 日线数据更新完成(120条)
[13:41:56] [引擎] 2026-07-30 13:41:56 [INFO] __main__: 002612.SZ 日线数据更新完成(120条)
[13:41:56] [引擎] 2026-07-30 13:41:56 [INFO] __main__: 002657.SZ 日线数据更新完成(120条)
[13:41:56] [引擎] 2026-07-30 13:41:56 [INFO] __main__: 002891.SZ 日线数据更新完成(120条)
[13:41:56] [引擎] 2026-07-30 13:41:56 [INFO] __main__: 600661.SH 日线数据更新完成(120条)
[13:41:56] [引擎] 2026-07-30 13:41:56 [INFO] __main__: 600733.SH 日线数据更新完成(120条)
[13:41:56] [引擎] 2026-07-30 13:41:56 [INFO] __main__: 603988.SH 日线数据更新完成(120条)
[13:41:56] [引擎] 2026-07-30 13:41:56 [INFO] __main__: 603580.SH 日线数据更新完成(120条)
[13:41:56] [引擎] 2026-07-30 13:41:56 [INFO] __main__: 605189.SH 日线数据更新完成(120条)
[13:41:56] [引擎] 2026-07-30 13:41:56 [INFO] __main__: 002585.SZ 日线数据更新完成(120条)
[13:41:56] [引擎] 2026-07-30 13:41:56 [INFO] __main__: 603918.SH 日线数据更新完成(120条)
[13:41:56] [引擎] 2026-07-30 13:41:56 [INFO] __main__: 001309.SZ 日线数据更新完成(120条)
[13:41:56] [引擎] 2026-07-30 13:41:56 [INFO] __main__: 600199.SH 日线数据更新完成(120条)
[13:41:56] [引擎] 2026-07-30 13:41:56 [INFO] __main__: 600722.SH 日线数据更新完成(120条)
[13:41:56] [引擎] 2026-07-30 13:41:56 [INFO] __main__: 600105.SH 日线数据更新完成(120条)
[13:41:56] [引擎] 2026-07-30 13:41:56 [INFO] __main__: 000670.SZ 日线数据更新完成(120条)
[13:42:56] [引擎] 2026-07-30 13:42:56 [INFO] __main__: 检测到 state.json 变更，重新加载
[13:42:56] [引擎] 2026-07-30 13:42:56 [INFO] __main__: 加载盯盘状态: 19 只
[13:42:56] [引擎] 2026-07-30 13:42:56 [INFO] __main__: 000566.SZ 日线数据更新完成(120条)
[13:42:56] [引擎] 2026-07-30 13:42:56 [WARNING] __main__: 000566.SZ 无行情数据（共享内存无数据1次）
[13:42:56] [引擎] 2026-07-30 13:42:56 [INFO] __main__: 000948.SZ 日线数据更新完成(120条)
[13:42:56] [引擎] 2026-07-30 13:42:56 [WARNING] __main__: 000948.SZ 无行情数据（共享内存无数据2次）
[13:42:56] [引擎] 2026-07-30 13:42:56 [INFO] __main__: 002199.SZ 日线数据更新完成(120条)
[13:42:56] [引擎] 2026-07-30 13:42:56 [WARNING] __main__: 002199.SZ 无行情数据（共享内存无数据3次）
[13:42:56] [引擎] 2026-07-30 13:42:56 [INFO] __main__: 002534.SZ 日线数据更新完成(120条)
[13:42:56] [引擎] 2026-07-30 13:42:56 [WARNING] __main__: 002534.SZ 无行情数据（共享内存无数据4次）
[13:42:56] [引擎] 2026-07-30 13:42:56 [INFO] __main__: 002612.SZ 日线数据更新完成(120条)
[13:42:56] [引擎] 2026-07-30 13:42:56 [WARNING] __main__: 002612.SZ 无行情数据（共享内存无数据5次）
[13:42:56] [引擎] 2026-07-30 13:42:56 [INFO] __main__: 002657.SZ 日线数据更新完成(120条)
[13:42:56] [引擎] 2026-07-30 13:42:56 [WARNING] __main__: 002657.SZ 无行情数据（共享内存无数据6次）
[13:42:56] [引擎] 2026-07-30 13:42:56 [INFO] __main__: 002891.SZ 日线数据更新完成(120条)
[13:42:56] [引擎] 2026-07-30 13:42:56 [WARNING] __main__: 002891.SZ 无行情数据（共享内存无数据7次）
[13:42:56] [引擎] 2026-07-30 13:42:56 [INFO] __main__: 600661.SH 日线数据更新完成(120条)
[13:42:56] [引擎] 2026-07-30 13:42:56 [WARNING] __main__: 600661.SH 无行情数据（共享内存无数据8次）
[13:42:56] [引擎] 2026-07-30 13:42:56 [INFO] __main__: 600733.SH 日线数据更新完成(120条)
[13:42:56] [引擎] 2026-07-30 13:42:56 [WARNING] __main__: 600733.SH 无行情数据（共享内存无数据9次）
[13:42:56] [引擎] 2026-07-30 13:42:56 [INFO] __main__: 603988.SH 日线数据更新完成(120条)
[13:42:56] [引擎] 2026-07-30 13:42:56 [WARNING] __main__: 603988.SH 无行情数据（共享内存无数据10次）
[13:42:56] [引擎] 2026-07-30 13:42:56 [INFO] __main__: 603580.SH 日线数据更新完成(120条)
[13:42:56] [引擎] 2026-07-30 13:42:56 [WARNING] __main__: 603580.SH 无行情数据（共享内存无数据11次）
[13:42:56] [引擎] 2026-07-30 13:42:56 [INFO] __main__: 605189.SH 日线数据更新完成(120条)
[13:42:56] [引擎] 2026-07-30 13:42:56 [WARNING] __main__: 605189.SH 无行情数据（共享内存无数据12次）
[13:42:56] [引擎] 2026-07-30 13:42:56 [INFO] __main__: 002585.SZ 日线数据更新完成(120条)
[13:42:56] [引擎] 2026-07-30 13:42:56 [WARNING] __main__: 002585.SZ 无行情数据（共享内存无数据13次）
[13:42:56] [引擎] 2026-07-30 13:42:56 [INFO] __main__: 603918.SH 日线数据更新完成(120条)
[13:42:56] [引擎] 2026-07-30 13:42:56 [WARNING] __main__: 603918.SH 无行情数据（共享内存无数据14次）
[13:42:56] [引擎] 2026-07-30 13:42:56 [INFO] __main__: 001309.SZ 日线数据更新完成(120条)
[13:42:56] [引擎] 2026-07-30 13:42:56 [WARNING] __main__: 001309.SZ 无行情数据（共享内存无数据15次）
[13:42:56] [引擎] 2026-07-30 13:42:56 [INFO] __main__: 600199.SH 日线数据更新完成(120条)
[13:42:56] [引擎] 2026-07-30 13:42:56 [WARNING] __main__: 600199.SH 无行情数据（共享内存无数据16次）
[13:42:56] [引擎] 2026-07-30 13:42:56 [INFO] __main__: 600722.SH 日线数据更新完成(120条)
[13:42:56] [引擎] 2026-07-30 13:42:56 [WARNING] __main__: 600722.SH 无行情数据（共享内存无数据17次）
[13:42:56] [引擎] 2026-07-30 13:42:56 [INFO] __main__: 600105.SH 日线数据更新完成(120条)
[13:42:56] [引擎] 2026-07-30 13:42:56 [INFO] __main__: 000670.SZ 日线数据更新完成(120条)
[13:43:56] [引擎] 2026-07-30 13:43:56 [INFO] __main__: 检测到 state.json 变更，重新加载
[13:43:56] [引擎] 2026-07-30 13:43:56 [INFO] __main__: 加载盯盘状态: 19 只
[13:43:56] [引擎] 2026-07-30 13:43:56 [INFO] __main__: 盯盘心跳 #21: 19只 [海南海药(000566.SZ)[watching], 南天信息(000948.SZ)[watching], 东晶电子(002199.SZ)[watching], 西子洁能(002534.SZ)[entered], 朗姿股份(002612.SZ)[watching], 中科金财(002657.SZ)[watching], 中宠股份(002891.SZ)[watching], 昂立教育(600661.SH)[entered], 北汽蓝谷(600733.SH)[watching], 中电电机(603988.SH)[watching], 艾艾精工(603580.SH)[watching], 富春染织(605189.SH)[watching], 双星新材(002585.SZ)[alerted], 金桥信息(603918.SH)[watching], 德明利(001309.SZ)[watching], 金种子酒(600199.SH)[watching], 金牛化工(600722.SH)[watching], 永鼎股份(600105.SH)[entered], 盈方微(000670.SZ)[watching]]
[13:43:56] [引擎] 2026-07-30 13:43:56 [INFO] __main__: 000566.SZ 日线数据更新完成(120条)
[13:43:56] [引擎] 2026-07-30 13:43:56 [INFO] __main__: 000948.SZ 日线数据更新完成(120条)
[13:43:56] [引擎] 2026-07-30 13:43:56 [INFO] __main__: 002199.SZ 日线数据更新完成(120条)
[13:43:56] [引擎] 2026-07-30 13:43:56 [INFO] __main__: 002534.SZ 日线数据更新完成(120条)
[13:43:56] [引擎] 2026-07-30 13:43:56 [INFO] __main__: 002612.SZ 日线数据更新完成(120条)
[13:43:56] [引擎] 2026-07-30 13:43:56 [INFO] __main__: 002657.SZ 日线数据更新完成(120条)
[13:43:56] [引擎] 2026-07-30 13:43:56 [INFO] __main__: 002891.SZ 日线数据更新完成(120条)
[13:43:56] [引擎] 2026-07-30 13:43:56 [INFO] __main__: 600661.SH 日线数据更新完成(120条)
[13:43:56] [引擎] 2026-07-30 13:43:56 [INFO] __main__: 600733.SH 日线数据更新完成(120条)
[13:43:56] [引擎] 2026-07-30 13:43:56 [INFO] __main__: 603988.SH 日线数据更新完成(120条)
[13:43:56] [引擎] 2026-07-30 13:43:56 [INFO] __main__: 603580.SH 日线数据更新完成(120条)
[13:43:56] [引擎] 2026-07-30 13:43:56 [INFO] __main__: 605189.SH 日线数据更新完成(120条)
[13:43:56] [引擎] 2026-07-30 13:43:56 [INFO] __main__: 002585.SZ 日线数据更新完成(120条)
[13:43:56] [引擎] 2026-07-30 13:43:56 [INFO] __main__: 603918.SH 日线数据更新完成(120条)
[13:43:56] [引擎] 2026-07-30 13:43:56 [INFO] __main__: 001309.SZ 日线数据更新完成(120条)
[13:43:56] [引擎] 2026-07-30 13:43:56 [INFO] __main__: 600199.SH 日线数据更新完成(120条)
[13:43:56] [引擎] 2026-07-30 13:43:56 [INFO] __main__: 600722.SH 日线数据更新完成(120条)
[13:43:56] [引擎] 2026-07-30 13:43:56 [INFO] __main__: 600105.SH 日线数据更新完成(120条)
[13:43:56] [引擎] 2026-07-30 13:43:56 [INFO] __main__: 000670.SZ 日线数据更新完成(120条)
[13:44:56] [引擎] 2026-07-30 13:44:56 [INFO] __main__: 检测到 state.json 变更，重新加载
[13:44:56] [引擎] 2026-07-30 13:44:56 [INFO] __main__: 加载盯盘状态: 19 只
[13:44:56] [引擎] 2026-07-30 13:44:56 [INFO] __main__: 000566.SZ 日线数据更新完成(120条)
[13:44:56] [引擎] 2026-07-30 13:44:56 [INFO] __main__: 000948.SZ 日线数据更新完成(120条)
[13:44:56] [引擎] 2026-07-30 13:44:56 [INFO] __main__: 002199.SZ 日线数据更新完成(120条)
[13:44:56] [引擎] 2026-07-30 13:44:56 [INFO] __main__: 002534.SZ 日线数据更新完成(120条)
[13:44:56] [引擎] 2026-07-30 13:44:56 [INFO] __main__: 002612.SZ 日线数据更新完成(120条)
[13:44:56] [引擎] 2026-07-30 13:44:56 [INFO] __main__: 002657.SZ 日线数据更新完成(120条)
[13:44:56] [引擎] 2026-07-30 13:44:56 [INFO] __main__: 002891.SZ 日线数据更新完成(120条)
[13:44:56] [引擎] 2026-07-30 13:44:56 [INFO] __main__: 600661.SH 日线数据更新完成(120条)
[13:44:56] [引擎] 2026-07-30 13:44:56 [INFO] __main__: 600733.SH 日线数据更新完成(120条)
[13:44:56] [引擎] 2026-07-30 13:44:56 [INFO] __main__: 603988.SH 日线数据更新完成(120条)
[13:44:56] [引擎] 2026-07-30 13:44:56 [INFO] __main__: 603580.SH 日线数据更新完成(120条)
[13:44:56] [引擎] 2026-07-30 13:44:56 [INFO] __main__: 605189.SH 日线数据更新完成(120条)
[13:44:57] [引擎] 2026-07-30 13:44:57 [INFO] __main__: 002585.SZ 日线数据更新完成(120条)
[13:44:57] [引擎] 2026-07-30 13:44:57 [INFO] __main__: 603918.SH 日线数据更新完成(120条)
[13:44:57] [引擎] 2026-07-30 13:44:57 [INFO] __main__: 001309.SZ 日线数据更新完成(120条)
[13:44:57] [引擎] 2026-07-30 13:44:57 [INFO] __main__: 600199.SH 日线数据更新完成(120条)
[13:44:57] [引擎] 2026-07-30 13:44:57 [INFO] __main__: 600722.SH 日线数据更新完成(120条)
[13:44:57] [引擎] 2026-07-30 13:44:57 [INFO] __main__: 600105.SH 日线数据更新完成(120条)
[13:44:57] [引擎] 2026-07-30 13:44:57 [INFO] __main__: 000670.SZ 日线数据更新完成(120条)
[13:45:57] [引擎] 2026-07-30 13:45:57 [INFO] __main__: 检测到 state.json 变更，重新加载
[13:45:57] [引擎] 2026-07-30 13:45:57 [INFO] __main__: 加载盯盘状态: 19 只
[13:45:57] [引擎] 2026-07-30 13:45:57 [INFO] __main__: 000566.SZ 日线数据更新完成(120条)
[13:45:57] [引擎] 2026-07-30 13:45:57 [INFO] __main__: 000948.SZ 日线数据更新完成(120条)
[13:45:57] [引擎] 2026-07-30 13:45:57 [INFO] __main__: 002199.SZ 日线数据更新完成(120条)
[13:45:57] [引擎] 2026-07-30 13:45:57 [INFO] __main__: 002534.SZ 日线数据更新完成(120条)
[13:45:57] [引擎] 2026-07-30 13:45:57 [INFO] __main__: 002612.SZ 日线数据更新完成(120条)
[13:45:57] [引擎] 2026-07-30 13:45:57 [INFO] __main__: 002657.SZ 日线数据更新完成(120条)
[13:45:57] [引擎] 2026-07-30 13:45:57 [INFO] __main__: 002891.SZ 日线数据更新完成(120条)
[13:45:57] [引擎] 2026-07-30 13:45:57 [INFO] __main__: 600661.SH 日线数据更新完成(120条)
[13:45:57] [引擎] 2026-07-30 13:45:57 [INFO] __main__: 600733.SH 日线数据更新完成(120条)
[13:45:57] [引擎] 2026-07-30 13:45:57 [INFO] __main__: 603988.SH 日线数据更新完成(120条)
[13:45:57] [引擎] 2026-07-30 13:45:57 [INFO] __main__: 603580.SH 日线数据更新完成(120条)
[13:45:57] [引擎] 2026-07-30 13:45:57 [INFO] __main__: 605189.SH 日线数据更新完成(120条)
[13:45:57] [引擎] 2026-07-30 13:45:57 [INFO] __main__: 002585.SZ 日线数据更新完成(120条)
[13:45:57] [引擎] 2026-07-30 13:45:57 [INFO] __main__: 603918.SH 日线数据更新完成(120条)
[13:45:57] [引擎] 2026-07-30 13:45:57 [INFO] __main__: 001309.SZ 日线数据更新完成(120条)
[13:45:57] [引擎] 2026-07-30 13:45:57 [INFO] __main__: 600199.SH 日线数据更新完成(120条)
[13:45:57] [引擎] 2026-07-30 13:45:57 [INFO] __main__: 600722.SH 日线数据更新完成(120条)
[13:45:57] [引擎] 2026-07-30 13:45:57 [INFO] __main__: 600105.SH 日线数据更新完成(120条)
[13:45:57] [引擎] 2026-07-30 13:45:57 [INFO] __main__: 000670.SZ 日线数据更新完成(120条)
[13:46:57] [引擎] 2026-07-30 13:46:57 [INFO] __main__: 检测到 state.json 变更，重新加载
[13:46:57] [引擎] 2026-07-30 13:46:57 [INFO] __main__: 加载盯盘状态: 19 只
[13:46:57] [引擎] 2026-07-30 13:46:57 [INFO] __main__: 000566.SZ 日线数据更新完成(120条)
[13:46:57] [引擎] 2026-07-30 13:46:57 [INFO] __main__: 000948.SZ 日线数据更新完成(120条)
[13:46:57] [引擎] 2026-07-30 13:46:57 [INFO] __main__: 002199.SZ 日线数据更新完成(120条)
[13:46:57] [引擎] 2026-07-30 13:46:57 [INFO] __main__: 002534.SZ 日线数据更新完成(120条)
[13:46:57] [引擎] 2026-07-30 13:46:57 [INFO] __main__: 002612.SZ 日线数据更新完成(120条)
[13:46:57] [引擎] 2026-07-30 13:46:57 [INFO] __main__: 002657.SZ 日线数据更新完成(120条)
[13:46:57] [引擎] 2026-07-30 13:46:57 [INFO] __main__: 002891.SZ 日线数据更新完成(120条)
[13:46:57] [引擎] 2026-07-30 13:46:57 [INFO] __main__: 600661.SH 日线数据更新完成(120条)
[13:46:57] [引擎] 2026-07-30 13:46:57 [INFO] __main__: 600733.SH 日线数据更新完成(120条)
[13:46:57] [引擎] 2026-07-30 13:46:57 [INFO] __main__: 603988.SH 日线数据更新完成(120条)
[13:46:57] [引擎] 2026-07-30 13:46:57 [INFO] __main__: 603580.SH 日线数据更新完成(120条)
[13:46:57] [引擎] 2026-07-30 13:46:57 [INFO] __main__: 605189.SH 日线数据更新完成(120条)
[13:46:57] [引擎] 2026-07-30 13:46:57 [INFO] __main__: 002585.SZ 日线数据更新完成(120条)
[13:46:57] [引擎] 2026-07-30 13:46:57 [INFO] __main__: 603918.SH 日线数据更新完成(120条)
[13:46:57] [引擎] 2026-07-30 13:46:57 [INFO] __main__: 001309.SZ 日线数据更新完成(120条)
[13:46:57] [引擎] 2026-07-30 13:46:57 [INFO] __main__: 600199.SH 日线数据更新完成(120条)
[13:46:57] [引擎] 2026-07-30 13:46:57 [INFO] __main__: 600722.SH 日线数据更新完成(120条)
[13:46:57] [引擎] 2026-07-30 13:46:57 [INFO] __main__: 600105.SH 日线数据更新完成(120条)
[13:46:57] [引擎] 2026-07-30 13:46:57 [INFO] __main__: 000670.SZ 日线数据更新完成(120条)
[13:47:57] [引擎] 2026-07-30 13:47:57 [INFO] __main__: 检测到 state.json 变更，重新加载
[13:47:57] [引擎] 2026-07-30 13:47:57 [INFO] __main__: 加载盯盘状态: 19 只
[13:47:57] [引擎] 2026-07-30 13:47:57 [INFO] __main__: 000566.SZ 日线数据更新完成(120条)
[13:47:57] [引擎] 2026-07-30 13:47:57 [INFO] __main__: 000948.SZ 日线数据更新完成(120条)
[13:47:57] [引擎] 2026-07-30 13:47:57 [INFO] __main__: 002199.SZ 日线数据更新完成(120条)
[13:47:57] [引擎] 2026-07-30 13:47:57 [INFO] __main__: 002534.SZ 日线数据更新完成(120条)
[13:47:57] [引擎] 2026-07-30 13:47:57 [INFO] __main__: 002612.SZ 日线数据更新完成(120条)
[13:47:57] [引擎] 2026-07-30 13:47:57 [INFO] __main__: 002657.SZ 日线数据更新完成(120条)
[13:47:57] [引擎] 2026-07-30 13:47:57 [INFO] __main__: 002891.SZ 日线数据更新完成(120条)
[13:47:57] [引擎] 2026-07-30 13:47:57 [INFO] __main__: 600661.SH 日线数据更新完成(120条)
[13:47:57] [引擎] 2026-07-30 13:47:57 [INFO] __main__: 600733.SH 日线数据更新完成(120条)
[13:47:57] [引擎] 2026-07-30 13:47:57 [INFO] __main__: 603988.SH 日线数据更新完成(120条)
[13:47:57] [引擎] 2026-07-30 13:47:57 [INFO] __main__: 603580.SH 日线数据更新完成(120条)
[13:47:57] [引擎] 2026-07-30 13:47:57 [INFO] __main__: 605189.SH 日线数据更新完成(120条)
[13:47:57] [引擎] 2026-07-30 13:47:57 [INFO] __main__: 002585.SZ 日线数据更新完成(120条)
[13:47:57] [引擎] 2026-07-30 13:47:57 [INFO] __main__: 603918.SH 日线数据更新完成(120条)
[13:47:57] [引擎] 2026-07-30 13:47:57 [INFO] __main__: 001309.SZ 日线数据更新完成(120条)
[13:47:57] [引擎] 2026-07-30 13:47:57 [INFO] __main__: 600199.SH 日线数据更新完成(120条)
[13:47:57] [引擎] 2026-07-30 13:47:57 [INFO] __main__: 600722.SH 日线数据更新完成(120条)
[13:47:57] [引擎] 2026-07-30 13:47:57 [INFO] __main__: 600105.SH 日线数据更新完成(120条)
[13:47:57] [引擎] 2026-07-30 13:47:57 [INFO] __main__: 000670.SZ 日线数据更新完成(120条)
[13:48:57] [引擎] 2026-07-30 13:48:57 [INFO] __main__: 检测到 state.json 变更，重新加载
[13:48:57] [引擎] 2026-07-30 13:48:57 [INFO] __main__: 加载盯盘状态: 19 只
[13:48:57] [引擎] 2026-07-30 13:48:57 [INFO] __main__: 000566.SZ 日线数据更新完成(120条)
[13:48:58] [引擎] 2026-07-30 13:48:58 [INFO] __main__: 000948.SZ 日线数据更新完成(120条)
[13:48:58] [引擎] 2026-07-30 13:48:58 [INFO] __main__: 002199.SZ 日线数据更新完成(120条)
[13:48:58] [引擎] 2026-07-30 13:48:58 [INFO] __main__: 002534.SZ 日线数据更新完成(120条)
[13:48:58] [引擎] 2026-07-30 13:48:58 [INFO] __main__: 002612.SZ 日线数据更新完成(120条)
[13:48:58] [引擎] 2026-07-30 13:48:58 [INFO] __main__: 002657.SZ 日线数据更新完成(120条)
[13:48:58] [引擎] 2026-07-30 13:48:58 [INFO] __main__: 002891.SZ 日线数据更新完成(120条)
[13:48:58] [引擎] 2026-07-30 13:48:58 [INFO] __main__: 600661.SH 日线数据更新完成(120条)
[13:48:58] [引擎] 2026-07-30 13:48:58 [INFO] __main__: 600733.SH 日线数据更新完成(120条)
[13:48:58] [引擎] 2026-07-30 13:48:58 [INFO] __main__: 603988.SH 日线数据更新完成(120条)
[13:48:58] [引擎] 2026-07-30 13:48:58 [INFO] __main__: 603580.SH 日线数据更新完成(120条)
[13:48:58] [引擎] 2026-07-30 13:48:58 [INFO] __main__: 605189.SH 日线数据更新完成(120条)
[13:48:58] [引擎] 2026-07-30 13:48:58 [INFO] __main__: 002585.SZ 日线数据更新完成(120条)
[13:48:58] [引擎] 2026-07-30 13:48:58 [INFO] __main__: 603918.SH 日线数据更新完成(120条)
[13:48:58] [引擎] 2026-07-30 13:48:58 [INFO] __main__: 001309.SZ 日线数据更新完成(120条)
[13:48:58] [引擎] 2026-07-30 13:48:58 [INFO] __main__: 600199.SH 日线数据更新完成(120条)
[13:48:58] [引擎] 2026-07-30 13:48:58 [INFO] __main__: 600722.SH 日线数据更新完成(120条)
[13:48:58] [引擎] 2026-07-30 13:48:58 [INFO] __main__: 600105.SH 日线数据更新完成(120条)
[13:48:58] [引擎] 2026-07-30 13:48:58 [INFO] __main__: 000670.SZ 日线数据更新完成(120条)
[13:49:58] [引擎] 2026-07-30 13:49:58 [INFO] __main__: 检测到 state.json 变更，重新加载
[13:49:58] [引擎] 2026-07-30 13:49:58 [INFO] __main__: 加载盯盘状态: 21 只
[13:49:58] [引擎] 2026-07-30 13:49:58 [INFO] __main__: 新增盯盘: {'603327.SH', '000506.SZ'}
[13:49:58] [引擎] 2026-07-30 13:49:58 [INFO] __main__: 000566.SZ 日线数据更新完成(120条)
[13:49:58] [引擎] 2026-07-30 13:49:58 [INFO] __main__: 000948.SZ 日线数据更新完成(120条)
[13:49:58] [引擎] 2026-07-30 13:49:58 [INFO] __main__: 002199.SZ 日线数据更新完成(120条)
[13:49:58] [引擎] 2026-07-30 13:49:58 [INFO] __main__: 002534.SZ 日线数据更新完成(120条)
[13:49:58] [引擎] 2026-07-30 13:49:58 [INFO] __main__: 002612.SZ 日线数据更新完成(120条)
[13:49:58] [引擎] 2026-07-30 13:49:58 [INFO] __main__: 002657.SZ 日线数据更新完成(120条)
[13:49:58] [引擎] 2026-07-30 13:49:58 [INFO] __main__: 002891.SZ 日线数据更新完成(120条)
[13:49:58] [引擎] 2026-07-30 13:49:58 [INFO] __main__: 600661.SH 日线数据更新完成(120条)
[13:49:58] [引擎] 2026-07-30 13:49:58 [INFO] __main__: 600733.SH 日线数据更新完成(120条)
[13:49:58] [引擎] 2026-07-30 13:49:58 [INFO] __main__: 603988.SH 日线数据更新完成(120条)
[13:49:58] [引擎] 2026-07-30 13:49:58 [INFO] __main__: 603580.SH 日线数据更新完成(120条)
[13:49:58] [引擎] 2026-07-30 13:49:58 [INFO] __main__: 605189.SH 日线数据更新完成(120条)
[13:49:58] [引擎] 2026-07-30 13:49:58 [INFO] __main__: 002585.SZ 日线数据更新完成(120条)
[13:49:58] [引擎] 2026-07-30 13:49:58 [INFO] __main__: 603918.SH 日线数据更新完成(120条)
[13:49:58] [引擎] 2026-07-30 13:49:58 [INFO] __main__: 001309.SZ 日线数据更新完成(120条)
[13:49:58] [引擎] 2026-07-30 13:49:58 [INFO] __main__: 600199.SH 日线数据更新完成(120条)
[13:49:58] [引擎] 2026-07-30 13:49:58 [INFO] __main__: 600722.SH 日线数据更新完成(120条)
[13:49:58] [引擎] 2026-07-30 13:49:58 [INFO] __main__: 600105.SH 日线数据更新完成(120条)
[13:49:58] [引擎] 2026-07-30 13:49:58 [INFO] __main__: 000670.SZ 日线数据更新完成(120条)
[13:49:59] [引擎] 2026-07-30 13:49:59 [INFO] __main__: 000506.SZ 日线数据更新完成(120条)
[13:49:59] [引擎] 2026-07-30 13:49:59 [INFO] __main__: 603327.SH 日线数据更新完成(120条)
[13:50:59] [引擎] 2026-07-30 13:50:59 [INFO] __main__: 检测到 state.json 变更，重新加载
[13:50:59] [引擎] 2026-07-30 13:50:59 [INFO] __main__: 加载盯盘状态: 21 只
[13:50:59] [引擎] 2026-07-30 13:50:59 [INFO] __main__: 000566.SZ 日线数据更新完成(120条)
[13:50:59] [引擎] 2026-07-30 13:50:59 [INFO] __main__: 000948.SZ 日线数据更新完成(120条)
[13:50:59] [引擎] 2026-07-30 13:50:59 [INFO] __main__: 002199.SZ 日线数据更新完成(120条)
[13:50:59] [引擎] 2026-07-30 13:50:59 [INFO] __main__: 002534.SZ 日线数据更新完成(120条)
[13:50:59] [引擎] 2026-07-30 13:50:59 [INFO] __main__: 002612.SZ 日线数据更新完成(120条)
[13:50:59] [引擎] 2026-07-30 13:50:59 [INFO] __main__: 002657.SZ 日线数据更新完成(120条)
[13:50:59] [引擎] 2026-07-30 13:50:59 [INFO] __main__: 002891.SZ 日线数据更新完成(120条)
[13:50:59] [引擎] 2026-07-30 13:50:59 [INFO] __main__: 600661.SH 日线数据更新完成(120条)
[13:50:59] [引擎] 2026-07-30 13:50:59 [INFO] __main__: 600733.SH 日线数据更新完成(120条)
[13:50:59] [引擎] 2026-07-30 13:50:59 [INFO] __main__: 603988.SH 日线数据更新完成(120条)
[13:50:59] [引擎] 2026-07-30 13:50:59 [INFO] __main__: 603580.SH 日线数据更新完成(120条)
[13:50:59] [引擎] 2026-07-30 13:50:59 [INFO] __main__: 605189.SH 日线数据更新完成(120条)
[13:50:59] [引擎] 2026-07-30 13:50:59 [INFO] __main__: 002585.SZ 日线数据更新完成(120条)
[13:50:59] [引擎] 2026-07-30 13:50:59 [INFO] __main__: 603918.SH 日线数据更新完成(120条)
[13:50:59] [引擎] 2026-07-30 13:50:59 [INFO] __main__: 001309.SZ 日线数据更新完成(120条)
[13:50:59] [引擎] 2026-07-30 13:50:59 [INFO] __main__: 600199.SH 日线数据更新完成(120条)
[13:50:59] [引擎] 2026-07-30 13:50:59 [INFO] __main__: 600722.SH 日线数据更新完成(120条)
[13:50:59] [引擎] 2026-07-30 13:50:59 [INFO] __main__: 600105.SH 日线数据更新完成(120条)
[13:50:59] [引擎] 2026-07-30 13:50:59 [INFO] __main__: 000670.SZ 日线数据更新完成(120条)
[13:50:59] [引擎] 2026-07-30 13:50:59 [INFO] __main__: 000506.SZ 日线数据更新完成(120条)
[13:51:00] [引擎] 2026-07-30 13:51:00 [INFO] __main__: 603327.SH 日线数据更新完成(120条)
[13:52:00] [引擎] 2026-07-30 13:52:00 [INFO] __main__: 检测到 state.json 变更，重新加载
[13:52:00] [引擎] 2026-07-30 13:52:00 [INFO] __main__: 加载盯盘状态: 21 只
[13:52:00] [引擎] 2026-07-30 13:52:00 [INFO] __main__: 000566.SZ 日线数据更新完成(120条)
[13:52:00] [引擎] 2026-07-30 13:52:00 [INFO] __main__: 000948.SZ 日线数据更新完成(120条)
[13:52:00] [引擎] 2026-07-30 13:52:00 [INFO] __main__: 002199.SZ 日线数据更新完成(120条)
[13:52:00] [引擎] 2026-07-30 13:52:00 [INFO] __main__: 002534.SZ 日线数据更新完成(120条)
[13:52:00] [引擎] 2026-07-30 13:52:00 [INFO] __main__: 002612.SZ 日线数据更新完成(120条)
[13:52:00] [引擎] 2026-07-30 13:52:00 [INFO] __main__: 002657.SZ 日线数据更新完成(120条)
[13:52:00] [引擎] 2026-07-30 13:52:00 [INFO] __main__: 002891.SZ 日线数据更新完成(120条)
[13:52:00] [引擎] 2026-07-30 13:52:00 [INFO] __main__: 600661.SH 日线数据更新完成(120条)
[13:52:00] [引擎] 2026-07-30 13:52:00 [INFO] __main__: 600733.SH 日线数据更新完成(120条)
[13:52:00] [引擎] 2026-07-30 13:52:00 [INFO] __main__: 603988.SH 日线数据更新完成(120条)
[13:52:00] [引擎] 2026-07-30 13:52:00 [INFO] __main__: 603580.SH 日线数据更新完成(120条)
[13:52:00] [引擎] 2026-07-30 13:52:00 [INFO] __main__: 605189.SH 日线数据更新完成(120条)
[13:52:00] [引擎] 2026-07-30 13:52:00 [INFO] __main__: 002585.SZ 日线数据更新完成(120条)
[13:52:00] [引擎] 2026-07-30 13:52:00 [INFO] __main__: 603918.SH 日线数据更新完成(120条)
[13:52:00] [引擎] 2026-07-30 13:52:00 [INFO] __main__: 001309.SZ 日线数据更新完成(120条)
[13:52:00] [引擎] 2026-07-30 13:52:00 [INFO] __main__: 600199.SH 日线数据更新完成(120条)
[13:52:00] [引擎] 2026-07-30 13:52:00 [INFO] __main__: 600722.SH 日线数据更新完成(120条)
[13:52:00] [引擎] 2026-07-30 13:52:00 [INFO] __main__: 600105.SH 日线数据更新完成(120条)
[13:52:00] [引擎] 2026-07-30 13:52:00 [INFO] __main__: 000670.SZ 日线数据更新完成(120条)
[13:52:01] [引擎] 2026-07-30 13:52:01 [INFO] __main__: 000506.SZ 日线数据更新完成(120条)
[13:52:01] [引擎] 2026-07-30 13:52:01 [INFO] __main__: 603327.SH 日线数据更新完成(120条)
[13:53:01] [引擎] 2026-07-30 13:53:01 [INFO] __main__: 检测到 state.json 变更，重新加载
[13:53:01] [引擎] 2026-07-30 13:53:01 [INFO] __main__: 加载盯盘状态: 21 只
[13:53:01] [引擎] 2026-07-30 13:53:01 [INFO] __main__: 000566.SZ 日线数据更新完成(120条)
[13:53:01] [引擎] 2026-07-30 13:53:01 [WARNING] __main__: 000566.SZ 无行情数据（共享内存无数据1次）
[13:53:01] [引擎] 2026-07-30 13:53:01 [INFO] __main__: 000948.SZ 日线数据更新完成(120条)
[13:53:01] [引擎] 2026-07-30 13:53:01 [WARNING] __main__: 000948.SZ 无行情数据（共享内存无数据2次）
[13:53:01] [引擎] 2026-07-30 13:53:01 [INFO] __main__: 002199.SZ 日线数据更新完成(120条)
[13:53:01] [引擎] 2026-07-30 13:53:01 [WARNING] __main__: 002199.SZ 无行情数据（共享内存无数据3次）
[13:53:01] [引擎] 2026-07-30 13:53:01 [INFO] __main__: 002534.SZ 日线数据更新完成(120条)
[13:53:01] [引擎] 2026-07-30 13:53:01 [WARNING] __main__: 002534.SZ 无行情数据（共享内存无数据4次）
[13:53:01] [引擎] 2026-07-30 13:53:01 [INFO] __main__: 002612.SZ 日线数据更新完成(120条)
[13:53:01] [引擎] 2026-07-30 13:53:01 [WARNING] __main__: 002612.SZ 无行情数据（共享内存无数据5次）
[13:53:01] [引擎] 2026-07-30 13:53:01 [INFO] __main__: 002657.SZ 日线数据更新完成(120条)
[13:53:01] [引擎] 2026-07-30 13:53:01 [WARNING] __main__: 002657.SZ 无行情数据（共享内存无数据6次）
[13:53:01] [引擎] 2026-07-30 13:53:01 [INFO] __main__: 002891.SZ 日线数据更新完成(120条)
[13:53:01] [引擎] 2026-07-30 13:53:01 [WARNING] __main__: 002891.SZ 无行情数据（共享内存无数据7次）
[13:53:01] [引擎] 2026-07-30 13:53:01 [INFO] __main__: 600661.SH 日线数据更新完成(120条)
[13:53:01] [引擎] 2026-07-30 13:53:01 [WARNING] __main__: 600661.SH 无行情数据（共享内存无数据8次）
[13:53:01] [引擎] 2026-07-30 13:53:01 [INFO] __main__: 600733.SH 日线数据更新完成(120条)
[13:53:01] [引擎] 2026-07-30 13:53:01 [WARNING] __main__: 600733.SH 无行情数据（共享内存无数据9次）
[13:53:01] [引擎] 2026-07-30 13:53:01 [INFO] __main__: 603988.SH 日线数据更新完成(120条)
[13:53:01] [引擎] 2026-07-30 13:53:01 [WARNING] __main__: 603988.SH 无行情数据（共享内存无数据10次）
[13:53:01] [引擎] 2026-07-30 13:53:01 [INFO] __main__: 603580.SH 日线数据更新完成(120条)
[13:53:01] [引擎] 2026-07-30 13:53:01 [WARNING] __main__: 603580.SH 无行情数据（共享内存无数据11次）
[13:53:01] [引擎] 2026-07-30 13:53:01 [INFO] __main__: 605189.SH 日线数据更新完成(120条)
[13:53:01] [引擎] 2026-07-30 13:53:01 [WARNING] __main__: 605189.SH 无行情数据（共享内存无数据12次）
[13:53:01] [引擎] 2026-07-30 13:53:01 [INFO] __main__: 002585.SZ 日线数据更新完成(120条)
[13:53:01] [引擎] 2026-07-30 13:53:01 [WARNING] __main__: 002585.SZ 无行情数据（共享内存无数据13次）
[13:53:01] [引擎] 2026-07-30 13:53:01 [INFO] __main__: 603918.SH 日线数据更新完成(120条)
[13:53:01] [引擎] 2026-07-30 13:53:01 [WARNING] __main__: 603918.SH 无行情数据（共享内存无数据14次）
[13:53:01] [引擎] 2026-07-30 13:53:01 [INFO] __main__: 001309.SZ 日线数据更新完成(120条)
[13:53:01] [引擎] 2026-07-30 13:53:01 [WARNING] __main__: 001309.SZ 无行情数据（共享内存无数据15次）
[13:53:01] [引擎] 2026-07-30 13:53:01 [INFO] __main__: 600199.SH 日线数据更新完成(120条)
[13:53:01] [引擎] 2026-07-30 13:53:01 [WARNING] __main__: 600199.SH 无行情数据（共享内存无数据16次）
[13:53:01] [引擎] 2026-07-30 13:53:01 [INFO] __main__: 600722.SH 日线数据更新完成(120条)
[13:53:01] [引擎] 2026-07-30 13:53:01 [WARNING] __main__: 600722.SH 无行情数据（共享内存无数据17次）
[13:53:01] [引擎] 2026-07-30 13:53:01 [INFO] __main__: 600105.SH 日线数据更新完成(120条)
[13:53:01] [引擎] 2026-07-30 13:53:01 [INFO] __main__: 000670.SZ 日线数据更新完成(120条)
[13:53:01] [引擎] 2026-07-30 13:53:01 [INFO] __main__: 000506.SZ 日线数据更新完成(120条)
[13:53:01] [引擎] 2026-07-30 13:53:01 [INFO] __main__: 603327.SH 日线数据更新完成(120条)
[13:53:22] [引擎] 启动 watchdog...
[13:53:22] [引擎] PID=3205230
[13:53:24] [引擎] 2026-07-30 13:53:24 [INFO] __main__: 加载盯盘状态: 21 只
[13:53:24] [引擎] 2026-07-30 13:53:24 [INFO] __main__: 盯盘循环启动
[13:53:24] [引擎] 2026-07-30 13:53:24 [INFO] __main__: 盯盘引擎已启动
[13:53:24] [引擎] 2026-07-30 13:53:24 [INFO] __main__: ==================================================
[13:53:24] [引擎] 2026-07-30 13:53:24 [INFO] __main__: 盯盘引擎已启动！
[13:53:24] [引擎] 2026-07-30 13:53:24 [INFO] __main__: 状态文件: /root/maneki-agent/plays/watchdog/data/state.json
[13:53:24] [引擎] 2026-07-30 13:53:24 [INFO] __main__: 扫描间隔: 60s
[13:53:24] [引擎] 2026-07-30 13:53:24 [INFO] __main__: 盯盘上限: 20 只
[13:53:24] [引擎] 2026-07-30 13:53:24 [INFO] __main__: ==================================================
[13:53:24] [引擎] 2026-07-30 13:53:24 [INFO] __main__: 通过飞书发送指令: 盯/停/盯盘列表/清盯盘
[13:53:24] [引擎] 2026-07-30 13:53:24 [INFO] __main__: 进入交易时段，开始盯盘扫描
[13:53:24] [引擎] 2026-07-30 13:53:24 [INFO] __main__: 新交易日 20260730，重新订阅 21 只
[13:53:24] [引擎] 2026-07-30 13:53:24 [INFO] __main__: 盯盘心跳 #1: 21只 [海南海药(000566.SZ)[watching], 南天信息(000948.SZ)[watching], 东晶电子(002199.SZ)[watching], 西子洁能(002534.SZ)[entered], 朗姿股份(002612.SZ)[watching], 中科金财(002657.SZ)[watching], 中宠股份(002891.SZ)[watching], 昂立教育(600661.SH)[entered], 北汽蓝谷(600733.SH)[watching], 中电电机(603988.SH)[watching], 艾艾精工(603580.SH)[watching], 富春染织(605189.SH)[watching], 双星新材(002585.SZ)[alerted], 金桥信息(603918.SH)[watching], 德明利(001309.SZ)[watching], 金种子酒(600199.SH)[watching], 金牛化工(600722.SH)[watching], 永鼎股份(600105.SH)[entered], 盈方微(000670.SZ)[watching], 招金黄金(000506.SZ)[watching], 福蓉科技(603327.SH)[watching]]
[13:53:25] [引擎] 2026-07-30 13:53:25 [INFO] __main__: 000566.SZ 日线数据更新完成(120条)
[13:53:25] [引擎] 2026-07-30 13:53:25 [INFO] __main__: 000948.SZ 日线数据更新完成(120条)
[13:53:26] [引擎] 2026-07-30 13:53:26 [INFO] __main__: 002199.SZ 日线数据更新完成(120条)
[13:53:26] [引擎] 2026-07-30 13:53:26 [INFO] __main__: 002534.SZ 日线数据更新完成(120条)
[13:53:27] [引擎] 2026-07-30 13:53:27 [INFO] __main__: 002612.SZ 日线数据更新完成(120条)
[13:53:28] [引擎] 2026-07-30 13:53:28 [INFO] __main__: 002657.SZ 日线数据更新完成(120条)
[13:53:28] [引擎] 2026-07-30 13:53:28 [INFO] __main__: 002891.SZ 日线数据更新完成(120条)
[13:53:28] [引擎] 2026-07-30 13:53:28 [INFO] __main__: 600661.SH 日线数据更新完成(120条)
[13:53:29] [引擎] 2026-07-30 13:53:29 [INFO] __main__: 600733.SH 日线数据更新完成(120条)
[13:53:30] [引擎] 2026-07-30 13:53:30 [INFO] __main__: 603988.SH 日线数据更新完成(120条)
[13:53:30] [引擎] 2026-07-30 13:53:30 [INFO] __main__: 603580.SH 日线数据更新完成(120条)
[13:53:31] [引擎] 2026-07-30 13:53:31 [INFO] __main__: 605189.SH 日线数据更新完成(120条)
[13:53:31] [引擎] 2026-07-30 13:53:31 [INFO] __main__: 002585.SZ 日线数据更新完成(120条)
[13:53:32] [引擎] 2026-07-30 13:53:32 [INFO] __main__: 603918.SH 日线数据更新完成(120条)
[13:53:32] [引擎] 2026-07-30 13:53:32 [INFO] __main__: 001309.SZ 日线数据更新完成(120条)
[13:53:33] [引擎] 2026-07-30 13:53:33 [INFO] __main__: 600199.SH 日线数据更新完成(120条)
[13:53:33] [引擎] 2026-07-30 13:53:33 [INFO] __main__: 600722.SH 日线数据更新完成(120条)
[13:53:34] [引擎] 2026-07-30 13:53:34 [INFO] __main__: 600105.SH 日线数据更新完成(120条)
[13:53:36] [引擎] 2026-07-30 13:53:36 [INFO] __main__: 000670.SZ 日线数据更新完成(120条)
[13:53:37] [引擎] 2026-07-30 13:53:37 [INFO] __main__: 000506.SZ 日线数据更新完成(120条)
[13:53:38] [引擎] 2026-07-30 13:53:38 [INFO] __main__: 603327.SH 日线数据更新完成(120条)
[13:54:39] [引擎] 2026-07-30 13:54:39 [INFO] __main__: 检测到 state.json 变更，重新加载
[13:54:39] [引擎] 2026-07-30 13:54:39 [INFO] __main__: 加载盯盘状态: 21 只
[13:54:39] [引擎] 2026-07-30 13:54:39 [INFO] __main__: 000566.SZ 日线数据更新完成(120条)
[13:54:39] [引擎] 2026-07-30 13:54:39 [INFO] __main__: 000948.SZ 日线数据更新完成(120条)
[13:54:39] [引擎] 2026-07-30 13:54:39 [INFO] __main__: 002199.SZ 日线数据更新完成(120条)
[13:54:39] [引擎] 2026-07-30 13:54:39 [INFO] __main__: 002534.SZ 日线数据更新完成(120条)
[13:54:39] [引擎] 2026-07-30 13:54:39 [INFO] __main__: 002612.SZ 日线数据更新完成(120条)
[13:54:39] [引擎] 2026-07-30 13:54:39 [INFO] __main__: 002657.SZ 日线数据更新完成(120条)
[13:54:39] [引擎] 2026-07-30 13:54:39 [INFO] __main__: 002891.SZ 日线数据更新完成(120条)
[13:54:39] [引擎] 2026-07-30 13:54:39 [INFO] __main__: 600661.SH 日线数据更新完成(120条)
[13:54:39] [引擎] 2026-07-30 13:54:39 [INFO] __main__: 600733.SH 日线数据更新完成(120条)
[13:54:39] [引擎] 2026-07-30 13:54:39 [INFO] __main__: 603988.SH 日线数据更新完成(120条)
[13:54:39] [引擎] 2026-07-30 13:54:39 [INFO] __main__: 603580.SH 日线数据更新完成(120条)
[13:54:39] [引擎] 2026-07-30 13:54:39 [INFO] __main__: 605189.SH 日线数据更新完成(120条)
[13:54:39] [引擎] 2026-07-30 13:54:39 [INFO] __main__: 002585.SZ 日线数据更新完成(120条)
[13:54:39] [引擎] 2026-07-30 13:54:39 [INFO] __main__: 603918.SH 日线数据更新完成(120条)
[13:54:39] [引擎] 2026-07-30 13:54:39 [INFO] __main__: 001309.SZ 日线数据更新完成(120条)
[13:54:39] [引擎] 2026-07-30 13:54:39 [INFO] __main__: 600199.SH 日线数据更新完成(120条)
[13:54:39] [引擎] 2026-07-30 13:54:39 [INFO] __main__: 600722.SH 日线数据更新完成(120条)
[13:54:39] [引擎] 2026-07-30 13:54:39 [INFO] __main__: 600105.SH 日线数据更新完成(120条)
[13:54:39] [引擎] 2026-07-30 13:54:39 [INFO] __main__: 000670.SZ 日线数据更新完成(120条)
[13:54:39] [引擎] 2026-07-30 13:54:39 [INFO] __main__: 000506.SZ 日线数据更新完成(120条)
[13:54:39] [引擎] 2026-07-30 13:54:39 [INFO] __main__: 603327.SH 日线数据更新完成(120条)
[13:55:39] [引擎] 2026-07-30 13:55:39 [INFO] __main__: 检测到 state.json 变更，重新加载
[13:55:39] [引擎] 2026-07-30 13:55:39 [INFO] __main__: 加载盯盘状态: 21 只
[13:55:39] [引擎] 2026-07-30 13:55:39 [INFO] __main__: 000566.SZ 日线数据更新完成(120条)
[13:55:39] [引擎] 2026-07-30 13:55:39 [INFO] __main__: 000948.SZ 日线数据更新完成(120条)
[13:55:39] [引擎] 2026-07-30 13:55:39 [INFO] __main__: 002199.SZ 日线数据更新完成(120条)
[13:55:39] [引擎] 2026-07-30 13:55:39 [INFO] __main__: 002534.SZ 日线数据更新完成(120条)
[13:55:39] [引擎] 2026-07-30 13:55:39 [INFO] __main__: 002612.SZ 日线数据更新完成(120条)
[13:55:39] [引擎] 2026-07-30 13:55:39 [INFO] __main__: 002657.SZ 日线数据更新完成(120条)
[13:55:39] [引擎] 2026-07-30 13:55:39 [INFO] __main__: 002891.SZ 日线数据更新完成(120条)
[13:55:39] [引擎] 2026-07-30 13:55:39 [INFO] __main__: 600661.SH 日线数据更新完成(120条)
[13:55:39] [引擎] 2026-07-30 13:55:39 [INFO] __main__: 600733.SH 日线数据更新完成(120条)
[13:55:39] [引擎] 2026-07-30 13:55:39 [INFO] __main__: 603988.SH 日线数据更新完成(120条)
[13:55:39] [引擎] 2026-07-30 13:55:39 [INFO] __main__: 603580.SH 日线数据更新完成(120条)
[13:55:39] [引擎] 2026-07-30 13:55:39 [INFO] __main__: 605189.SH 日线数据更新完成(120条)
[13:55:39] [引擎] 2026-07-30 13:55:39 [INFO] __main__: 002585.SZ 日线数据更新完成(120条)
[13:55:39] [引擎] 2026-07-30 13:55:39 [INFO] __main__: 603918.SH 日线数据更新完成(120条)
[13:55:39] [引擎] 2026-07-30 13:55:39 [INFO] __main__: 001309.SZ 日线数据更新完成(120条)
[13:55:39] [引擎] 2026-07-30 13:55:39 [INFO] __main__: 600199.SH 日线数据更新完成(120条)
[13:55:40] [引擎] 2026-07-30 13:55:40 [INFO] __main__: 600722.SH 日线数据更新完成(120条)
[13:55:40] [引擎] 2026-07-30 13:55:40 [INFO] __main__: 600105.SH 日线数据更新完成(120条)
[13:55:40] [引擎] 2026-07-30 13:55:40 [INFO] __main__: 000670.SZ 日线数据更新完成(120条)
[13:55:40] [引擎] 2026-07-30 13:55:40 [INFO] __main__: 000506.SZ 日线数据更新完成(120条)
[13:55:40] [引擎] 2026-07-30 13:55:40 [INFO] __main__: 603327.SH 日线数据更新完成(120条)
[13:56:40] [引擎] 2026-07-30 13:56:40 [INFO] __main__: 检测到 state.json 变更，重新加载
[13:56:40] [引擎] 2026-07-30 13:56:40 [INFO] __main__: 加载盯盘状态: 21 只
[13:56:40] [引擎] 2026-07-30 13:56:40 [INFO] __main__: 000566.SZ 日线数据更新完成(120条)
[13:56:40] [引擎] 2026-07-30 13:56:40 [INFO] __main__: 000948.SZ 日线数据更新完成(120条)
[13:56:40] [引擎] 2026-07-30 13:56:40 [INFO] __main__: 002199.SZ 日线数据更新完成(120条)
[13:56:40] [引擎] 2026-07-30 13:56:40 [INFO] __main__: 002534.SZ 日线数据更新完成(120条)
[13:56:40] [引擎] 2026-07-30 13:56:40 [INFO] __main__: 002612.SZ 日线数据更新完成(120条)
[13:56:40] [引擎] 2026-07-30 13:56:40 [INFO] __main__: 002657.SZ 日线数据更新完成(120条)
[13:56:40] [引擎] 2026-07-30 13:56:40 [INFO] __main__: 002891.SZ 日线数据更新完成(120条)
[13:56:40] [引擎] 2026-07-30 13:56:40 [INFO] __main__: 600661.SH 日线数据更新完成(120条)
[13:56:40] [引擎] 2026-07-30 13:56:40 [INFO] __main__: 600733.SH 日线数据更新完成(120条)
[13:56:40] [引擎] 2026-07-30 13:56:40 [INFO] __main__: 603988.SH 日线数据更新完成(120条)
[13:56:40] [引擎] 2026-07-30 13:56:40 [INFO] __main__: 603580.SH 日线数据更新完成(120条)
[13:56:40] [引擎] 2026-07-30 13:56:40 [INFO] __main__: 605189.SH 日线数据更新完成(120条)
[13:56:40] [引擎] 2026-07-30 13:56:40 [INFO] __main__: 002585.SZ 日线数据更新完成(120条)
[13:56:40] [引擎] 2026-07-30 13:56:40 [INFO] __main__: 603918.SH 日线数据更新完成(120条)
[13:56:40] [引擎] 2026-07-30 13:56:40 [INFO] __main__: 001309.SZ 日线数据更新完成(120条)
[13:56:40] [引擎] 2026-07-30 13:56:40 [INFO] __main__: 600199.SH 日线数据更新完成(120条)
[13:56:40] [引擎] 2026-07-30 13:56:40 [INFO] __main__: 600722.SH 日线数据更新完成(120条)
[13:56:40] [引擎] 2026-07-30 13:56:40 [INFO] __main__: 600105.SH 日线数据更新完成(120条)
[13:56:40] [引擎] 2026-07-30 13:56:40 [INFO] __main__: 000670.SZ 日线数据更新完成(120条)
[13:56:40] [引擎] 2026-07-30 13:56:40 [INFO] __main__: 000506.SZ 日线数据更新完成(120条)
[13:56:40] [引擎] 2026-07-30 13:56:40 [INFO] __main__: 603327.SH 日线数据更新完成(120条)
[13:57:40] [引擎] 2026-07-30 13:57:40 [INFO] __main__: 检测到 state.json 变更，重新加载
[13:57:40] [引擎] 2026-07-30 13:57:40 [INFO] __main__: 加载盯盘状态: 21 只
[13:57:40] [引擎] 2026-07-30 13:57:40 [INFO] __main__: 000566.SZ 日线数据更新完成(120条)
[13:57:40] [引擎] 2026-07-30 13:57:40 [INFO] __main__: 000948.SZ 日线数据更新完成(120条)
[13:57:40] [引擎] 2026-07-30 13:57:40 [INFO] __main__: 002199.SZ 日线数据更新完成(120条)
[13:57:40] [引擎] 2026-07-30 13:57:40 [INFO] __main__: 002534.SZ 日线数据更新完成(120条)
[13:57:40] [引擎] 2026-07-30 13:57:40 [INFO] __main__: 002612.SZ 日线数据更新完成(120条)
[13:57:40] [引擎] 2026-07-30 13:57:40 [INFO] __main__: 002657.SZ 日线数据更新完成(120条)
[13:57:40] [引擎] 2026-07-30 13:57:40 [INFO] __main__: 002891.SZ 日线数据更新完成(120条)
[13:57:40] [引擎] 2026-07-30 13:57:40 [INFO] __main__: 600661.SH 日线数据更新完成(120条)
[13:57:40] [引擎] 2026-07-30 13:57:40 [INFO] __main__: 600733.SH 日线数据更新完成(120条)
[13:57:40] [引擎] 2026-07-30 13:57:40 [INFO] __main__: 603988.SH 日线数据更新完成(120条)
[13:57:40] [引擎] 2026-07-30 13:57:40 [INFO] __main__: 603580.SH 日线数据更新完成(120条)
[13:57:40] [引擎] 2026-07-30 13:57:40 [INFO] __main__: 605189.SH 日线数据更新完成(120条)
[13:57:40] [引擎] 2026-07-30 13:57:40 [INFO] __main__: 002585.SZ 日线数据更新完成(120条)
[13:57:40] [引擎] 2026-07-30 13:57:40 [INFO] __main__: 603918.SH 日线数据更新完成(120条)
[13:57:40] [引擎] 2026-07-30 13:57:40 [INFO] __main__: 001309.SZ 日线数据更新完成(120条)
[13:57:40] [引擎] 2026-07-30 13:57:40 [INFO] __main__: 600199.SH 日线数据更新完成(120条)
[13:57:40] [引擎] 2026-07-30 13:57:40 [INFO] __main__: 600722.SH 日线数据更新完成(120条)
[13:57:40] [引擎] 2026-07-30 13:57:40 [INFO] __main__: 600105.SH 日线数据更新完成(120条)
[13:57:40] [引擎] 2026-07-30 13:57:40 [INFO] __main__: 000670.SZ 日线数据更新完成(120条)
[13:57:40] [引擎] 2026-07-30 13:57:40 [INFO] __main__: 000506.SZ 日线数据更新完成(120条)
[13:57:40] [引擎] 2026-07-30 13:57:40 [INFO] __main__: 603327.SH 日线数据更新完成(120条)
[13:58:41] [引擎] 2026-07-30 13:58:41 [INFO] __main__: 检测到 state.json 变更，重新加载
[13:58:41] [引擎] 2026-07-30 13:58:41 [INFO] __main__: 加载盯盘状态: 21 只
[13:58:41] [引擎] 2026-07-30 13:58:41 [INFO] __main__: 000566.SZ 日线数据更新完成(120条)
[13:58:41] [引擎] 2026-07-30 13:58:41 [INFO] __main__: 000948.SZ 日线数据更新完成(120条)
[13:58:41] [引擎] 2026-07-30 13:58:41 [INFO] __main__: 002199.SZ 日线数据更新完成(120条)
[13:58:41] [引擎] 2026-07-30 13:58:41 [INFO] __main__: 002534.SZ 日线数据更新完成(120条)
[13:58:41] [引擎] 2026-07-30 13:58:41 [INFO] __main__: 002612.SZ 日线数据更新完成(120条)
[13:58:41] [引擎] 2026-07-30 13:58:41 [INFO] __main__: 002657.SZ 日线数据更新完成(120条)
[13:58:41] [引擎] 2026-07-30 13:58:41 [INFO] __main__: 002891.SZ 日线数据更新完成(120条)
[13:58:41] [引擎] 2026-07-30 13:58:41 [INFO] __main__: 600661.SH 日线数据更新完成(120条)
[13:58:41] [引擎] 2026-07-30 13:58:41 [INFO] __main__: 600733.SH 日线数据更新完成(120条)
[13:58:41] [引擎] 2026-07-30 13:58:41 [INFO] __main__: 603988.SH 日线数据更新完成(120条)
[13:58:41] [引擎] 2026-07-30 13:58:41 [INFO] __main__: 603580.SH 日线数据更新完成(120条)
[13:58:41] [引擎] 2026-07-30 13:58:41 [INFO] __main__: 605189.SH 日线数据更新完成(120条)
[13:58:41] [引擎] 2026-07-30 13:58:41 [INFO] __main__: 002585.SZ 日线数据更新完成(120条)
[13:58:41] [引擎] 2026-07-30 13:58:41 [INFO] __main__: 603918.SH 日线数据更新完成(120条)
[13:58:41] [引擎] 2026-07-30 13:58:41 [INFO] __main__: 001309.SZ 日线数据更新完成(120条)
[13:58:41] [引擎] 2026-07-30 13:58:41 [INFO] __main__: 600199.SH 日线数据更新完成(120条)
[13:58:41] [引擎] 2026-07-30 13:58:41 [INFO] __main__: 600722.SH 日线数据更新完成(120条)
[13:58:41] [引擎] 2026-07-30 13:58:41 [INFO] __main__: 600105.SH 日线数据更新完成(120条)
[13:58:41] [引擎] 2026-07-30 13:58:41 [INFO] __main__: 000670.SZ 日线数据更新完成(120条)
[13:58:41] [引擎] 2026-07-30 13:58:41 [INFO] __main__: 000506.SZ 日线数据更新完成(120条)
[13:58:41] [引擎] 2026-07-30 13:58:41 [INFO] __main__: 603327.SH 日线数据更新完成(120条)
[13:59:41] [引擎] 2026-07-30 13:59:41 [INFO] __main__: 检测到 state.json 变更，重新加载
[13:59:41] [引擎] 2026-07-30 13:59:41 [INFO] __main__: 加载盯盘状态: 21 只
[13:59:41] [引擎] 2026-07-30 13:59:41 [INFO] __main__: 000566.SZ 日线数据更新完成(120条)
[13:59:41] [引擎] 2026-07-30 13:59:41 [INFO] __main__: 000948.SZ 日线数据更新完成(120条)
[13:59:41] [引擎] 2026-07-30 13:59:41 [INFO] __main__: 002199.SZ 日线数据更新完成(120条)
[13:59:41] [引擎] 2026-07-30 13:59:41 [INFO] __main__: 002534.SZ 日线数据更新完成(120条)
[13:59:41] [引擎] 2026-07-30 13:59:41 [INFO] __main__: 002612.SZ 日线数据更新完成(120条)
[13:59:41] [引擎] 2026-07-30 13:59:41 [INFO] __main__: 002657.SZ 日线数据更新完成(120条)
[13:59:41] [引擎] 2026-07-30 13:59:41 [INFO] __main__: 002891.SZ 日线数据更新完成(120条)
[13:59:41] [引擎] 2026-07-30 13:59:41 [INFO] __main__: 600661.SH 日线数据更新完成(120条)
[13:59:41] [引擎] 2026-07-30 13:59:41 [INFO] __main__: 600733.SH 日线数据更新完成(120条)
[13:59:41] [引擎] 2026-07-30 13:59:41 [INFO] __main__: 603988.SH 日线数据更新完成(120条)
[13:59:41] [引擎] 2026-07-30 13:59:41 [INFO] __main__: 603580.SH 日线数据更新完成(120条)
[13:59:41] [引擎] 2026-07-30 13:59:41 [INFO] __main__: 605189.SH 日线数据更新完成(120条)
[13:59:41] [引擎] 2026-07-30 13:59:41 [INFO] __main__: 002585.SZ 日线数据更新完成(120条)
[13:59:41] [引擎] 2026-07-30 13:59:41 [INFO] __main__: 603918.SH 日线数据更新完成(120条)
[13:59:41] [引擎] 2026-07-30 13:59:41 [INFO] __main__: 001309.SZ 日线数据更新完成(120条)
[13:59:41] [引擎] 2026-07-30 13:59:41 [INFO] __main__: 600199.SH 日线数据更新完成(120条)
[13:59:41] [引擎] 2026-07-30 13:59:41 [INFO] __main__: 600722.SH 日线数据更新完成(120条)
[13:59:41] [引擎] 2026-07-30 13:59:41 [INFO] __main__: 600105.SH 日线数据更新完成(120条)
[13:59:41] [引擎] 2026-07-30 13:59:41 [INFO] __main__: 000670.SZ 日线数据更新完成(120条)
[13:59:41] [引擎] 2026-07-30 13:59:41 [INFO] __main__: 000506.SZ 日线数据更新完成(120条)
[13:59:41] [引擎] 2026-07-30 13:59:41 [INFO] __main__: 603327.SH 日线数据更新完成(120条)
[14:00:41] [引擎] 2026-07-30 14:00:41 [INFO] __main__: 检测到 state.json 变更，重新加载
[14:00:41] [引擎] 2026-07-30 14:00:41 [INFO] __main__: 加载盯盘状态: 21 只
[14:00:41] [引擎] 2026-07-30 14:00:41 [INFO] __main__: 000566.SZ 日线数据更新完成(120条)
[14:00:41] [引擎] 2026-07-30 14:00:41 [INFO] __main__: 000948.SZ 日线数据更新完成(120条)
[14:00:41] [引擎] 2026-07-30 14:00:41 [INFO] __main__: 002199.SZ 日线数据更新完成(120条)
[14:00:41] [引擎] 2026-07-30 14:00:41 [INFO] __main__: 002534.SZ 日线数据更新完成(120条)
[14:00:41] [引擎] 2026-07-30 14:00:41 [INFO] __main__: 002612.SZ 日线数据更新完成(120条)
[14:00:41] [引擎] 2026-07-30 14:00:41 [INFO] __main__: 002657.SZ 日线数据更新完成(120条)
[14:00:41] [引擎] 2026-07-30 14:00:41 [INFO] __main__: 002891.SZ 日线数据更新完成(120条)
[14:00:41] [引擎] 2026-07-30 14:00:41 [INFO] __main__: 600661.SH 日线数据更新完成(120条)
[14:00:41] [引擎] 2026-07-30 14:00:41 [INFO] __main__: 600733.SH 日线数据更新完成(120条)
[14:00:41] [引擎] 2026-07-30 14:00:41 [INFO] __main__: 603988.SH 日线数据更新完成(120条)
[14:00:41] [引擎] 2026-07-30 14:00:41 [INFO] __main__: 603580.SH 日线数据更新完成(120条)
[14:00:41] [引擎] 2026-07-30 14:00:41 [INFO] __main__: 605189.SH 日线数据更新完成(120条)
[14:00:41] [引擎] 2026-07-30 14:00:41 [INFO] __main__: 002585.SZ 日线数据更新完成(120条)
[14:00:41] [引擎] 2026-07-30 14:00:41 [INFO] __main__: 603918.SH 日线数据更新完成(120条)
[14:00:41] [引擎] 2026-07-30 14:00:41 [INFO] __main__: 001309.SZ 日线数据更新完成(120条)
[14:00:41] [引擎] 2026-07-30 14:00:41 [INFO] __main__: 600199.SH 日线数据更新完成(120条)
[14:00:41] [引擎] 2026-07-30 14:00:41 [INFO] __main__: 600722.SH 日线数据更新完成(120条)
[14:00:41] [引擎] 2026-07-30 14:00:41 [INFO] __main__: 600105.SH 日线数据更新完成(120条)
[14:00:42] [引擎] 2026-07-30 14:00:42 [INFO] __main__: 000670.SZ 日线数据更新完成(120条)
[14:00:42] [引擎] 2026-07-30 14:00:42 [INFO] __main__: 000506.SZ 日线数据更新完成(120条)
[14:00:42] [引擎] 2026-07-30 14:00:42 [INFO] __main__: 603327.SH 日线数据更新完成(120条)
[14:01:42] [引擎] 2026-07-30 14:01:42 [INFO] __main__: 检测到 state.json 变更，重新加载
[14:01:42] [引擎] 2026-07-30 14:01:42 [INFO] __main__: 加载盯盘状态: 21 只
[14:01:42] [引擎] 2026-07-30 14:01:42 [INFO] __main__: 000566.SZ 日线数据更新完成(120条)
[14:01:42] [引擎] 2026-07-30 14:01:42 [INFO] __main__: 000948.SZ 日线数据更新完成(120条)
[14:01:42] [引擎] 2026-07-30 14:01:42 [INFO] __main__: 002199.SZ 日线数据更新完成(120条)
[14:01:42] [引擎] 2026-07-30 14:01:42 [INFO] __main__: 002534.SZ 日线数据更新完成(120条)
[14:01:42] [引擎] 2026-07-30 14:01:42 [INFO] __main__: 002612.SZ 日线数据更新完成(120条)
[14:01:42] [引擎] 2026-07-30 14:01:42 [INFO] __main__: 002657.SZ 日线数据更新完成(120条)
[14:01:42] [引擎] 2026-07-30 14:01:42 [INFO] __main__: 002891.SZ 日线数据更新完成(120条)
[14:01:42] [引擎] 2026-07-30 14:01:42 [INFO] __main__: 600661.SH 日线数据更新完成(120条)
[14:01:42] [引擎] 2026-07-30 14:01:42 [INFO] __main__: 600733.SH 日线数据更新完成(120条)
[14:01:42] [引擎] 2026-07-30 14:01:42 [INFO] __main__: 603988.SH 日线数据更新完成(120条)
[14:01:42] [引擎] 2026-07-30 14:01:42 [INFO] __main__: 603580.SH 日线数据更新完成(120条)
[14:01:42] [引擎] 2026-07-30 14:01:42 [INFO] __main__: 605189.SH 日线数据更新完成(120条)
[14:01:42] [引擎] 2026-07-30 14:01:42 [INFO] __main__: 002585.SZ 日线数据更新完成(120条)
[14:01:42] [引擎] 2026-07-30 14:01:42 [INFO] __main__: 603918.SH 日线数据更新完成(120条)
[14:01:42] [引擎] 2026-07-30 14:01:42 [INFO] __main__: 001309.SZ 日线数据更新完成(120条)
[14:01:42] [引擎] 2026-07-30 14:01:42 [INFO] __main__: 600199.SH 日线数据更新完成(120条)
[14:01:42] [引擎] 2026-07-30 14:01:42 [INFO] __main__: 600722.SH 日线数据更新完成(120条)
[14:01:42] [引擎] 2026-07-30 14:01:42 [INFO] __main__: 600105.SH 日线数据更新完成(120条)
[14:01:42] [引擎] 2026-07-30 14:01:42 [INFO] __main__: 000670.SZ 日线数据更新完成(120条)
[14:01:42] [引擎] 2026-07-30 14:01:42 [INFO] __main__: 000506.SZ 日线数据更新完成(120条)
[14:01:42] [引擎] 2026-07-30 14:01:42 [INFO] __main__: 603327.SH 日线数据更新完成(120条)
[14:02:42] [引擎] 2026-07-30 14:02:42 [INFO] __main__: 检测到 state.json 变更，重新加载
[14:02:42] [引擎] 2026-07-30 14:02:42 [INFO] __main__: 加载盯盘状态: 21 只
[14:02:42] [引擎] 2026-07-30 14:02:42 [INFO] __main__: 000566.SZ 日线数据更新完成(120条)
[14:02:42] [引擎] 2026-07-30 14:02:42 [WARNING] __main__: 000566.SZ 无行情数据（共享内存无数据1次）
[14:02:42] [引擎] 2026-07-30 14:02:42 [INFO] __main__: 000948.SZ 日线数据更新完成(120条)
[14:02:42] [引擎] 2026-07-30 14:02:42 [WARNING] __main__: 000948.SZ 无行情数据（共享内存无数据2次）
[14:02:42] [引擎] 2026-07-30 14:02:42 [INFO] __main__: 002199.SZ 日线数据更新完成(120条)
[14:02:42] [引擎] 2026-07-30 14:02:42 [WARNING] __main__: 002199.SZ 无行情数据（共享内存无数据3次）
[14:02:42] [引擎] 2026-07-30 14:02:42 [INFO] __main__: 002534.SZ 日线数据更新完成(120条)
[14:02:42] [引擎] 2026-07-30 14:02:42 [WARNING] __main__: 002534.SZ 无行情数据（共享内存无数据4次）
[14:02:42] [引擎] 2026-07-30 14:02:42 [INFO] __main__: 002612.SZ 日线数据更新完成(120条)
[14:02:42] [引擎] 2026-07-30 14:02:42 [WARNING] __main__: 002612.SZ 无行情数据（共享内存无数据5次）
[14:02:42] [引擎] 2026-07-30 14:02:42 [INFO] __main__: 002657.SZ 日线数据更新完成(120条)
[14:02:42] [引擎] 2026-07-30 14:02:42 [WARNING] __main__: 002657.SZ 无行情数据（共享内存无数据6次）
[14:02:42] [引擎] 2026-07-30 14:02:42 [INFO] __main__: 002891.SZ 日线数据更新完成(120条)
[14:02:42] [引擎] 2026-07-30 14:02:42 [WARNING] __main__: 002891.SZ 无行情数据（共享内存无数据7次）
[14:02:42] [引擎] 2026-07-30 14:02:42 [INFO] __main__: 600661.SH 日线数据更新完成(120条)
[14:02:42] [引擎] 2026-07-30 14:02:42 [WARNING] __main__: 600661.SH 无行情数据（共享内存无数据8次）
[14:02:42] [引擎] 2026-07-30 14:02:42 [INFO] __main__: 600733.SH 日线数据更新完成(120条)
[14:02:42] [引擎] 2026-07-30 14:02:42 [WARNING] __main__: 600733.SH 无行情数据（共享内存无数据9次）
[14:02:42] [引擎] 2026-07-30 14:02:42 [INFO] __main__: 603988.SH 日线数据更新完成(120条)
[14:02:42] [引擎] 2026-07-30 14:02:42 [WARNING] __main__: 603988.SH 无行情数据（共享内存无数据10次）
[14:02:42] [引擎] 2026-07-30 14:02:42 [INFO] __main__: 603580.SH 日线数据更新完成(120条)
[14:02:42] [引擎] 2026-07-30 14:02:42 [WARNING] __main__: 603580.SH 无行情数据（共享内存无数据11次）
[14:02:42] [引擎] 2026-07-30 14:02:42 [INFO] __main__: 605189.SH 日线数据更新完成(120条)
[14:02:42] [引擎] 2026-07-30 14:02:42 [WARNING] __main__: 605189.SH 无行情数据（共享内存无数据12次）
[14:02:42] [引擎] 2026-07-30 14:02:42 [INFO] __main__: 002585.SZ 日线数据更新完成(120条)
[14:02:42] [引擎] 2026-07-30 14:02:42 [WARNING] __main__: 002585.SZ 无行情数据（共享内存无数据13次）
[14:02:42] [引擎] 2026-07-30 14:02:42 [INFO] __main__: 603918.SH 日线数据更新完成(120条)
[14:02:42] [引擎] 2026-07-30 14:02:42 [WARNING] __main__: 603918.SH 无行情数据（共享内存无数据14次）
[14:02:42] [引擎] 2026-07-30 14:02:42 [INFO] __main__: 001309.SZ 日线数据更新完成(120条)
[14:02:42] [引擎] 2026-07-30 14:02:42 [WARNING] __main__: 001309.SZ 无行情数据（共享内存无数据15次）
[14:02:42] [引擎] 2026-07-30 14:02:42 [INFO] __main__: 600199.SH 日线数据更新完成(120条)
[14:02:42] [引擎] 2026-07-30 14:02:42 [WARNING] __main__: 600199.SH 无行情数据（共享内存无数据16次）
[14:02:42] [引擎] 2026-07-30 14:02:42 [INFO] __main__: 600722.SH 日线数据更新完成(120条)
[14:02:42] [引擎] 2026-07-30 14:02:42 [WARNING] __main__: 600722.SH 无行情数据（共享内存无数据17次）
[14:02:42] [引擎] 2026-07-30 14:02:42 [INFO] __main__: 600105.SH 日线数据更新完成(120条)
[14:02:42] [引擎] 2026-07-30 14:02:42 [INFO] __main__: 000670.SZ 日线数据更新完成(120条)
[14:02:42] [引擎] 2026-07-30 14:02:42 [INFO] __main__: 000506.SZ 日线数据更新完成(120条)
[14:02:42] [引擎] 2026-07-30 14:02:42 [INFO] __main__: 603327.SH 日线数据更新完成(120条)
[14:03:42] [引擎] 2026-07-30 14:03:42 [INFO] __main__: 检测到 state.json 变更，重新加载
[14:03:42] [引擎] 2026-07-30 14:03:42 [INFO] __main__: 加载盯盘状态: 21 只
[14:03:42] [引擎] 2026-07-30 14:03:42 [INFO] __main__: 000566.SZ 日线数据更新完成(120条)
[14:03:42] [引擎] 2026-07-30 14:03:42 [INFO] __main__: 000948.SZ 日线数据更新完成(120条)
[14:03:42] [引擎] 2026-07-30 14:03:42 [INFO] __main__: 002199.SZ 日线数据更新完成(120条)
[14:03:42] [引擎] 2026-07-30 14:03:42 [INFO] __main__: 002534.SZ 日线数据更新完成(120条)
[14:03:42] [引擎] 2026-07-30 14:03:42 [INFO] __main__: 002612.SZ 日线数据更新完成(120条)
[14:03:42] [引擎] 2026-07-30 14:03:42 [INFO] __main__: 002657.SZ 日线数据更新完成(120条)
[14:03:42] [引擎] 2026-07-30 14:03:42 [INFO] __main__: 002891.SZ 日线数据更新完成(120条)
[14:03:42] [引擎] 2026-07-30 14:03:42 [INFO] __main__: 600661.SH 日线数据更新完成(120条)
[14:03:42] [引擎] 2026-07-30 14:03:42 [INFO] __main__: 600733.SH 日线数据更新完成(120条)
[14:03:42] [引擎] 2026-07-30 14:03:42 [INFO] __main__: 603988.SH 日线数据更新完成(120条)
[14:03:42] [引擎] 2026-07-30 14:03:42 [INFO] __main__: 603580.SH 日线数据更新完成(120条)
[14:03:43] [引擎] 2026-07-30 14:03:43 [INFO] __main__: 605189.SH 日线数据更新完成(120条)
[14:03:43] [引擎] 2026-07-30 14:03:43 [INFO] __main__: 002585.SZ 日线数据更新完成(120条)
[14:03:43] [引擎] 2026-07-30 14:03:43 [INFO] __main__: 603918.SH 日线数据更新完成(120条)
[14:03:43] [引擎] 2026-07-30 14:03:43 [INFO] __main__: 001309.SZ 日线数据更新完成(120条)
[14:03:43] [引擎] 2026-07-30 14:03:43 [INFO] __main__: 600199.SH 日线数据更新完成(120条)
[14:03:43] [引擎] 2026-07-30 14:03:43 [INFO] __main__: 600722.SH 日线数据更新完成(120条)
[14:03:43] [引擎] 2026-07-30 14:03:43 [INFO] __main__: 600105.SH 日线数据更新完成(120条)
[14:03:43] [引擎] 2026-07-30 14:03:43 [INFO] __main__: 000670.SZ 日线数据更新完成(120条)
[14:03:43] [引擎] 2026-07-30 14:03:43 [INFO] __main__: 000506.SZ 日线数据更新完成(120条)
[14:03:43] [引擎] 2026-07-30 14:03:43 [INFO] __main__: 603327.SH 日线数据更新完成(120条)
[14:04:43] [引擎] 2026-07-30 14:04:43 [INFO] __main__: 检测到 state.json 变更，重新加载
[14:04:43] [引擎] 2026-07-30 14:04:43 [INFO] __main__: 加载盯盘状态: 21 只
[14:04:43] [引擎] 2026-07-30 14:04:43 [INFO] __main__: 000566.SZ 日线数据更新完成(120条)
[14:04:43] [引擎] 2026-07-30 14:04:43 [INFO] __main__: 000948.SZ 日线数据更新完成(120条)
[14:04:43] [引擎] 2026-07-30 14:04:43 [INFO] __main__: 002199.SZ 日线数据更新完成(120条)
[14:04:43] [引擎] 2026-07-30 14:04:43 [INFO] __main__: 002534.SZ 日线数据更新完成(120条)
[14:04:43] [引擎] 2026-07-30 14:04:43 [INFO] __main__: 002612.SZ 日线数据更新完成(120条)
[14:04:43] [引擎] 2026-07-30 14:04:43 [INFO] __main__: 002657.SZ 日线数据更新完成(120条)
[14:04:43] [引擎] 2026-07-30 14:04:43 [INFO] __main__: 002891.SZ 日线数据更新完成(120条)
[14:04:43] [引擎] 2026-07-30 14:04:43 [INFO] __main__: 600661.SH 日线数据更新完成(120条)
[14:04:43] [引擎] 2026-07-30 14:04:43 [INFO] __main__: 600733.SH 日线数据更新完成(120条)
[14:04:43] [引擎] 2026-07-30 14:04:43 [INFO] __main__: 603988.SH 日线数据更新完成(120条)
[14:04:43] [引擎] 2026-07-30 14:04:43 [INFO] __main__: 603580.SH 日线数据更新完成(120条)
[14:04:43] [引擎] 2026-07-30 14:04:43 [INFO] __main__: 605189.SH 日线数据更新完成(120条)
[14:04:43] [引擎] 2026-07-30 14:04:43 [INFO] __main__: 002585.SZ 日线数据更新完成(120条)
[14:04:43] [引擎] 2026-07-30 14:04:43 [INFO] __main__: 603918.SH 日线数据更新完成(120条)
[14:04:43] [引擎] 2026-07-30 14:04:43 [INFO] __main__: 001309.SZ 日线数据更新完成(120条)
[14:04:43] [引擎] 2026-07-30 14:04:43 [INFO] __main__: 600199.SH 日线数据更新完成(120条)
[14:04:43] [引擎] 2026-07-30 14:04:43 [INFO] __main__: 600722.SH 日线数据更新完成(120条)
[14:04:43] [引擎] 2026-07-30 14:04:43 [INFO] __main__: 600105.SH 日线数据更新完成(120条)
[14:04:43] [引擎] 2026-07-30 14:04:43 [INFO] __main__: 000670.SZ 日线数据更新完成(120条)
[14:04:43] [引擎] 2026-07-30 14:04:43 [INFO] __main__: 000506.SZ 日线数据更新完成(120条)
[14:04:43] [引擎] 2026-07-30 14:04:43 [INFO] __main__: 603327.SH 日线数据更新完成(120条)
[14:05:43] [引擎] 2026-07-30 14:05:43 [INFO] __main__: 检测到 state.json 变更，重新加载
[14:05:43] [引擎] 2026-07-30 14:05:43 [INFO] __main__: 加载盯盘状态: 21 只
[14:05:43] [引擎] 2026-07-30 14:05:43 [INFO] __main__: 000566.SZ 日线数据更新完成(120条)
[14:05:43] [引擎] 2026-07-30 14:05:43 [INFO] __main__: 000948.SZ 日线数据更新完成(120条)
[14:05:43] [引擎] 2026-07-30 14:05:43 [INFO] __main__: 002199.SZ 日线数据更新完成(120条)
[14:05:43] [引擎] 2026-07-30 14:05:43 [INFO] __main__: 002534.SZ 日线数据更新完成(120条)
[14:05:43] [引擎] 2026-07-30 14:05:43 [INFO] __main__: 002612.SZ 日线数据更新完成(120条)
[14:05:43] [引擎] 2026-07-30 14:05:43 [INFO] __main__: 002657.SZ 日线数据更新完成(120条)
[14:05:43] [引擎] 2026-07-30 14:05:43 [INFO] __main__: 002891.SZ 日线数据更新完成(120条)
[14:05:43] [引擎] 2026-07-30 14:05:43 [INFO] __main__: 600661.SH 日线数据更新完成(120条)
[14:05:43] [引擎] 2026-07-30 14:05:43 [INFO] __main__: 600733.SH 日线数据更新完成(120条)
[14:05:43] [引擎] 2026-07-30 14:05:43 [INFO] __main__: 603988.SH 日线数据更新完成(120条)
[14:05:43] [引擎] 2026-07-30 14:05:43 [INFO] __main__: 603580.SH 日线数据更新完成(120条)
[14:05:43] [引擎] 2026-07-30 14:05:43 [INFO] __main__: 605189.SH 日线数据更新完成(120条)
[14:05:43] [引擎] 2026-07-30 14:05:43 [INFO] __main__: 002585.SZ 日线数据更新完成(120条)
[14:05:43] [引擎] 2026-07-30 14:05:43 [INFO] __main__: 603918.SH 日线数据更新完成(120条)
[14:05:43] [引擎] 2026-07-30 14:05:43 [INFO] __main__: 001309.SZ 日线数据更新完成(120条)
[14:05:43] [引擎] 2026-07-30 14:05:43 [INFO] __main__: 600199.SH 日线数据更新完成(120条)
[14:05:43] [引擎] 2026-07-30 14:05:43 [INFO] __main__: 600722.SH 日线数据更新完成(120条)
[14:05:43] [引擎] 2026-07-30 14:05:43 [INFO] __main__: 600105.SH 日线数据更新完成(120条)
[14:05:43] [引擎] 2026-07-30 14:05:43 [INFO] __main__: 000670.SZ 日线数据更新完成(120条)
[14:05:43] [引擎] 2026-07-30 14:05:43 [INFO] __main__: 000506.SZ 日线数据更新完成(120条)
[14:05:43] [引擎] 2026-07-30 14:05:43 [INFO] __main__: 603327.SH 日线数据更新完成(120条)
[14:06:44] [引擎] 2026-07-30 14:06:44 [INFO] __main__: 检测到 state.json 变更，重新加载
[14:06:44] [引擎] 2026-07-30 14:06:44 [INFO] __main__: 加载盯盘状态: 21 只
[14:06:44] [引擎] 2026-07-30 14:06:44 [INFO] __main__: 000566.SZ 日线数据更新完成(120条)
[14:06:44] [引擎] 2026-07-30 14:06:44 [INFO] __main__: 000948.SZ 日线数据更新完成(120条)
[14:06:44] [引擎] 2026-07-30 14:06:44 [INFO] __main__: 002199.SZ 日线数据更新完成(120条)
[14:06:44] [引擎] 2026-07-30 14:06:44 [INFO] __main__: 002534.SZ 日线数据更新完成(120条)
[14:06:44] [引擎] 2026-07-30 14:06:44 [INFO] __main__: 002612.SZ 日线数据更新完成(120条)
[14:06:44] [引擎] 2026-07-30 14:06:44 [INFO] __main__: 002657.SZ 日线数据更新完成(120条)
[14:06:44] [引擎] 2026-07-30 14:06:44 [INFO] __main__: 002891.SZ 日线数据更新完成(120条)
[14:06:44] [引擎] 2026-07-30 14:06:44 [INFO] __main__: 600661.SH 日线数据更新完成(120条)
[14:06:44] [引擎] 2026-07-30 14:06:44 [INFO] __main__: 600733.SH 日线数据更新完成(120条)
[14:06:44] [引擎] 2026-07-30 14:06:44 [INFO] __main__: 603988.SH 日线数据更新完成(120条)
[14:06:44] [引擎] 2026-07-30 14:06:44 [INFO] __main__: 603580.SH 日线数据更新完成(120条)
[14:06:44] [引擎] 2026-07-30 14:06:44 [INFO] __main__: 605189.SH 日线数据更新完成(120条)
[14:06:44] [引擎] 2026-07-30 14:06:44 [INFO] __main__: 002585.SZ 日线数据更新完成(120条)
[14:06:44] [引擎] 2026-07-30 14:06:44 [INFO] __main__: 603918.SH 日线数据更新完成(120条)
[14:06:44] [引擎] 2026-07-30 14:06:44 [INFO] __main__: 001309.SZ 日线数据更新完成(120条)
[14:06:44] [引擎] 2026-07-30 14:06:44 [INFO] __main__: 600199.SH 日线数据更新完成(120条)
[14:06:44] [引擎] 2026-07-30 14:06:44 [INFO] __main__: 600722.SH 日线数据更新完成(120条)
[14:06:44] [引擎] 2026-07-30 14:06:44 [INFO] __main__: 600105.SH 日线数据更新完成(120条)
[14:06:44] [引擎] 2026-07-30 14:06:44 [INFO] __main__: 000670.SZ 日线数据更新完成(120条)
[14:06:44] [引擎] 2026-07-30 14:06:44 [INFO] __main__: 000506.SZ 日线数据更新完成(120条)
[14:06:44] [引擎] 2026-07-30 14:06:44 [INFO] __main__: 603327.SH 日线数据更新完成(120条)
[14:07:44] [引擎] 2026-07-30 14:07:44 [INFO] __main__: 检测到 state.json 变更，重新加载
[14:07:44] [引擎] 2026-07-30 14:07:44 [INFO] __main__: 加载盯盘状态: 22 只
[14:07:44] [引擎] 2026-07-30 14:07:44 [INFO] __main__: 新增盯盘: {'000636.SZ'}
[14:07:44] [引擎] 2026-07-30 14:07:44 [INFO] __main__: 000566.SZ 日线数据更新完成(120条)
[14:07:44] [引擎] 2026-07-30 14:07:44 [INFO] __main__: 000948.SZ 日线数据更新完成(120条)
[14:07:44] [引擎] 2026-07-30 14:07:44 [INFO] __main__: 002199.SZ 日线数据更新完成(120条)
[14:07:44] [引擎] 2026-07-30 14:07:44 [INFO] __main__: 002534.SZ 日线数据更新完成(120条)
[14:07:44] [引擎] 2026-07-30 14:07:44 [INFO] __main__: 002612.SZ 日线数据更新完成(120条)
[14:07:44] [引擎] 2026-07-30 14:07:44 [INFO] __main__: 002657.SZ 日线数据更新完成(120条)
[14:07:44] [引擎] 2026-07-30 14:07:44 [INFO] __main__: 002891.SZ 日线数据更新完成(120条)
[14:07:44] [引擎] 2026-07-30 14:07:44 [INFO] __main__: 600661.SH 日线数据更新完成(120条)
[14:07:44] [引擎] 2026-07-30 14:07:44 [INFO] __main__: 600733.SH 日线数据更新完成(120条)
[14:07:44] [引擎] 2026-07-30 14:07:44 [INFO] __main__: 603988.SH 日线数据更新完成(120条)
[14:07:44] [引擎] 2026-07-30 14:07:44 [INFO] __main__: 603580.SH 日线数据更新完成(120条)
[14:07:44] [引擎] 2026-07-30 14:07:44 [INFO] __main__: 605189.SH 日线数据更新完成(120条)
[14:07:44] [引擎] 2026-07-30 14:07:44 [INFO] __main__: 002585.SZ 日线数据更新完成(120条)
[14:07:44] [引擎] 2026-07-30 14:07:44 [INFO] __main__: 603918.SH 日线数据更新完成(120条)
[14:07:44] [引擎] 2026-07-30 14:07:44 [INFO] __main__: 001309.SZ 日线数据更新完成(120条)
[14:07:44] [引擎] 2026-07-30 14:07:44 [INFO] __main__: 600199.SH 日线数据更新完成(120条)
[14:07:44] [引擎] 2026-07-30 14:07:44 [INFO] __main__: 600722.SH 日线数据更新完成(120条)
[14:07:44] [引擎] 2026-07-30 14:07:44 [INFO] __main__: 600105.SH 日线数据更新完成(120条)
[14:07:44] [引擎] 2026-07-30 14:07:44 [INFO] __main__: 000670.SZ 日线数据更新完成(120条)
[14:07:44] [引擎] 2026-07-30 14:07:44 [INFO] __main__: 000506.SZ 日线数据更新完成(120条)
[14:07:44] [引擎] 2026-07-30 14:07:44 [INFO] __main__: 603327.SH 日线数据更新完成(120条)
[14:07:45] [引擎] 2026-07-30 14:07:45 [INFO] __main__: 000636.SZ 日线数据更新完成(120条)
[14:08:45] [引擎] 2026-07-30 14:08:45 [INFO] __main__: 检测到 state.json 变更，重新加载
[14:08:45] [引擎] 2026-07-30 14:08:45 [INFO] __main__: 加载盯盘状态: 22 只
[14:08:45] [引擎] 2026-07-30 14:08:45 [INFO] __main__: 000566.SZ 日线数据更新完成(120条)
[14:08:45] [引擎] 2026-07-30 14:08:45 [INFO] __main__: 000948.SZ 日线数据更新完成(120条)
[14:08:45] [引擎] 2026-07-30 14:08:45 [INFO] __main__: 002199.SZ 日线数据更新完成(120条)
[14:08:45] [引擎] 2026-07-30 14:08:45 [INFO] __main__: 002534.SZ 日线数据更新完成(120条)
[14:08:45] [引擎] 2026-07-30 14:08:45 [INFO] __main__: 002612.SZ 日线数据更新完成(120条)
[14:08:45] [引擎] 2026-07-30 14:08:45 [INFO] __main__: 002657.SZ 日线数据更新完成(120条)
[14:08:45] [引擎] 2026-07-30 14:08:45 [INFO] __main__: 002891.SZ 日线数据更新完成(120条)
[14:08:45] [引擎] 2026-07-30 14:08:45 [INFO] __main__: 600661.SH 日线数据更新完成(120条)
[14:08:45] [引擎] 2026-07-30 14:08:45 [INFO] __main__: 600733.SH 日线数据更新完成(120条)
[14:08:45] [引擎] 2026-07-30 14:08:45 [INFO] __main__: 603988.SH 日线数据更新完成(120条)
[14:08:45] [引擎] 2026-07-30 14:08:45 [INFO] __main__: 603580.SH 日线数据更新完成(120条)
[14:08:45] [引擎] 2026-07-30 14:08:45 [INFO] __main__: 605189.SH 日线数据更新完成(120条)
[14:08:45] [引擎] 2026-07-30 14:08:45 [INFO] __main__: 002585.SZ 日线数据更新完成(120条)
[14:08:45] [引擎] 2026-07-30 14:08:45 [INFO] __main__: 603918.SH 日线数据更新完成(120条)
[14:08:45] [引擎] 2026-07-30 14:08:45 [INFO] __main__: 001309.SZ 日线数据更新完成(120条)
[14:08:45] [引擎] 2026-07-30 14:08:45 [INFO] __main__: 600199.SH 日线数据更新完成(120条)
[14:08:45] [引擎] 2026-07-30 14:08:45 [INFO] __main__: 600722.SH 日线数据更新完成(120条)
[14:08:45] [引擎] 2026-07-30 14:08:45 [INFO] __main__: 600105.SH 日线数据更新完成(120条)
[14:08:45] [引擎] 2026-07-30 14:08:45 [INFO] __main__: 000670.SZ 日线数据更新完成(120条)
[14:08:45] [引擎] 2026-07-30 14:08:45 [INFO] __main__: 000506.SZ 日线数据更新完成(120条)
[14:08:45] [引擎] 2026-07-30 14:08:45 [INFO] __main__: 603327.SH 日线数据更新完成(120条)
[14:08:45] [引擎] 2026-07-30 14:08:45 [INFO] __main__: 000636.SZ 日线数据更新完成(120条)
[14:09:46] [引擎] 2026-07-30 14:09:46 [INFO] __main__: 检测到 state.json 变更，重新加载
[14:09:46] [引擎] 2026-07-30 14:09:46 [INFO] __main__: 加载盯盘状态: 22 只
[14:09:46] [引擎] 2026-07-30 14:09:46 [INFO] __main__: 000566.SZ 日线数据更新完成(120条)
[14:09:46] [引擎] 2026-07-30 14:09:46 [INFO] __main__: 000948.SZ 日线数据更新完成(120条)
[14:09:46] [引擎] 2026-07-30 14:09:46 [INFO] __main__: 002199.SZ 日线数据更新完成(120条)
[14:09:46] [引擎] 2026-07-30 14:09:46 [INFO] __main__: 002534.SZ 日线数据更新完成(120条)
[14:09:46] [引擎] 2026-07-30 14:09:46 [INFO] __main__: 002612.SZ 日线数据更新完成(120条)
[14:09:46] [引擎] 2026-07-30 14:09:46 [INFO] __main__: 002657.SZ 日线数据更新完成(120条)
[14:09:46] [引擎] 2026-07-30 14:09:46 [INFO] __main__: 002891.SZ 日线数据更新完成(120条)
[14:09:46] [引擎] 2026-07-30 14:09:46 [INFO] __main__: 600661.SH 日线数据更新完成(120条)
[14:09:46] [引擎] 2026-07-30 14:09:46 [INFO] __main__: 600733.SH 日线数据更新完成(120条)
[14:09:46] [引擎] 2026-07-30 14:09:46 [INFO] __main__: 603988.SH 日线数据更新完成(120条)
[14:09:46] [引擎] 2026-07-30 14:09:46 [INFO] __main__: 603580.SH 日线数据更新完成(120条)
[14:09:46] [引擎] 2026-07-30 14:09:46 [INFO] __main__: 605189.SH 日线数据更新完成(120条)
[14:09:46] [引擎] 2026-07-30 14:09:46 [INFO] __main__: 002585.SZ 日线数据更新完成(120条)
[14:09:46] [引擎] 2026-07-30 14:09:46 [INFO] __main__: 603918.SH 日线数据更新完成(120条)
[14:09:46] [引擎] 2026-07-30 14:09:46 [INFO] __main__: 001309.SZ 日线数据更新完成(120条)
[14:09:46] [引擎] 2026-07-30 14:09:46 [INFO] __main__: 600199.SH 日线数据更新完成(120条)
[14:09:46] [引擎] 2026-07-30 14:09:46 [INFO] __main__: 600722.SH 日线数据更新完成(120条)
[14:09:46] [引擎] 2026-07-30 14:09:46 [INFO] __main__: 600105.SH 日线数据更新完成(120条)
[14:09:46] [引擎] 2026-07-30 14:09:46 [INFO] __main__: 000670.SZ 日线数据更新完成(120条)
[14:09:46] [引擎] 2026-07-30 14:09:46 [INFO] __main__: 000506.SZ 日线数据更新完成(120条)
[14:09:46] [引擎] 2026-07-30 14:09:46 [INFO] __main__: 603327.SH 日线数据更新完成(120条)
[14:09:46] [引擎] 2026-07-30 14:09:46 [INFO] __main__: 000636.SZ 日线数据更新完成(120条)
[14:10:46] [引擎] 2026-07-30 14:10:46 [INFO] __main__: 检测到 state.json 变更，重新加载
[14:10:46] [引擎] 2026-07-30 14:10:46 [INFO] __main__: 加载盯盘状态: 22 只
[14:10:46] [引擎] 2026-07-30 14:10:46 [INFO] __main__: 000566.SZ 日线数据更新完成(120条)
[14:10:46] [引擎] 2026-07-30 14:10:46 [INFO] __main__: 000948.SZ 日线数据更新完成(120条)
[14:10:46] [引擎] 2026-07-30 14:10:46 [INFO] __main__: 002199.SZ 日线数据更新完成(120条)
[14:10:46] [引擎] 2026-07-30 14:10:46 [INFO] __main__: 002534.SZ 日线数据更新完成(120条)
[14:10:46] [引擎] 2026-07-30 14:10:46 [INFO] __main__: 002612.SZ 日线数据更新完成(120条)
[14:10:46] [引擎] 2026-07-30 14:10:46 [INFO] __main__: 002657.SZ 日线数据更新完成(120条)
[14:10:46] [引擎] 2026-07-30 14:10:46 [INFO] __main__: 002891.SZ 日线数据更新完成(120条)
[14:10:46] [引擎] 2026-07-30 14:10:46 [INFO] __main__: 600661.SH 日线数据更新完成(120条)
[14:10:46] [引擎] 2026-07-30 14:10:46 [INFO] __main__: 600733.SH 日线数据更新完成(120条)
[14:10:46] [引擎] 2026-07-30 14:10:46 [INFO] __main__: 603988.SH 日线数据更新完成(120条)
[14:10:46] [引擎] 2026-07-30 14:10:46 [INFO] __main__: 603580.SH 日线数据更新完成(120条)
[14:10:46] [引擎] 2026-07-30 14:10:46 [INFO] __main__: 605189.SH 日线数据更新完成(120条)
[14:10:46] [引擎] 2026-07-30 14:10:46 [INFO] __main__: 002585.SZ 日线数据更新完成(120条)
[14:10:46] [引擎] 2026-07-30 14:10:46 [INFO] __main__: 603918.SH 日线数据更新完成(120条)
[14:10:46] [引擎] 2026-07-30 14:10:46 [INFO] __main__: 001309.SZ 日线数据更新完成(120条)
[14:10:46] [引擎] 2026-07-30 14:10:46 [INFO] __main__: 600199.SH 日线数据更新完成(120条)
[14:10:46] [引擎] 2026-07-30 14:10:46 [INFO] __main__: 600722.SH 日线数据更新完成(120条)
[14:10:46] [引擎] 2026-07-30 14:10:46 [INFO] __main__: 600105.SH 日线数据更新完成(120条)
[14:10:47] [引擎] 2026-07-30 14:10:47 [INFO] __main__: 000670.SZ 日线数据更新完成(120条)
[14:10:47] [引擎] 2026-07-30 14:10:47 [INFO] __main__: 000506.SZ 日线数据更新完成(120条)
[14:10:47] [引擎] 2026-07-30 14:10:47 [INFO] __main__: 603327.SH 日线数据更新完成(120条)
[14:10:47] [引擎] 2026-07-30 14:10:47 [INFO] __main__: 000636.SZ 日线数据更新完成(120条)
[14:11:47] [引擎] 2026-07-30 14:11:47 [INFO] __main__: 检测到 state.json 变更，重新加载
[14:11:47] [引擎] 2026-07-30 14:11:47 [INFO] __main__: 加载盯盘状态: 22 只
[14:11:47] [引擎] 2026-07-30 14:11:47 [INFO] __main__: 000566.SZ 日线数据更新完成(120条)
[14:11:47] [引擎] 2026-07-30 14:11:47 [INFO] __main__: 000948.SZ 日线数据更新完成(120条)
[14:11:47] [引擎] 2026-07-30 14:11:47 [INFO] __main__: 002199.SZ 日线数据更新完成(120条)
[14:11:47] [引擎] 2026-07-30 14:11:47 [INFO] __main__: 002534.SZ 日线数据更新完成(120条)
[14:11:47] [引擎] 2026-07-30 14:11:47 [INFO] __main__: 002612.SZ 日线数据更新完成(120条)
[14:11:47] [引擎] 2026-07-30 14:11:47 [INFO] __main__: 002657.SZ 日线数据更新完成(120条)
[14:11:47] [引擎] 2026-07-30 14:11:47 [INFO] __main__: 002891.SZ 日线数据更新完成(120条)
[14:11:47] [引擎] 2026-07-30 14:11:47 [INFO] __main__: 600661.SH 日线数据更新完成(120条)
[14:11:47] [引擎] 2026-07-30 14:11:47 [INFO] __main__: 600733.SH 日线数据更新完成(120条)
[14:11:47] [引擎] 2026-07-30 14:11:47 [INFO] __main__: 603988.SH 日线数据更新完成(120条)
[14:11:47] [引擎] 2026-07-30 14:11:47 [INFO] __main__: 603580.SH 日线数据更新完成(120条)
[14:11:47] [引擎] 2026-07-30 14:11:47 [INFO] __main__: 605189.SH 日线数据更新完成(120条)
[14:11:47] [引擎] 2026-07-30 14:11:47 [INFO] __main__: 002585.SZ 日线数据更新完成(120条)
[14:11:47] [引擎] 2026-07-30 14:11:47 [INFO] __main__: 603918.SH 日线数据更新完成(120条)
[14:11:47] [引擎] 2026-07-30 14:11:47 [INFO] __main__: 001309.SZ 日线数据更新完成(120条)
[14:11:47] [引擎] 2026-07-30 14:11:47 [INFO] __main__: 600199.SH 日线数据更新完成(120条)
[14:11:47] [引擎] 2026-07-30 14:11:47 [INFO] __main__: 600722.SH 日线数据更新完成(120条)
[14:11:47] [引擎] 2026-07-30 14:11:47 [INFO] __main__: 600105.SH 日线数据更新完成(120条)
[14:11:47] [引擎] 2026-07-30 14:11:47 [INFO] __main__: 000670.SZ 日线数据更新完成(120条)
[14:11:47] [引擎] 2026-07-30 14:11:47 [INFO] __main__: 000506.SZ 日线数据更新完成(120条)
[14:11:47] [引擎] 2026-07-30 14:11:47 [INFO] __main__: 603327.SH 日线数据更新完成(120条)
[14:11:47] [引擎] 2026-07-30 14:11:47 [INFO] __main__: 000636.SZ 日线数据更新完成(120条)
[14:12:47] [引擎] 2026-07-30 14:12:47 [INFO] __main__: 检测到 state.json 变更，重新加载
[14:12:47] [引擎] 2026-07-30 14:12:47 [INFO] __main__: 加载盯盘状态: 22 只
[14:12:47] [引擎] 2026-07-30 14:12:47 [INFO] __main__: 000566.SZ 日线数据更新完成(120条)
[14:12:47] [引擎] 2026-07-30 14:12:47 [WARNING] __main__: 000566.SZ 无行情数据（共享内存无数据1次）
[14:12:47] [引擎] 2026-07-30 14:12:47 [INFO] __main__: 000948.SZ 日线数据更新完成(120条)
[14:12:47] [引擎] 2026-07-30 14:12:47 [WARNING] __main__: 000948.SZ 无行情数据（共享内存无数据2次）
[14:12:47] [引擎] 2026-07-30 14:12:47 [INFO] __main__: 002199.SZ 日线数据更新完成(120条)
[14:12:47] [引擎] 2026-07-30 14:12:47 [WARNING] __main__: 002199.SZ 无行情数据（共享内存无数据3次）
[14:12:47] [引擎] 2026-07-30 14:12:47 [INFO] __main__: 002534.SZ 日线数据更新完成(120条)
[14:12:47] [引擎] 2026-07-30 14:12:47 [WARNING] __main__: 002534.SZ 无行情数据（共享内存无数据4次）
[14:12:47] [引擎] 2026-07-30 14:12:47 [INFO] __main__: 002612.SZ 日线数据更新完成(120条)
[14:12:47] [引擎] 2026-07-30 14:12:47 [WARNING] __main__: 002612.SZ 无行情数据（共享内存无数据5次）
[14:12:47] [引擎] 2026-07-30 14:12:47 [INFO] __main__: 002657.SZ 日线数据更新完成(120条)
[14:12:47] [引擎] 2026-07-30 14:12:47 [WARNING] __main__: 002657.SZ 无行情数据（共享内存无数据6次）
[14:12:47] [引擎] 2026-07-30 14:12:47 [INFO] __main__: 002891.SZ 日线数据更新完成(120条)
[14:12:47] [引擎] 2026-07-30 14:12:47 [WARNING] __main__: 002891.SZ 无行情数据（共享内存无数据7次）
[14:12:47] [引擎] 2026-07-30 14:12:47 [INFO] __main__: 600661.SH 日线数据更新完成(120条)
[14:12:47] [引擎] 2026-07-30 14:12:47 [WARNING] __main__: 600661.SH 无行情数据（共享内存无数据8次）
[14:12:47] [引擎] 2026-07-30 14:12:47 [INFO] __main__: 600733.SH 日线数据更新完成(120条)
[14:12:47] [引擎] 2026-07-30 14:12:47 [WARNING] __main__: 600733.SH 无行情数据（共享内存无数据9次）
[14:12:47] [引擎] 2026-07-30 14:12:47 [INFO] __main__: 603988.SH 日线数据更新完成(120条)
[14:12:47] [引擎] 2026-07-30 14:12:47 [WARNING] __main__: 603988.SH 无行情数据（共享内存无数据10次）
[14:12:47] [引擎] 2026-07-30 14:12:47 [INFO] __main__: 603580.SH 日线数据更新完成(120条)
[14:12:47] [引擎] 2026-07-30 14:12:47 [WARNING] __main__: 603580.SH 无行情数据（共享内存无数据11次）
[14:12:47] [引擎] 2026-07-30 14:12:47 [INFO] __main__: 605189.SH 日线数据更新完成(120条)
[14:12:47] [引擎] 2026-07-30 14:12:47 [WARNING] __main__: 605189.SH 无行情数据（共享内存无数据12次）
[14:12:47] [引擎] 2026-07-30 14:12:47 [INFO] __main__: 002585.SZ 日线数据更新完成(120条)
[14:12:47] [引擎] 2026-07-30 14:12:47 [WARNING] __main__: 002585.SZ 无行情数据（共享内存无数据13次）
[14:12:47] [引擎] 2026-07-30 14:12:47 [INFO] __main__: 603918.SH 日线数据更新完成(120条)
[14:12:47] [引擎] 2026-07-30 14:12:47 [WARNING] __main__: 603918.SH 无行情数据（共享内存无数据14次）
[14:12:47] [引擎] 2026-07-30 14:12:47 [INFO] __main__: 001309.SZ 日线数据更新完成(120条)
[14:12:47] [引擎] 2026-07-30 14:12:47 [WARNING] __main__: 001309.SZ 无行情数据（共享内存无数据15次）
[14:12:47] [引擎] 2026-07-30 14:12:47 [INFO] __main__: 600199.SH 日线数据更新完成(120条)
[14:12:47] [引擎] 2026-07-30 14:12:47 [WARNING] __main__: 600199.SH 无行情数据（共享内存无数据16次）
[14:12:47] [引擎] 2026-07-30 14:12:47 [INFO] __main__: 600722.SH 日线数据更新完成(120条)
[14:12:47] [引擎] 2026-07-30 14:12:47 [WARNING] __main__: 600722.SH 无行情数据（共享内存无数据17次）
[14:12:47] [引擎] 2026-07-30 14:12:47 [INFO] __main__: 600105.SH 日线数据更新完成(120条)
[14:12:47] [引擎] 2026-07-30 14:12:47 [INFO] __main__: 000670.SZ 日线数据更新完成(120条)
[14:12:47] [引擎] 2026-07-30 14:12:47 [INFO] __main__: 000506.SZ 日线数据更新完成(120条)
[14:12:47] [引擎] 2026-07-30 14:12:47 [INFO] __main__: 603327.SH 日线数据更新完成(120条)
[14:12:47] [引擎] 2026-07-30 14:12:47 [INFO] __main__: 000636.SZ 日线数据更新完成(120条)
[14:13:47] [引擎] 2026-07-30 14:13:47 [INFO] __main__: 检测到 state.json 变更，重新加载
[14:13:47] [引擎] 2026-07-30 14:13:47 [INFO] __main__: 加载盯盘状态: 22 只
[14:13:47] [引擎] 2026-07-30 14:13:47 [INFO] __main__: 盯盘心跳 #21: 22只 [海南海药(000566.SZ)[watching], 南天信息(000948.SZ)[watching], 东晶电子(002199.SZ)[watching], 西子洁能(002534.SZ)[entered], 朗姿股份(002612.SZ)[watching], 中科金财(002657.SZ)[watching], 中宠股份(002891.SZ)[watching], 昂立教育(600661.SH)[entered], 北汽蓝谷(600733.SH)[watching], 中电电机(603988.SH)[watching], 艾艾精工(603580.SH)[watching], 富春染织(605189.SH)[watching], 双星新材(002585.SZ)[alerted], 金桥信息(603918.SH)[watching], 德明利(001309.SZ)[watching], 金种子酒(600199.SH)[watching], 金牛化工(600722.SH)[watching], 永鼎股份(600105.SH)[entered], 盈方微(000670.SZ)[watching], 招金黄金(000506.SZ)[watching], 福蓉科技(603327.SH)[watching], 风华高科(000636.SZ)[watching]]
[14:13:47] [引擎] 2026-07-30 14:13:47 [INFO] __main__: 000566.SZ 日线数据更新完成(120条)
[14:13:48] [引擎] 2026-07-30 14:13:48 [INFO] __main__: 000948.SZ 日线数据更新完成(120条)
[14:13:48] [引擎] 2026-07-30 14:13:48 [INFO] __main__: 002199.SZ 日线数据更新完成(120条)
[14:13:48] [引擎] 2026-07-30 14:13:48 [INFO] __main__: 002534.SZ 日线数据更新完成(120条)
[14:13:48] [引擎] 2026-07-30 14:13:48 [INFO] __main__: 002612.SZ 日线数据更新完成(120条)
[14:13:48] [引擎] 2026-07-30 14:13:48 [INFO] __main__: 002657.SZ 日线数据更新完成(120条)
[14:13:48] [引擎] 2026-07-30 14:13:48 [INFO] __main__: 002891.SZ 日线数据更新完成(120条)
[14:13:48] [引擎] 2026-07-30 14:13:48 [INFO] __main__: 600661.SH 日线数据更新完成(120条)
[14:13:48] [引擎] 2026-07-30 14:13:48 [INFO] __main__: 600733.SH 日线数据更新完成(120条)
[14:13:48] [引擎] 2026-07-30 14:13:48 [INFO] __main__: 603988.SH 日线数据更新完成(120条)
[14:13:48] [引擎] 2026-07-30 14:13:48 [INFO] __main__: 603580.SH 日线数据更新完成(120条)
[14:13:48] [引擎] 2026-07-30 14:13:48 [INFO] __main__: 605189.SH 日线数据更新完成(120条)
[14:13:48] [引擎] 2026-07-30 14:13:48 [INFO] __main__: 002585.SZ 日线数据更新完成(120条)
[14:13:48] [引擎] 2026-07-30 14:13:48 [INFO] __main__: 603918.SH 日线数据更新完成(120条)
[14:13:48] [引擎] 2026-07-30 14:13:48 [INFO] __main__: 001309.SZ 日线数据更新完成(120条)
[14:13:48] [引擎] 2026-07-30 14:13:48 [INFO] __main__: 600199.SH 日线数据更新完成(120条)
[14:13:48] [引擎] 2026-07-30 14:13:48 [INFO] __main__: 600722.SH 日线数据更新完成(120条)
[14:13:48] [引擎] 2026-07-30 14:13:48 [INFO] __main__: 600105.SH 日线数据更新完成(120条)
[14:13:48] [引擎] 2026-07-30 14:13:48 [INFO] __main__: 000670.SZ 日线数据更新完成(120条)
[14:13:48] [引擎] 2026-07-30 14:13:48 [INFO] __main__: 000506.SZ 日线数据更新完成(120条)
[14:13:48] [引擎] 2026-07-30 14:13:48 [INFO] __main__: 603327.SH 日线数据更新完成(120条)
[14:13:48] [引擎] 2026-07-30 14:13:48 [INFO] __main__: 000636.SZ 日线数据更新完成(120条)
[14:14:48] [引擎] 2026-07-30 14:14:48 [INFO] __main__: 检测到 state.json 变更，重新加载
[14:14:48] [引擎] 2026-07-30 14:14:48 [INFO] __main__: 加载盯盘状态: 22 只
[14:14:48] [引擎] 2026-07-30 14:14:48 [INFO] __main__: 000566.SZ 日线数据更新完成(120条)
[14:14:48] [引擎] 2026-07-30 14:14:48 [INFO] __main__: 000948.SZ 日线数据更新完成(120条)
[14:14:48] [引擎] 2026-07-30 14:14:48 [INFO] __main__: 002199.SZ 日线数据更新完成(120条)
[14:14:48] [引擎] 2026-07-30 14:14:48 [INFO] __main__: 002534.SZ 日线数据更新完成(120条)
[14:14:48] [引擎] 2026-07-30 14:14:48 [INFO] __main__: 002612.SZ 日线数据更新完成(120条)
[14:14:48] [引擎] 2026-07-30 14:14:48 [INFO] __main__: 002657.SZ 日线数据更新完成(120条)
[14:14:48] [引擎] 2026-07-30 14:14:48 [INFO] __main__: 002891.SZ 日线数据更新完成(120条)
[14:14:48] [引擎] 2026-07-30 14:14:48 [INFO] __main__: 600661.SH 日线数据更新完成(120条)
[14:14:48] [引擎] 2026-07-30 14:14:48 [INFO] __main__: 600733.SH 日线数据更新完成(120条)
[14:14:48] [引擎] 2026-07-30 14:14:48 [INFO] __main__: 603988.SH 日线数据更新完成(120条)
[14:14:48] [引擎] 2026-07-30 14:14:48 [INFO] __main__: 603580.SH 日线数据更新完成(120条)
[14:14:48] [引擎] 2026-07-30 14:14:48 [INFO] __main__: 605189.SH 日线数据更新完成(120条)
[14:14:48] [引擎] 2026-07-30 14:14:48 [INFO] __main__: 002585.SZ 日线数据更新完成(120条)
[14:14:48] [引擎] 2026-07-30 14:14:48 [INFO] __main__: 603918.SH 日线数据更新完成(120条)
[14:14:48] [引擎] 2026-07-30 14:14:48 [INFO] __main__: 001309.SZ 日线数据更新完成(120条)
[14:14:48] [引擎] 2026-07-30 14:14:48 [INFO] __main__: 600199.SH 日线数据更新完成(120条)
[14:14:48] [引擎] 2026-07-30 14:14:48 [INFO] __main__: 600722.SH 日线数据更新完成(120条)
[14:14:48] [引擎] 2026-07-30 14:14:48 [INFO] __main__: 600105.SH 日线数据更新完成(120条)
[14:14:48] [引擎] 2026-07-30 14:14:48 [INFO] __main__: 000670.SZ 日线数据更新完成(120条)
[14:14:48] [引擎] 2026-07-30 14:14:48 [INFO] __main__: 000506.SZ 日线数据更新完成(120条)
[14:14:48] [引擎] 2026-07-30 14:14:48 [INFO] __main__: 603327.SH 日线数据更新完成(120条)
[14:14:48] [引擎] 2026-07-30 14:14:48 [INFO] __main__: 000636.SZ 日线数据更新完成(120条)
[14:15:48] [引擎] 2026-07-30 14:15:48 [INFO] __main__: 检测到 state.json 变更，重新加载
[14:15:48] [引擎] 2026-07-30 14:15:48 [INFO] __main__: 加载盯盘状态: 22 只
[14:15:48] [引擎] 2026-07-30 14:15:48 [INFO] __main__: 000566.SZ 日线数据更新完成(120条)
[14:15:48] [引擎] 2026-07-30 14:15:48 [INFO] __main__: 000948.SZ 日线数据更新完成(120条)
[14:15:48] [引擎] 2026-07-30 14:15:48 [INFO] __main__: 002199.SZ 日线数据更新完成(120条)
[14:15:48] [引擎] 2026-07-30 14:15:48 [INFO] __main__: 002534.SZ 日线数据更新完成(120条)
[14:15:48] [引擎] 2026-07-30 14:15:48 [INFO] __main__: 002612.SZ 日线数据更新完成(120条)
[14:15:48] [引擎] 2026-07-30 14:15:48 [INFO] __main__: 002657.SZ 日线数据更新完成(120条)
[14:15:48] [引擎] 2026-07-30 14:15:48 [INFO] __main__: 002891.SZ 日线数据更新完成(120条)
[14:15:48] [引擎] 2026-07-30 14:15:48 [INFO] __main__: 600661.SH 日线数据更新完成(120条)
[14:15:48] [引擎] 2026-07-30 14:15:48 [INFO] __main__: 600733.SH 日线数据更新完成(120条)
[14:15:48] [引擎] 2026-07-30 14:15:48 [INFO] __main__: 603988.SH 日线数据更新完成(120条)
[14:15:48] [引擎] 2026-07-30 14:15:48 [INFO] __main__: 603580.SH 日线数据更新完成(120条)
[14:15:48] [引擎] 2026-07-30 14:15:48 [INFO] __main__: 605189.SH 日线数据更新完成(120条)
[14:15:48] [引擎] 2026-07-30 14:15:48 [INFO] __main__: 002585.SZ 日线数据更新完成(120条)
[14:15:48] [引擎] 2026-07-30 14:15:48 [INFO] __main__: 603918.SH 日线数据更新完成(120条)
[14:15:48] [引擎] 2026-07-30 14:15:48 [INFO] __main__: 001309.SZ 日线数据更新完成(120条)
[14:15:48] [引擎] 2026-07-30 14:15:48 [INFO] __main__: 600199.SH 日线数据更新完成(120条)
[14:15:48] [引擎] 2026-07-30 14:15:48 [INFO] __main__: 600722.SH 日线数据更新完成(120条)
[14:15:48] [引擎] 2026-07-30 14:15:48 [INFO] __main__: 600105.SH 日线数据更新完成(120条)
[14:15:49] [引擎] 2026-07-30 14:15:49 [INFO] __main__: 000670.SZ 日线数据更新完成(120条)
[14:15:49] [引擎] 2026-07-30 14:15:49 [INFO] __main__: 000506.SZ 日线数据更新完成(120条)
[14:15:49] [引擎] 2026-07-30 14:15:49 [INFO] __main__: 603327.SH 日线数据更新完成(120条)
[14:15:49] [引擎] 2026-07-30 14:15:49 [INFO] __main__: 000636.SZ 日线数据更新完成(120条)
[14:16:49] [引擎] 2026-07-30 14:16:49 [INFO] __main__: 检测到 state.json 变更，重新加载
[14:16:49] [引擎] 2026-07-30 14:16:49 [INFO] __main__: 加载盯盘状态: 23 只
[14:16:49] [引擎] 2026-07-30 14:16:49 [INFO] __main__: 新增盯盘: {'603267.SH'}
[14:16:49] [引擎] 2026-07-30 14:16:49 [INFO] __main__: 000566.SZ 日线数据更新完成(120条)
[14:16:49] [引擎] 2026-07-30 14:16:49 [INFO] __main__: 000948.SZ 日线数据更新完成(120条)
[14:16:49] [引擎] 2026-07-30 14:16:49 [INFO] __main__: 002199.SZ 日线数据更新完成(120条)
[14:16:49] [引擎] 2026-07-30 14:16:49 [INFO] __main__: 002534.SZ 日线数据更新完成(120条)
[14:16:49] [引擎] 2026-07-30 14:16:49 [INFO] __main__: 002612.SZ 日线数据更新完成(120条)
[14:16:49] [引擎] 2026-07-30 14:16:49 [INFO] __main__: 002657.SZ 日线数据更新完成(120条)
[14:16:49] [引擎] 2026-07-30 14:16:49 [INFO] __main__: 002891.SZ 日线数据更新完成(120条)
[14:16:49] [引擎] 2026-07-30 14:16:49 [INFO] __main__: 600661.SH 日线数据更新完成(120条)
[14:16:49] [引擎] 2026-07-30 14:16:49 [INFO] __main__: 600733.SH 日线数据更新完成(120条)
[14:16:49] [引擎] 2026-07-30 14:16:49 [INFO] __main__: 603988.SH 日线数据更新完成(120条)
[14:16:49] [引擎] 2026-07-30 14:16:49 [INFO] __main__: 603580.SH 日线数据更新完成(120条)
[14:16:49] [引擎] 2026-07-30 14:16:49 [INFO] __main__: 605189.SH 日线数据更新完成(120条)
[14:16:49] [引擎] 2026-07-30 14:16:49 [INFO] __main__: 002585.SZ 日线数据更新完成(120条)
[14:16:49] [引擎] 2026-07-30 14:16:49 [INFO] __main__: 603918.SH 日线数据更新完成(120条)
[14:16:49] [引擎] 2026-07-30 14:16:49 [INFO] __main__: 001309.SZ 日线数据更新完成(120条)
[14:16:49] [引擎] 2026-07-30 14:16:49 [INFO] __main__: 600199.SH 日线数据更新完成(120条)
[14:16:49] [引擎] 2026-07-30 14:16:49 [INFO] __main__: 600722.SH 日线数据更新完成(120条)
[14:16:49] [引擎] 2026-07-30 14:16:49 [INFO] __main__: 600105.SH 日线数据更新完成(120条)
[14:16:49] [引擎] 2026-07-30 14:16:49 [INFO] __main__: 000670.SZ 日线数据更新完成(120条)
[14:16:49] [引擎] 2026-07-30 14:16:49 [INFO] __main__: 000506.SZ 日线数据更新完成(120条)
[14:16:49] [引擎] 2026-07-30 14:16:49 [INFO] __main__: 603327.SH 日线数据更新完成(120条)
[14:16:49] [引擎] 2026-07-30 14:16:49 [INFO] __main__: 000636.SZ 日线数据更新完成(120条)
[14:16:50] [引擎] 2026-07-30 14:16:50 [INFO] __main__: 603267.SH 日线数据更新完成(120条)
[14:17:50] [引擎] 2026-07-30 14:17:50 [INFO] __main__: 检测到 state.json 变更，重新加载
[14:17:50] [引擎] 2026-07-30 14:17:50 [INFO] __main__: 加载盯盘状态: 23 只
[14:17:50] [引擎] 2026-07-30 14:17:50 [INFO] __main__: 000566.SZ 日线数据更新完成(120条)
[14:17:50] [引擎] 2026-07-30 14:17:50 [INFO] __main__: 000948.SZ 日线数据更新完成(120条)
[14:17:50] [引擎] 2026-07-30 14:17:50 [INFO] __main__: 002199.SZ 日线数据更新完成(120条)
[14:17:50] [引擎] 2026-07-30 14:17:50 [INFO] __main__: 002534.SZ 日线数据更新完成(120条)
[14:17:50] [引擎] 2026-07-30 14:17:50 [INFO] __main__: 002612.SZ 日线数据更新完成(120条)
[14:17:50] [引擎] 2026-07-30 14:17:50 [INFO] __main__: 002657.SZ 日线数据更新完成(120条)
[14:17:50] [引擎] 2026-07-30 14:17:50 [INFO] __main__: 002891.SZ 日线数据更新完成(120条)
[14:17:50] [引擎] 2026-07-30 14:17:50 [INFO] __main__: 600661.SH 日线数据更新完成(120条)
[14:17:50] [引擎] 2026-07-30 14:17:50 [INFO] __main__: 600733.SH 日线数据更新完成(120条)
[14:17:50] [引擎] 2026-07-30 14:17:50 [INFO] __main__: 603988.SH 日线数据更新完成(120条)
[14:17:50] [引擎] 2026-07-30 14:17:50 [INFO] __main__: 603580.SH 日线数据更新完成(120条)
[14:17:50] [引擎] 2026-07-30 14:17:50 [INFO] __main__: 605189.SH 日线数据更新完成(120条)
[14:17:50] [引擎] 2026-07-30 14:17:50 [INFO] __main__: 002585.SZ 日线数据更新完成(120条)
[14:17:50] [引擎] 2026-07-30 14:17:50 [INFO] __main__: 603918.SH 日线数据更新完成(120条)
[14:17:50] [引擎] 2026-07-30 14:17:50 [INFO] __main__: 001309.SZ 日线数据更新完成(120条)
[14:17:50] [引擎] 2026-07-30 14:17:50 [INFO] __main__: 600199.SH 日线数据更新完成(120条)
[14:17:50] [引擎] 2026-07-30 14:17:50 [INFO] __main__: 600722.SH 日线数据更新完成(120条)
[14:17:50] [引擎] 2026-07-30 14:17:50 [INFO] __main__: 600105.SH 日线数据更新完成(120条)
[14:17:50] [引擎] 2026-07-30 14:17:50 [INFO] __main__: 000670.SZ 日线数据更新完成(120条)
[14:17:50] [引擎] 2026-07-30 14:17:50 [INFO] __main__: 000506.SZ 日线数据更新完成(120条)
[14:17:50] [引擎] 2026-07-30 14:17:50 [INFO] __main__: 603327.SH 日线数据更新完成(120条)
[14:17:50] [引擎]   [📡] 买入 603327 福蓉科技 100股 最优价=9.2 (卖一9.2量1100)
[14:17:50] [引擎] 2026-07-30 14:17:50 [WARNING] ctp_client: 已使用指定ticket，剩余有效期:6421秒。
[14:17:50] [引擎] 2026-07-30 14:17:50 [WARNING] __main__: 603327.SH 跳过买入: 可用资金不足: 需920 可用26
[14:17:50] [引擎] 2026-07-30 14:17:50 [INFO] __main__: 000636.SZ 日线数据更新完成(120条)
[14:17:50] [引擎]   [📡] 买入 000636 风华高科 100股 最优价=52.26 (最新价52.26)
[14:17:50] [引擎] 2026-07-30 14:17:50 [WARNING] __main__: 000636.SZ 跳过买入: 可用资金不足: 需5226 可用26
[14:17:50] [引擎] 2026-07-30 14:17:50 [INFO] __main__: 603267.SH 日线数据更新完成(120条)
[14:18:51] [引擎] 2026-07-30 14:18:51 [INFO] __main__: 检测到 state.json 变更，重新加载
[14:18:51] [引擎] 2026-07-30 14:18:51 [INFO] __main__: 加载盯盘状态: 23 只
[14:18:51] [引擎] 2026-07-30 14:18:51 [INFO] __main__: 000566.SZ 日线数据更新完成(120条)
[14:18:51] [引擎] 2026-07-30 14:18:51 [INFO] __main__: 000948.SZ 日线数据更新完成(120条)
[14:18:51] [引擎] 2026-07-30 14:18:51 [INFO] __main__: 002199.SZ 日线数据更新完成(120条)
[14:18:51] [引擎] 2026-07-30 14:18:51 [INFO] __main__: 002534.SZ 日线数据更新完成(120条)
[14:18:51] [引擎] 2026-07-30 14:18:51 [INFO] __main__: 002612.SZ 日线数据更新完成(120条)
[14:18:51] [引擎] 2026-07-30 14:18:51 [INFO] __main__: 002657.SZ 日线数据更新完成(120条)
[14:18:51] [引擎] 2026-07-30 14:18:51 [INFO] __main__: 002891.SZ 日线数据更新完成(120条)
[14:18:51] [引擎] 2026-07-30 14:18:51 [INFO] __main__: 600661.SH 日线数据更新完成(120条)
[14:18:51] [引擎] 2026-07-30 14:18:51 [INFO] __main__: 600733.SH 日线数据更新完成(120条)
[14:18:51] [引擎] 2026-07-30 14:18:51 [INFO] __main__: 603988.SH 日线数据更新完成(120条)
[14:18:51] [引擎] 2026-07-30 14:18:51 [INFO] __main__: 603580.SH 日线数据更新完成(120条)
[14:18:51] [引擎] 2026-07-30 14:18:51 [INFO] __main__: 605189.SH 日线数据更新完成(120条)
[14:18:51] [引擎] 2026-07-30 14:18:51 [INFO] __main__: 002585.SZ 日线数据更新完成(120条)
[14:18:51] [引擎] 2026-07-30 14:18:51 [INFO] __main__: 603918.SH 日线数据更新完成(120条)
[14:18:51] [引擎] 2026-07-30 14:18:51 [INFO] __main__: 001309.SZ 日线数据更新完成(120条)
[14:18:51] [引擎] 2026-07-30 14:18:51 [INFO] __main__: 600199.SH 日线数据更新完成(120条)
[14:18:51] [引擎] 2026-07-30 14:18:51 [INFO] __main__: 600722.SH 日线数据更新完成(120条)
[14:18:51] [引擎] 2026-07-30 14:18:51 [INFO] __main__: 600105.SH 日线数据更新完成(120条)
[14:18:51] [引擎] 2026-07-30 14:18:51 [INFO] __main__: 000670.SZ 日线数据更新完成(120条)
[14:18:51] [引擎] 2026-07-30 14:18:51 [INFO] __main__: 000506.SZ 日线数据更新完成(120条)
[14:18:51] [引擎] 2026-07-30 14:18:51 [INFO] __main__: 603327.SH 日线数据更新完成(120条)
[14:18:51] [引擎] 2026-07-30 14:18:51 [INFO] __main__: 000636.SZ 日线数据更新完成(120条)
[14:18:51] [引擎] 2026-07-30 14:18:51 [INFO] __main__: 603267.SH 日线数据更新完成(120条)
[14:19:51] [引擎] 2026-07-30 14:19:51 [INFO] __main__: 检测到 state.json 变更，重新加载
[14:19:51] [引擎] 2026-07-30 14:19:51 [INFO] __main__: 加载盯盘状态: 23 只
[14:19:51] [引擎] 2026-07-30 14:19:51 [INFO] __main__: 000566.SZ 日线数据更新完成(120条)
[14:19:51] [引擎] 2026-07-30 14:19:51 [INFO] __main__: 000948.SZ 日线数据更新完成(120条)
[14:19:51] [引擎] 2026-07-30 14:19:51 [INFO] __main__: 002199.SZ 日线数据更新完成(120条)
[14:19:51] [引擎] 2026-07-30 14:19:51 [INFO] __main__: 002534.SZ 日线数据更新完成(120条)
[14:19:51] [引擎] 2026-07-30 14:19:51 [INFO] __main__: 002612.SZ 日线数据更新完成(120条)
[14:19:51] [引擎] 2026-07-30 14:19:51 [INFO] __main__: 002657.SZ 日线数据更新完成(120条)
[14:19:51] [引擎] 2026-07-30 14:19:51 [INFO] __main__: 002891.SZ 日线数据更新完成(120条)
[14:19:51] [引擎] 2026-07-30 14:19:51 [INFO] __main__: 600661.SH 日线数据更新完成(120条)
[14:19:51] [引擎] 2026-07-30 14:19:51 [INFO] __main__: 600733.SH 日线数据更新完成(120条)
[14:19:51] [引擎] 2026-07-30 14:19:51 [INFO] __main__: 603988.SH 日线数据更新完成(120条)
[14:19:51] [引擎] 2026-07-30 14:19:51 [INFO] __main__: 603580.SH 日线数据更新完成(120条)
[14:19:51] [引擎] 2026-07-30 14:19:51 [INFO] __main__: 605189.SH 日线数据更新完成(120条)
[14:19:51] [引擎] 2026-07-30 14:19:51 [INFO] __main__: 002585.SZ 日线数据更新完成(120条)
[14:19:51] [引擎] 2026-07-30 14:19:51 [INFO] __main__: 603918.SH 日线数据更新完成(120条)
[14:19:51] [引擎] 2026-07-30 14:19:51 [INFO] __main__: 001309.SZ 日线数据更新完成(120条)
[14:19:51] [引擎] 2026-07-30 14:19:51 [INFO] __main__: 600199.SH 日线数据更新完成(120条)
[14:19:51] [引擎] 2026-07-30 14:19:51 [INFO] __main__: 600722.SH 日线数据更新完成(120条)
[14:19:51] [引擎] 2026-07-30 14:19:51 [INFO] __main__: 600105.SH 日线数据更新完成(120条)
[14:19:52] [引擎]   [📡] 卖出 600105 永鼎股份 100股 最优价=33.78 (买一33.78量47221510)
[14:19:52] [引擎] 2026-07-30 14:19:52 [WARNING] __main__: 600105.SH 跳过卖出: 持仓不足: 600105(永鼎股份) 可用0股，需100股
[14:19:52] [引擎] 2026-07-30 14:19:52 [INFO] __main__: 000670.SZ 日线数据更新完成(120条)
[14:19:52] [引擎] 2026-07-30 14:19:52 [INFO] __main__: 000506.SZ 日线数据更新完成(120条)
[14:19:52] [引擎] 2026-07-30 14:19:52 [INFO] __main__: 603327.SH 日线数据更新完成(120条)
[14:19:52] [引擎] 2026-07-30 14:19:52 [INFO] __main__: 000636.SZ 日线数据更新完成(120条)
[14:19:52] [引擎] 2026-07-30 14:19:52 [INFO] __main__: 603267.SH 日线数据更新完成(120条)
[14:20:52] [引擎] 2026-07-30 14:20:52 [INFO] __main__: 检测到 state.json 变更，重新加载
[14:20:52] [引擎] 2026-07-30 14:20:52 [INFO] __main__: 加载盯盘状态: 23 只
[14:20:52] [引擎] 2026-07-30 14:20:52 [INFO] __main__: 新增盯盘: {'603986.SH'}
[14:20:52] [引擎] 2026-07-30 14:20:52 [INFO] __main__: 000566.SZ 日线数据更新完成(120条)
[14:20:52] [引擎] 2026-07-30 14:20:52 [INFO] __main__: 000948.SZ 日线数据更新完成(120条)
[14:20:52] [引擎] 2026-07-30 14:20:52 [INFO] __main__: 002199.SZ 日线数据更新完成(120条)
[14:20:52] [引擎] 2026-07-30 14:20:52 [INFO] __main__: 002534.SZ 日线数据更新完成(120条)
[14:20:52] [引擎] 2026-07-30 14:20:52 [INFO] __main__: 002612.SZ 日线数据更新完成(120条)
[14:20:52] [引擎] 2026-07-30 14:20:52 [INFO] __main__: 002657.SZ 日线数据更新完成(120条)
[14:20:52] [引擎] 2026-07-30 14:20:52 [INFO] __main__: 002891.SZ 日线数据更新完成(120条)
[14:20:52] [引擎] 2026-07-30 14:20:52 [INFO] __main__: 600661.SH 日线数据更新完成(120条)
[14:20:52] [引擎] 2026-07-30 14:20:52 [INFO] __main__: 600733.SH 日线数据更新完成(120条)
[14:20:52] [引擎] 2026-07-30 14:20:52 [INFO] __main__: 603988.SH 日线数据更新完成(120条)
[14:20:52] [引擎] 2026-07-30 14:20:52 [INFO] __main__: 603580.SH 日线数据更新完成(120条)
[14:20:52] [引擎] 2026-07-30 14:20:52 [INFO] __main__: 605189.SH 日线数据更新完成(120条)
[14:20:52] [引擎] 2026-07-30 14:20:52 [INFO] __main__: 002585.SZ 日线数据更新完成(120条)
[14:20:52] [引擎] 2026-07-30 14:20:52 [INFO] __main__: 603918.SH 日线数据更新完成(120条)
[14:20:52] [引擎] 2026-07-30 14:20:52 [INFO] __main__: 001309.SZ 日线数据更新完成(120条)
[14:20:52] [引擎] 2026-07-30 14:20:52 [INFO] __main__: 600199.SH 日线数据更新完成(120条)
[14:20:52] [引擎] 2026-07-30 14:20:52 [INFO] __main__: 600722.SH 日线数据更新完成(120条)
[14:20:52] [引擎] 2026-07-30 14:20:52 [INFO] __main__: 000670.SZ 日线数据更新完成(120条)
[14:20:52] [引擎] 2026-07-30 14:20:52 [INFO] __main__: 000506.SZ 日线数据更新完成(120条)
[14:20:52] [引擎] 2026-07-30 14:20:52 [INFO] __main__: 603327.SH 日线数据更新完成(120条)
[14:20:52] [引擎] 2026-07-30 14:20:52 [INFO] __main__: 000636.SZ 日线数据更新完成(120条)
[14:20:52] [引擎] 2026-07-30 14:20:52 [INFO] __main__: 603267.SH 日线数据更新完成(120条)
[14:20:53] [引擎] 2026-07-30 14:20:53 [INFO] __main__: 603986.SH 日线数据更新完成(120条)
[14:21:53] [引擎] 2026-07-30 14:21:53 [INFO] __main__: 检测到 state.json 变更，重新加载
[14:21:53] [引擎] 2026-07-30 14:21:53 [INFO] __main__: 加载盯盘状态: 23 只
[14:21:53] [引擎] 2026-07-30 14:21:53 [INFO] __main__: 000566.SZ 日线数据更新完成(120条)
[14:21:53] [引擎] 2026-07-30 14:21:53 [INFO] __main__: 000948.SZ 日线数据更新完成(120条)
[14:21:53] [引擎] 2026-07-30 14:21:53 [INFO] __main__: 002199.SZ 日线数据更新完成(120条)
[14:21:53] [引擎] 2026-07-30 14:21:53 [INFO] __main__: 002534.SZ 日线数据更新完成(120条)
[14:21:53] [引擎] 2026-07-30 14:21:53 [INFO] __main__: 002612.SZ 日线数据更新完成(120条)
[14:21:53] [引擎] 2026-07-30 14:21:53 [INFO] __main__: 002657.SZ 日线数据更新完成(120条)
[14:21:53] [引擎] 2026-07-30 14:21:53 [INFO] __main__: 002891.SZ 日线数据更新完成(120条)
[14:21:53] [引擎] 2026-07-30 14:21:53 [INFO] __main__: 600661.SH 日线数据更新完成(120条)
[14:21:53] [引擎] 2026-07-30 14:21:53 [INFO] __main__: 600733.SH 日线数据更新完成(120条)
[14:21:53] [引擎] 2026-07-30 14:21:53 [INFO] __main__: 603988.SH 日线数据更新完成(120条)
[14:21:53] [引擎] 2026-07-30 14:21:53 [INFO] __main__: 603580.SH 日线数据更新完成(120条)
[14:21:53] [引擎] 2026-07-30 14:21:53 [INFO] __main__: 605189.SH 日线数据更新完成(120条)
[14:21:53] [引擎] 2026-07-30 14:21:53 [INFO] __main__: 002585.SZ 日线数据更新完成(120条)
[14:21:53] [引擎] 2026-07-30 14:21:53 [INFO] __main__: 603918.SH 日线数据更新完成(120条)
[14:21:53] [引擎] 2026-07-30 14:21:53 [INFO] __main__: 001309.SZ 日线数据更新完成(120条)
[14:21:53] [引擎] 2026-07-30 14:21:53 [INFO] __main__: 600199.SH 日线数据更新完成(120条)
[14:21:53] [引擎] 2026-07-30 14:21:53 [INFO] __main__: 600722.SH 日线数据更新完成(120条)
[14:21:53] [引擎] 2026-07-30 14:21:53 [INFO] __main__: 000670.SZ 日线数据更新完成(120条)
[14:21:53] [引擎] 2026-07-30 14:21:53 [INFO] __main__: 000506.SZ 日线数据更新完成(120条)
[14:21:53] [引擎] 2026-07-30 14:21:53 [INFO] __main__: 603327.SH 日线数据更新完成(120条)
[14:21:53] [引擎] 2026-07-30 14:21:53 [INFO] __main__: 000636.SZ 日线数据更新完成(120条)
[14:21:53] [引擎]   [📡] 买入 000636 风华高科 100股 最优价=52.26 (最新价52.26)
[14:21:53] [引擎] 2026-07-30 14:21:53 [WARNING] __main__: 000636.SZ 跳过买入: 可用资金不足: 需5226 可用26
[14:21:53] [引擎] 2026-07-30 14:21:53 [INFO] __main__: 603267.SH 日线数据更新完成(120条)
[14:21:53] [引擎] 2026-07-30 14:21:53 [INFO] __main__: 603986.SH 日线数据更新完成(120条)
[14:22:55] [引擎] 2026-07-30 14:22:55 [INFO] __main__: 检测到 state.json 变更，重新加载
[14:22:55] [引擎] 2026-07-30 14:22:55 [INFO] __main__: 加载盯盘状态: 23 只
[14:22:55] [引擎] 2026-07-30 14:22:55 [INFO] __main__: 000566.SZ 日线数据更新完成(120条)
[14:22:55] [引擎] 2026-07-30 14:22:55 [WARNING] __main__: 000566.SZ 无行情数据（共享内存无数据1次）
[14:22:55] [引擎] 2026-07-30 14:22:55 [INFO] __main__: 000948.SZ 日线数据更新完成(120条)
[14:22:55] [引擎] 2026-07-30 14:22:55 [WARNING] __main__: 000948.SZ 无行情数据（共享内存无数据2次）
[14:22:55] [引擎] 2026-07-30 14:22:55 [INFO] __main__: 002199.SZ 日线数据更新完成(120条)
[14:22:55] [引擎] 2026-07-30 14:22:55 [WARNING] __main__: 002199.SZ 无行情数据（共享内存无数据3次）
[14:22:55] [引擎] 2026-07-30 14:22:55 [INFO] __main__: 002534.SZ 日线数据更新完成(120条)
[14:22:55] [引擎] 2026-07-30 14:22:55 [WARNING] __main__: 002534.SZ 无行情数据（共享内存无数据4次）
[14:22:55] [引擎] 2026-07-30 14:22:55 [INFO] __main__: 002612.SZ 日线数据更新完成(120条)
[14:22:55] [引擎] 2026-07-30 14:22:55 [WARNING] __main__: 002612.SZ 无行情数据（共享内存无数据5次）
[14:22:55] [引擎] 2026-07-30 14:22:55 [INFO] __main__: 002657.SZ 日线数据更新完成(120条)
[14:22:55] [引擎] 2026-07-30 14:22:55 [WARNING] __main__: 002657.SZ 无行情数据（共享内存无数据6次）
[14:22:55] [引擎] 2026-07-30 14:22:55 [INFO] __main__: 002891.SZ 日线数据更新完成(120条)
[14:22:55] [引擎] 2026-07-30 14:22:55 [WARNING] __main__: 002891.SZ 无行情数据（共享内存无数据7次）
[14:22:55] [引擎] 2026-07-30 14:22:55 [INFO] __main__: 600661.SH 日线数据更新完成(120条)
[14:22:55] [引擎] 2026-07-30 14:22:55 [WARNING] __main__: 600661.SH 无行情数据（共享内存无数据8次）
[14:22:55] [引擎] 2026-07-30 14:22:55 [INFO] __main__: 600733.SH 日线数据更新完成(120条)
[14:22:55] [引擎] 2026-07-30 14:22:55 [WARNING] __main__: 600733.SH 无行情数据（共享内存无数据9次）
[14:22:55] [引擎] 2026-07-30 14:22:55 [INFO] __main__: 603988.SH 日线数据更新完成(120条)
[14:22:55] [引擎] 2026-07-30 14:22:55 [WARNING] __main__: 603988.SH 无行情数据（共享内存无数据10次）
[14:22:55] [引擎] 2026-07-30 14:22:55 [INFO] __main__: 603580.SH 日线数据更新完成(120条)
[14:22:55] [引擎] 2026-07-30 14:22:55 [WARNING] __main__: 603580.SH 无行情数据（共享内存无数据11次）
[14:22:55] [引擎] 2026-07-30 14:22:55 [INFO] __main__: 605189.SH 日线数据更新完成(120条)
[14:22:55] [引擎] 2026-07-30 14:22:55 [WARNING] __main__: 605189.SH 无行情数据（共享内存无数据12次）
[14:22:55] [引擎] 2026-07-30 14:22:55 [INFO] __main__: 002585.SZ 日线数据更新完成(120条)
[14:22:55] [引擎] 2026-07-30 14:22:55 [WARNING] __main__: 002585.SZ 无行情数据（共享内存无数据13次）
[14:22:55] [引擎] 2026-07-30 14:22:55 [INFO] __main__: 603918.SH 日线数据更新完成(120条)
[14:22:55] [引擎] 2026-07-30 14:22:55 [WARNING] __main__: 603918.SH 无行情数据（共享内存无数据14次）
[14:22:55] [引擎] 2026-07-30 14:22:55 [INFO] __main__: 001309.SZ 日线数据更新完成(120条)
[14:22:55] [引擎] 2026-07-30 14:22:55 [WARNING] __main__: 001309.SZ 无行情数据（共享内存无数据15次）
[14:22:55] [引擎] 2026-07-30 14:22:55 [INFO] __main__: 600199.SH 日线数据更新完成(120条)
[14:22:55] [引擎] 2026-07-30 14:22:55 [WARNING] __main__: 600199.SH 无行情数据（共享内存无数据16次）
[14:22:55] [引擎] 2026-07-30 14:22:55 [INFO] __main__: 600722.SH 日线数据更新完成(120条)
[14:22:55] [引擎] 2026-07-30 14:22:55 [WARNING] __main__: 600722.SH 无行情数据（共享内存无数据17次）
[14:22:55] [引擎] 2026-07-30 14:22:55 [INFO] __main__: 000670.SZ 日线数据更新完成(120条)
[14:22:55] [引擎] 2026-07-30 14:22:55 [INFO] __main__: 000506.SZ 日线数据更新完成(120条)
[14:22:55] [引擎] 2026-07-30 14:22:55 [INFO] __main__: 603327.SH 日线数据更新完成(120条)
[14:22:55] [引擎] 2026-07-30 14:22:55 [INFO] __main__: 000636.SZ 日线数据更新完成(120条)
[14:22:55] [引擎] 2026-07-30 14:22:55 [INFO] __main__: 603267.SH 日线数据更新完成(120条)
[14:22:55] [引擎] 2026-07-30 14:22:55 [INFO] __main__: 603986.SH 日线数据更新完成(120条)
[14:23:55] [引擎] 2026-07-30 14:23:55 [INFO] __main__: 检测到 state.json 变更，重新加载
[14:23:55] [引擎] 2026-07-30 14:23:55 [INFO] __main__: 加载盯盘状态: 23 只
[14:23:55] [引擎] 2026-07-30 14:23:55 [INFO] __main__: 000566.SZ 日线数据更新完成(120条)
[14:23:55] [引擎] 2026-07-30 14:23:55 [INFO] __main__: 000948.SZ 日线数据更新完成(120条)
[14:23:55] [引擎] 2026-07-30 14:23:55 [INFO] __main__: 002199.SZ 日线数据更新完成(120条)
[14:23:55] [引擎] 2026-07-30 14:23:55 [INFO] __main__: 002534.SZ 日线数据更新完成(120条)
[14:23:55] [引擎] 2026-07-30 14:23:55 [INFO] __main__: 002612.SZ 日线数据更新完成(120条)
[14:23:55] [引擎] 2026-07-30 14:23:55 [INFO] __main__: 002657.SZ 日线数据更新完成(120条)
[14:23:55] [引擎] 2026-07-30 14:23:55 [INFO] __main__: 002891.SZ 日线数据更新完成(120条)
[14:23:55] [引擎] 2026-07-30 14:23:55 [INFO] __main__: 600661.SH 日线数据更新完成(120条)
[14:23:55] [引擎] 2026-07-30 14:23:55 [INFO] __main__: 600733.SH 日线数据更新完成(120条)
[14:23:55] [引擎] 2026-07-30 14:23:55 [INFO] __main__: 603988.SH 日线数据更新完成(120条)
[14:23:55] [引擎] 2026-07-30 14:23:55 [INFO] __main__: 603580.SH 日线数据更新完成(120条)
[14:23:55] [引擎] 2026-07-30 14:23:55 [INFO] __main__: 605189.SH 日线数据更新完成(120条)
[14:23:55] [引擎] 2026-07-30 14:23:55 [INFO] __main__: 002585.SZ 日线数据更新完成(120条)
[14:23:55] [引擎] 2026-07-30 14:23:55 [INFO] __main__: 603918.SH 日线数据更新完成(120条)
[14:23:55] [引擎] 2026-07-30 14:23:55 [INFO] __main__: 001309.SZ 日线数据更新完成(120条)
[14:23:55] [引擎] 2026-07-30 14:23:55 [INFO] __main__: 600199.SH 日线数据更新完成(120条)
[14:23:55] [引擎] 2026-07-30 14:23:55 [INFO] __main__: 600722.SH 日线数据更新完成(120条)
[14:23:56] [引擎] 2026-07-30 14:23:56 [INFO] __main__: 000670.SZ 日线数据更新完成(120条)
[14:23:56] [引擎] 2026-07-30 14:23:56 [INFO] __main__: 000506.SZ 日线数据更新完成(120条)
[14:23:56] [引擎] 2026-07-30 14:23:56 [INFO] __main__: 603327.SH 日线数据更新完成(120条)
[14:23:56] [引擎] 2026-07-30 14:23:56 [INFO] __main__: 000636.SZ 日线数据更新完成(120条)
[14:23:56] [引擎] 2026-07-30 14:23:56 [INFO] __main__: 603267.SH 日线数据更新完成(120条)
[14:23:56] [引擎] 2026-07-30 14:23:56 [INFO] __main__: 603986.SH 日线数据更新完成(120条)
[14:24:56] [引擎] 2026-07-30 14:24:56 [INFO] __main__: 检测到 state.json 变更，重新加载
[14:24:56] [引擎] 2026-07-30 14:24:56 [INFO] __main__: 加载盯盘状态: 24 只
[14:24:56] [引擎] 2026-07-30 14:24:56 [INFO] __main__: 新增盯盘: {'002580.SZ'}
[14:24:56] [引擎] 2026-07-30 14:24:56 [INFO] __main__: 000566.SZ 日线数据更新完成(120条)
[14:24:56] [引擎] 2026-07-30 14:24:56 [INFO] __main__: 000948.SZ 日线数据更新完成(120条)
[14:24:56] [引擎] 2026-07-30 14:24:56 [INFO] __main__: 002199.SZ 日线数据更新完成(120条)
[14:24:56] [引擎] 2026-07-30 14:24:56 [INFO] __main__: 002534.SZ 日线数据更新完成(120条)
[14:24:56] [引擎] 2026-07-30 14:24:56 [INFO] __main__: 002612.SZ 日线数据更新完成(120条)
[14:24:56] [引擎] 2026-07-30 14:24:56 [INFO] __main__: 002657.SZ 日线数据更新完成(120条)
[14:24:56] [引擎] 2026-07-30 14:24:56 [INFO] __main__: 002891.SZ 日线数据更新完成(120条)
[14:24:56] [引擎] 2026-07-30 14:24:56 [INFO] __main__: 600661.SH 日线数据更新完成(120条)
[14:24:56] [引擎] 2026-07-30 14:24:56 [INFO] __main__: 600733.SH 日线数据更新完成(120条)
[14:24:56] [引擎] 2026-07-30 14:24:56 [INFO] __main__: 603988.SH 日线数据更新完成(120条)
[14:24:56] [引擎] 2026-07-30 14:24:56 [INFO] __main__: 603580.SH 日线数据更新完成(120条)
[14:24:56] [引擎] 2026-07-30 14:24:56 [INFO] __main__: 605189.SH 日线数据更新完成(120条)
[14:24:56] [引擎] 2026-07-30 14:24:56 [INFO] __main__: 002585.SZ 日线数据更新完成(120条)
[14:24:56] [引擎] 2026-07-30 14:24:56 [INFO] __main__: 603918.SH 日线数据更新完成(120条)
[14:24:56] [引擎] 2026-07-30 14:24:56 [INFO] __main__: 001309.SZ 日线数据更新完成(120条)
[14:24:56] [引擎] 2026-07-30 14:24:56 [INFO] __main__: 600199.SH 日线数据更新完成(120条)
[14:24:56] [引擎] 2026-07-30 14:24:56 [INFO] __main__: 600722.SH 日线数据更新完成(120条)
[14:24:56] [引擎] 2026-07-30 14:24:56 [INFO] __main__: 000670.SZ 日线数据更新完成(120条)
[14:24:56] [引擎] 2026-07-30 14:24:56 [INFO] __main__: 000506.SZ 日线数据更新完成(120条)
[14:24:56] [引擎] 2026-07-30 14:24:56 [INFO] __main__: 603327.SH 日线数据更新完成(120条)
[14:24:56] [引擎] 2026-07-30 14:24:56 [INFO] __main__: 000636.SZ 日线数据更新完成(120条)
[14:24:56] [引擎] 2026-07-30 14:24:56 [INFO] __main__: 603267.SH 日线数据更新完成(120条)
[14:24:57] [引擎] 2026-07-30 14:24:57 [INFO] __main__: 603986.SH 日线数据更新完成(120条)
[14:24:57] [引擎] 2026-07-30 14:24:57 [INFO] __main__: 002580.SZ 日线数据更新完成(120条)
[14:25:57] [引擎] 2026-07-30 14:25:57 [INFO] __main__: 检测到 state.json 变更，重新加载
[14:25:57] [引擎] 2026-07-30 14:25:57 [INFO] __main__: 加载盯盘状态: 25 只
[14:25:57] [引擎] 2026-07-30 14:25:57 [INFO] __main__: 新增盯盘: {'603859.SH'}
[14:25:57] [引擎] 2026-07-30 14:25:57 [INFO] __main__: 000566.SZ 日线数据更新完成(120条)
[14:25:57] [引擎] 2026-07-30 14:25:57 [INFO] __main__: 000948.SZ 日线数据更新完成(120条)
[14:25:57] [引擎] 2026-07-30 14:25:57 [INFO] __main__: 002199.SZ 日线数据更新完成(120条)
[14:25:57] [引擎] 2026-07-30 14:25:57 [INFO] __main__: 002534.SZ 日线数据更新完成(120条)
[14:25:57] [引擎] 2026-07-30 14:25:57 [INFO] __main__: 002612.SZ 日线数据更新完成(120条)
[14:25:57] [引擎] 2026-07-30 14:25:57 [INFO] __main__: 002657.SZ 日线数据更新完成(120条)
[14:25:57] [引擎] 2026-07-30 14:25:57 [INFO] __main__: 002891.SZ 日线数据更新完成(120条)
[14:25:57] [引擎] 2026-07-30 14:25:57 [INFO] __main__: 600661.SH 日线数据更新完成(120条)
[14:25:57] [引擎] 2026-07-30 14:25:57 [INFO] __main__: 600733.SH 日线数据更新完成(120条)
[14:25:57] [引擎] 2026-07-30 14:25:57 [INFO] __main__: 603988.SH 日线数据更新完成(120条)
[14:25:57] [引擎] 2026-07-30 14:25:57 [INFO] __main__: 603580.SH 日线数据更新完成(120条)
[14:25:57] [引擎] 2026-07-30 14:25:57 [INFO] __main__: 605189.SH 日线数据更新完成(120条)
[14:25:57] [引擎] 2026-07-30 14:25:57 [INFO] __main__: 002585.SZ 日线数据更新完成(120条)
[14:25:57] [引擎] 2026-07-30 14:25:57 [INFO] __main__: 603918.SH 日线数据更新完成(120条)
[14:25:57] [引擎] 2026-07-30 14:25:57 [INFO] __main__: 001309.SZ 日线数据更新完成(120条)
[14:25:57] [引擎] 2026-07-30 14:25:57 [INFO] __main__: 600199.SH 日线数据更新完成(120条)
[14:25:57] [引擎] 2026-07-30 14:25:57 [INFO] __main__: 600722.SH 日线数据更新完成(120条)
[14:25:57] [引擎] 2026-07-30 14:25:57 [INFO] __main__: 000670.SZ 日线数据更新完成(120条)
[14:25:57] [引擎] 2026-07-30 14:25:57 [INFO] __main__: 000506.SZ 日线数据更新完成(120条)
[14:25:57] [引擎] 2026-07-30 14:25:57 [INFO] __main__: 603327.SH 日线数据更新完成(120条)
[14:25:57] [引擎] 2026-07-30 14:25:57 [INFO] __main__: 000636.SZ 日线数据更新完成(120条)
[14:25:58] [引擎]   [📡] 买入 000636 风华高科 100股 最优价=52.26 (最新价52.26)
[14:25:58] [引擎] 2026-07-30 14:25:58 [WARNING] __main__: 000636.SZ 跳过买入: 可用资金不足: 需5226 可用26
[14:25:58] [引擎] 2026-07-30 14:25:58 [INFO] __main__: 603267.SH 日线数据更新完成(120条)
[14:25:58] [引擎] 2026-07-30 14:25:58 [INFO] __main__: 603986.SH 日线数据更新完成(120条)
[14:25:58] [引擎] 2026-07-30 14:25:58 [INFO] __main__: 002580.SZ 日线数据更新完成(120条)
[14:25:59] [引擎] 2026-07-30 14:25:59 [INFO] __main__: 603859.SH 日线数据更新完成(120条)
[14:26:59] [引擎] 2026-07-30 14:26:59 [INFO] __main__: 检测到 state.json 变更，重新加载
[14:26:59] [引擎] 2026-07-30 14:26:59 [INFO] __main__: 加载盯盘状态: 25 只
[14:26:59] [引擎] 2026-07-30 14:26:59 [INFO] __main__: 000566.SZ 日线数据更新完成(120条)
[14:26:59] [引擎] 2026-07-30 14:26:59 [INFO] __main__: 000948.SZ 日线数据更新完成(120条)
[14:26:59] [引擎] 2026-07-30 14:26:59 [INFO] __main__: 002199.SZ 日线数据更新完成(120条)
[14:26:59] [引擎] 2026-07-30 14:26:59 [INFO] __main__: 002534.SZ 日线数据更新完成(120条)
[14:26:59] [引擎] 2026-07-30 14:26:59 [INFO] __main__: 002612.SZ 日线数据更新完成(120条)
[14:26:59] [引擎] 2026-07-30 14:26:59 [INFO] __main__: 002657.SZ 日线数据更新完成(120条)
[14:26:59] [引擎] 2026-07-30 14:26:59 [INFO] __main__: 002891.SZ 日线数据更新完成(120条)
[14:26:59] [引擎] 2026-07-30 14:26:59 [INFO] __main__: 600661.SH 日线数据更新完成(120条)
[14:26:59] [引擎] 2026-07-30 14:26:59 [INFO] __main__: 600733.SH 日线数据更新完成(120条)
[14:26:59] [引擎] 2026-07-30 14:26:59 [INFO] __main__: 603988.SH 日线数据更新完成(120条)
[14:26:59] [引擎] 2026-07-30 14:26:59 [INFO] __main__: 603580.SH 日线数据更新完成(120条)
[14:26:59] [引擎] 2026-07-30 14:26:59 [INFO] __main__: 605189.SH 日线数据更新完成(120条)
[14:26:59] [引擎] 2026-07-30 14:26:59 [INFO] __main__: 002585.SZ 日线数据更新完成(120条)
[14:26:59] [引擎] 2026-07-30 14:26:59 [INFO] __main__: 603918.SH 日线数据更新完成(120条)
[14:26:59] [引擎] 2026-07-30 14:26:59 [INFO] __main__: 001309.SZ 日线数据更新完成(120条)
[14:26:59] [引擎] 2026-07-30 14:26:59 [INFO] __main__: 600199.SH 日线数据更新完成(120条)
[14:26:59] [引擎] 2026-07-30 14:26:59 [INFO] __main__: 600722.SH 日线数据更新完成(120条)
[14:26:59] [引擎] 2026-07-30 14:26:59 [INFO] __main__: 000670.SZ 日线数据更新完成(120条)
[14:26:59] [引擎] 2026-07-30 14:26:59 [INFO] __main__: 000506.SZ 日线数据更新完成(120条)
[14:26:59] [引擎] 2026-07-30 14:26:59 [INFO] __main__: 603327.SH 日线数据更新完成(120条)
[14:26:59] [引擎] 2026-07-30 14:26:59 [INFO] __main__: 000636.SZ 日线数据更新完成(120条)
[14:26:59] [引擎] 2026-07-30 14:26:59 [INFO] __main__: 603267.SH 日线数据更新完成(120条)
[14:26:59] [引擎] 2026-07-30 14:26:59 [INFO] __main__: 603986.SH 日线数据更新完成(120条)
[14:26:59] [引擎] 2026-07-30 14:26:59 [INFO] __main__: 002580.SZ 日线数据更新完成(120条)
[14:26:59] [引擎] 2026-07-30 14:26:59 [INFO] __main__: 603859.SH 日线数据更新完成(120条)
[14:28:00] [引擎] 2026-07-30 14:28:00 [INFO] __main__: 检测到 state.json 变更，重新加载
[14:28:00] [引擎] 2026-07-30 14:28:00 [INFO] __main__: 加载盯盘状态: 25 只
[14:28:00] [引擎] 2026-07-30 14:28:00 [INFO] __main__: 000566.SZ 日线数据更新完成(120条)
[14:28:00] [引擎] 2026-07-30 14:28:00 [INFO] __main__: 000948.SZ 日线数据更新完成(120条)
[14:28:00] [引擎] 2026-07-30 14:28:00 [INFO] __main__: 002199.SZ 日线数据更新完成(120条)
[14:28:00] [引擎] 2026-07-30 14:28:00 [INFO] __main__: 002534.SZ 日线数据更新完成(120条)
[14:28:00] [引擎] 2026-07-30 14:28:00 [INFO] __main__: 002612.SZ 日线数据更新完成(120条)
[14:28:00] [引擎] 2026-07-30 14:28:00 [INFO] __main__: 002657.SZ 日线数据更新完成(120条)
[14:28:00] [引擎] 2026-07-30 14:28:00 [INFO] __main__: 002891.SZ 日线数据更新完成(120条)
[14:28:00] [引擎] 2026-07-30 14:28:00 [INFO] __main__: 600661.SH 日线数据更新完成(120条)
[14:28:00] [引擎] 2026-07-30 14:28:00 [INFO] __main__: 600733.SH 日线数据更新完成(120条)
[14:28:00] [引擎] 2026-07-30 14:28:00 [INFO] __main__: 603988.SH 日线数据更新完成(120条)
[14:28:00] [引擎] 2026-07-30 14:28:00 [INFO] __main__: 603580.SH 日线数据更新完成(120条)
[14:28:00] [引擎] 2026-07-30 14:28:00 [INFO] __main__: 605189.SH 日线数据更新完成(120条)
[14:28:00] [引擎] 2026-07-30 14:28:00 [INFO] __main__: 002585.SZ 日线数据更新完成(120条)
[14:28:00] [引擎] 2026-07-30 14:28:00 [INFO] __main__: 603918.SH 日线数据更新完成(120条)
[14:28:00] [引擎] 2026-07-30 14:28:00 [INFO] __main__: 001309.SZ 日线数据更新完成(120条)
[14:28:00] [引擎] 2026-07-30 14:28:00 [INFO] __main__: 600199.SH 日线数据更新完成(120条)
[14:28:00] [引擎] 2026-07-30 14:28:00 [INFO] __main__: 600722.SH 日线数据更新完成(120条)
[14:28:00] [引擎] 2026-07-30 14:28:00 [INFO] __main__: 000670.SZ 日线数据更新完成(120条)
[14:28:00] [引擎] 2026-07-30 14:28:00 [INFO] __main__: 000506.SZ 日线数据更新完成(120条)
[14:28:00] [引擎] 2026-07-30 14:28:00 [INFO] __main__: 603327.SH 日线数据更新完成(120条)
[14:28:00] [引擎] 2026-07-30 14:28:00 [INFO] __main__: 000636.SZ 日线数据更新完成(120条)
[14:28:00] [引擎] 2026-07-30 14:28:00 [INFO] __main__: 603267.SH 日线数据更新完成(120条)
[14:28:01] [引擎] 2026-07-30 14:28:01 [INFO] __main__: 603986.SH 日线数据更新完成(120条)
[14:28:01] [引擎] 2026-07-30 14:28:01 [INFO] __main__: 002580.SZ 日线数据更新完成(120条)
[14:28:01] [引擎] 2026-07-30 14:28:01 [INFO] __main__: 603859.SH 日线数据更新完成(120条)
[14:29:01] [引擎] 2026-07-30 14:29:01 [INFO] __main__: 检测到 state.json 变更，重新加载
[14:29:01] [引擎] 2026-07-30 14:29:01 [INFO] __main__: 加载盯盘状态: 25 只
[14:29:01] [引擎] 2026-07-30 14:29:01 [INFO] __main__: 000566.SZ 日线数据更新完成(120条)
[14:29:01] [引擎] 2026-07-30 14:29:01 [INFO] __main__: 000948.SZ 日线数据更新完成(120条)
[14:29:01] [引擎] 2026-07-30 14:29:01 [INFO] __main__: 002199.SZ 日线数据更新完成(120条)
[14:29:01] [引擎] 2026-07-30 14:29:01 [INFO] __main__: 002534.SZ 日线数据更新完成(120条)
[14:29:01] [引擎] 2026-07-30 14:29:01 [INFO] __main__: 002612.SZ 日线数据更新完成(120条)
[14:29:01] [引擎] 2026-07-30 14:29:01 [INFO] __main__: 002657.SZ 日线数据更新完成(120条)
[14:29:01] [引擎] 2026-07-30 14:29:01 [INFO] __main__: 002891.SZ 日线数据更新完成(120条)
[14:29:01] [引擎] 2026-07-30 14:29:01 [INFO] __main__: 600661.SH 日线数据更新完成(120条)
[14:29:01] [引擎] 2026-07-30 14:29:01 [INFO] __main__: 600733.SH 日线数据更新完成(120条)
[14:29:01] [引擎] 2026-07-30 14:29:01 [INFO] __main__: 603988.SH 日线数据更新完成(120条)
[14:29:01] [引擎] 2026-07-30 14:29:01 [INFO] __main__: 603580.SH 日线数据更新完成(120条)
[14:29:01] [引擎] 2026-07-30 14:29:01 [INFO] __main__: 605189.SH 日线数据更新完成(120条)
[14:29:01] [引擎] 2026-07-30 14:29:01 [INFO] __main__: 002585.SZ 日线数据更新完成(120条)
[14:29:01] [引擎] 2026-07-30 14:29:01 [INFO] __main__: 603918.SH 日线数据更新完成(120条)
[14:29:01] [引擎] 2026-07-30 14:29:01 [INFO] __main__: 001309.SZ 日线数据更新完成(120条)
[14:29:01] [引擎] 2026-07-30 14:29:01 [INFO] __main__: 600199.SH 日线数据更新完成(120条)
[14:29:01] [引擎] 2026-07-30 14:29:01 [INFO] __main__: 600722.SH 日线数据更新完成(120条)
[14:29:01] [引擎] 2026-07-30 14:29:01 [INFO] __main__: 000670.SZ 日线数据更新完成(120条)
[14:29:01] [引擎] 2026-07-30 14:29:01 [INFO] __main__: 000506.SZ 日线数据更新完成(120条)
[14:29:01] [引擎] 2026-07-30 14:29:01 [INFO] __main__: 603327.SH 日线数据更新完成(120条)
[14:29:01] [引擎] 2026-07-30 14:29:01 [INFO] __main__: 000636.SZ 日线数据更新完成(120条)
[14:29:01] [引擎] 2026-07-30 14:29:01 [INFO] __main__: 603267.SH 日线数据更新完成(120条)
[14:29:01] [引擎] 2026-07-30 14:29:01 [INFO] __main__: 603986.SH 日线数据更新完成(120条)
[14:29:01] [引擎] 2026-07-30 14:29:01 [INFO] __main__: 002580.SZ 日线数据更新完成(120条)
[14:29:01] [引擎] 2026-07-30 14:29:01 [INFO] __main__: 603859.SH 日线数据更新完成(120条)
[14:30:01] [引擎] 2026-07-30 14:30:01 [INFO] __main__: 检测到 state.json 变更，重新加载
[14:30:01] [引擎] 2026-07-30 14:30:01 [INFO] __main__: 加载盯盘状态: 27 只
[14:30:01] [引擎] 2026-07-30 14:30:01 [INFO] __main__: 新增盯盘: {'001258.SZ', '600105.SH'}
[14:30:01] [引擎] 2026-07-30 14:30:01 [INFO] __main__: 000566.SZ 日线数据更新完成(120条)
[14:30:01] [引擎] 2026-07-30 14:30:01 [INFO] __main__: 000948.SZ 日线数据更新完成(120条)
[14:30:01] [引擎] 2026-07-30 14:30:01 [INFO] __main__: 002199.SZ 日线数据更新完成(120条)
[14:30:01] [引擎] 2026-07-30 14:30:01 [INFO] __main__: 002534.SZ 日线数据更新完成(120条)
[14:30:01] [引擎] 2026-07-30 14:30:01 [INFO] __main__: 002612.SZ 日线数据更新完成(120条)
[14:30:01] [引擎] 2026-07-30 14:30:01 [INFO] __main__: 002657.SZ 日线数据更新完成(120条)
[14:30:01] [引擎] 2026-07-30 14:30:01 [INFO] __main__: 002891.SZ 日线数据更新完成(120条)
[14:30:01] [引擎] 2026-07-30 14:30:01 [INFO] __main__: 600661.SH 日线数据更新完成(120条)
[14:30:01] [引擎] 2026-07-30 14:30:01 [INFO] __main__: 600733.SH 日线数据更新完成(120条)
[14:30:01] [引擎] 2026-07-30 14:30:01 [INFO] __main__: 603988.SH 日线数据更新完成(120条)
[14:30:01] [引擎] 2026-07-30 14:30:01 [INFO] __main__: 603580.SH 日线数据更新完成(120条)
[14:30:01] [引擎] 2026-07-30 14:30:01 [INFO] __main__: 605189.SH 日线数据更新完成(120条)
[14:30:01] [引擎] 2026-07-30 14:30:01 [INFO] __main__: 002585.SZ 日线数据更新完成(120条)
[14:30:01] [引擎] 2026-07-30 14:30:01 [INFO] __main__: 603918.SH 日线数据更新完成(120条)
[14:30:01] [引擎] 2026-07-30 14:30:01 [INFO] __main__: 001309.SZ 日线数据更新完成(120条)
[14:30:01] [引擎] 2026-07-30 14:30:01 [INFO] __main__: 600199.SH 日线数据更新完成(120条)
[14:30:01] [引擎] 2026-07-30 14:30:01 [INFO] __main__: 600722.SH 日线数据更新完成(120条)
[14:30:01] [引擎] 2026-07-30 14:30:01 [INFO] __main__: 000670.SZ 日线数据更新完成(120条)
[14:30:01] [引擎] 2026-07-30 14:30:01 [INFO] __main__: 000506.SZ 日线数据更新完成(120条)
[14:30:01] [引擎] 2026-07-30 14:30:01 [INFO] __main__: 603327.SH 日线数据更新完成(120条)
[14:30:02] [引擎] 2026-07-30 14:30:02 [INFO] __main__: 000636.SZ 日线数据更新完成(120条)
[14:30:02] [引擎]   [📡] 买入 000636 风华高科 100股 最优价=52.26 (最新价52.26)
[14:30:02] [引擎] 2026-07-30 14:30:02 [WARNING] __main__: 000636.SZ 跳过买入: 可用资金不足: 需5226 可用26
[14:30:02] [引擎] 2026-07-30 14:30:02 [INFO] __main__: 603267.SH 日线数据更新完成(120条)
[14:30:02] [引擎] 2026-07-30 14:30:02 [INFO] __main__: 603986.SH 日线数据更新完成(120条)
[14:30:02] [引擎] 2026-07-30 14:30:02 [INFO] __main__: 002580.SZ 日线数据更新完成(120条)
[14:30:02] [引擎] 2026-07-30 14:30:02 [INFO] __main__: 603859.SH 日线数据更新完成(120条)
[14:30:02] [引擎] 2026-07-30 14:30:02 [INFO] __main__: 001258.SZ 日线数据更新完成(120条)
[14:30:02] [引擎] 2026-07-30 14:30:02 [INFO] __main__: 600105.SH 日线数据更新完成(120条)
[14:31:02] [引擎] 2026-07-30 14:31:02 [INFO] __main__: 检测到 state.json 变更，重新加载
[14:31:02] [引擎] 2026-07-30 14:31:02 [INFO] __main__: 加载盯盘状态: 27 只
[14:31:02] [引擎] 2026-07-30 14:31:02 [INFO] __main__: 000566.SZ 日线数据更新完成(120条)
[14:31:02] [引擎] 2026-07-30 14:31:02 [INFO] __main__: 000948.SZ 日线数据更新完成(120条)
[14:31:02] [引擎] 2026-07-30 14:31:02 [INFO] __main__: 002199.SZ 日线数据更新完成(120条)
[14:31:02] [引擎] 2026-07-30 14:31:02 [INFO] __main__: 002534.SZ 日线数据更新完成(120条)
[14:31:02] [引擎] 2026-07-30 14:31:02 [INFO] __main__: 002612.SZ 日线数据更新完成(120条)
[14:31:02] [引擎] 2026-07-30 14:31:02 [INFO] __main__: 002657.SZ 日线数据更新完成(120条)
[14:31:02] [引擎] 2026-07-30 14:31:02 [INFO] __main__: 002891.SZ 日线数据更新完成(120条)
[14:31:03] [引擎] 2026-07-30 14:31:03 [INFO] __main__: 600661.SH 日线数据更新完成(120条)
[14:31:03] [引擎] 2026-07-30 14:31:03 [INFO] __main__: 600733.SH 日线数据更新完成(120条)
[14:31:03] [引擎] 2026-07-30 14:31:03 [INFO] __main__: 603988.SH 日线数据更新完成(120条)
[14:31:03] [引擎] 2026-07-30 14:31:03 [INFO] __main__: 603580.SH 日线数据更新完成(120条)
[14:31:03] [引擎] 2026-07-30 14:31:03 [INFO] __main__: 605189.SH 日线数据更新完成(120条)
[14:31:03] [引擎] 2026-07-30 14:31:03 [INFO] __main__: 002585.SZ 日线数据更新完成(120条)
[14:31:03] [引擎] 2026-07-30 14:31:03 [INFO] __main__: 603918.SH 日线数据更新完成(120条)
[14:31:03] [引擎] 2026-07-30 14:31:03 [INFO] __main__: 001309.SZ 日线数据更新完成(120条)
[14:31:03] [引擎] 2026-07-30 14:31:03 [INFO] __main__: 600199.SH 日线数据更新完成(120条)
[14:31:03] [引擎] 2026-07-30 14:31:03 [INFO] __main__: 600722.SH 日线数据更新完成(120条)
[14:31:03] [引擎] 2026-07-30 14:31:03 [INFO] __main__: 000670.SZ 日线数据更新完成(120条)
[14:31:03] [引擎] 2026-07-30 14:31:03 [INFO] __main__: 000506.SZ 日线数据更新完成(120条)
[14:31:03] [引擎] 2026-07-30 14:31:03 [INFO] __main__: 603327.SH 日线数据更新完成(120条)
[14:31:03] [引擎] 2026-07-30 14:31:03 [INFO] __main__: 000636.SZ 日线数据更新完成(120条)
[14:31:03] [引擎] 2026-07-30 14:31:03 [INFO] __main__: 603267.SH 日线数据更新完成(120条)
[14:31:03] [引擎] 2026-07-30 14:31:03 [INFO] __main__: 603986.SH 日线数据更新完成(120条)
[14:31:03] [引擎] 2026-07-30 14:31:03 [INFO] __main__: 002580.SZ 日线数据更新完成(120条)
[14:31:03] [引擎] 2026-07-30 14:31:03 [INFO] __main__: 603859.SH 日线数据更新完成(120条)
[14:31:03] [引擎] 2026-07-30 14:31:03 [INFO] __main__: 001258.SZ 日线数据更新完成(120条)
[14:31:03] [引擎] 2026-07-30 14:31:03 [INFO] __main__: 600105.SH 日线数据更新完成(120条)
[14:32:03] [引擎] 2026-07-30 14:32:03 [INFO] __main__: 检测到 state.json 变更，重新加载
[14:32:03] [引擎] 2026-07-30 14:32:03 [INFO] __main__: 加载盯盘状态: 27 只
[14:32:03] [引擎] 2026-07-30 14:32:03 [INFO] __main__: 000566.SZ 日线数据更新完成(120条)
[14:32:03] [引擎] 2026-07-30 14:32:03 [INFO] __main__: 000948.SZ 日线数据更新完成(120条)
[14:32:03] [引擎] 2026-07-30 14:32:03 [INFO] __main__: 002199.SZ 日线数据更新完成(120条)
[14:32:03] [引擎] 2026-07-30 14:32:03 [INFO] __main__: 002534.SZ 日线数据更新完成(120条)
[14:32:04] [引擎] 2026-07-30 14:32:04 [INFO] __main__: 002612.SZ 日线数据更新完成(120条)
[14:32:04] [引擎] 2026-07-30 14:32:04 [INFO] __main__: 002657.SZ 日线数据更新完成(120条)
[14:32:04] [引擎] 2026-07-30 14:32:04 [INFO] __main__: 002891.SZ 日线数据更新完成(120条)
[14:32:04] [引擎] 2026-07-30 14:32:04 [INFO] __main__: 600661.SH 日线数据更新完成(120条)
[14:32:04] [引擎] 2026-07-30 14:32:04 [INFO] __main__: 600733.SH 日线数据更新完成(120条)
[14:32:04] [引擎] 2026-07-30 14:32:04 [INFO] __main__: 603988.SH 日线数据更新完成(120条)
[14:32:04] [引擎] 2026-07-30 14:32:04 [INFO] __main__: 603580.SH 日线数据更新完成(120条)
[14:32:04] [引擎] 2026-07-30 14:32:04 [INFO] __main__: 605189.SH 日线数据更新完成(120条)
[14:32:04] [引擎] 2026-07-30 14:32:04 [INFO] __main__: 002585.SZ 日线数据更新完成(120条)
[14:32:04] [引擎] 2026-07-30 14:32:04 [INFO] __main__: 603918.SH 日线数据更新完成(120条)
[14:32:04] [引擎] 2026-07-30 14:32:04 [INFO] __main__: 001309.SZ 日线数据更新完成(120条)
[14:32:04] [引擎] 2026-07-30 14:32:04 [INFO] __main__: 600199.SH 日线数据更新完成(120条)
[14:32:04] [引擎] 2026-07-30 14:32:04 [INFO] __main__: 600722.SH 日线数据更新完成(120条)
[14:32:04] [引擎] 2026-07-30 14:32:04 [INFO] __main__: 000670.SZ 日线数据更新完成(120条)
[14:32:04] [引擎] 2026-07-30 14:32:04 [INFO] __main__: 000506.SZ 日线数据更新完成(120条)
[14:32:04] [引擎] 2026-07-30 14:32:04 [INFO] __main__: 603327.SH 日线数据更新完成(120条)
[14:32:04] [引擎] 2026-07-30 14:32:04 [INFO] __main__: 000636.SZ 日线数据更新完成(120条)
[14:32:04] [引擎] 2026-07-30 14:32:04 [INFO] __main__: 603267.SH 日线数据更新完成(120条)
[14:32:04] [引擎] 2026-07-30 14:32:04 [INFO] __main__: 603986.SH 日线数据更新完成(120条)
[14:32:04] [引擎] 2026-07-30 14:32:04 [INFO] __main__: 002580.SZ 日线数据更新完成(120条)
[14:32:04] [引擎] 2026-07-30 14:32:04 [INFO] __main__: 603859.SH 日线数据更新完成(120条)
[14:32:04] [引擎] 2026-07-30 14:32:04 [INFO] __main__: 001258.SZ 日线数据更新完成(120条)
[14:32:04] [引擎] 2026-07-30 14:32:04 [INFO] __main__: 600105.SH 日线数据更新完成(120条)
[14:33:04] [引擎] 2026-07-30 14:33:04 [INFO] __main__: 检测到 state.json 变更，重新加载
[14:33:04] [引擎] 2026-07-30 14:33:04 [INFO] __main__: 加载盯盘状态: 28 只
[14:33:04] [引擎] 2026-07-30 14:33:04 [INFO] __main__: 新增盯盘: {'603619.SH'}
[14:33:04] [引擎] 2026-07-30 14:33:04 [INFO] __main__: 000566.SZ 日线数据更新完成(120条)
[14:33:04] [引擎] 2026-07-30 14:33:04 [WARNING] __main__: 000566.SZ 无行情数据（共享内存无数据1次）
[14:33:04] [引擎] 2026-07-30 14:33:04 [INFO] __main__: 000948.SZ 日线数据更新完成(120条)
[14:33:04] [引擎] 2026-07-30 14:33:04 [WARNING] __main__: 000948.SZ 无行情数据（共享内存无数据2次）
[14:33:04] [引擎] 2026-07-30 14:33:04 [INFO] __main__: 002199.SZ 日线数据更新完成(120条)
[14:33:04] [引擎] 2026-07-30 14:33:04 [WARNING] __main__: 002199.SZ 无行情数据（共享内存无数据3次）
[14:33:04] [引擎] 2026-07-30 14:33:04 [INFO] __main__: 002534.SZ 日线数据更新完成(120条)
[14:33:04] [引擎] 2026-07-30 14:33:04 [WARNING] __main__: 002534.SZ 无行情数据（共享内存无数据4次）
[14:33:04] [引擎] 2026-07-30 14:33:04 [INFO] __main__: 002612.SZ 日线数据更新完成(120条)
[14:33:04] [引擎] 2026-07-30 14:33:04 [WARNING] __main__: 002612.SZ 无行情数据（共享内存无数据5次）
[14:33:04] [引擎] 2026-07-30 14:33:04 [INFO] __main__: 002657.SZ 日线数据更新完成(120条)
[14:33:04] [引擎] 2026-07-30 14:33:04 [WARNING] __main__: 002657.SZ 无行情数据（共享内存无数据6次）
[14:33:04] [引擎] 2026-07-30 14:33:04 [INFO] __main__: 002891.SZ 日线数据更新完成(120条)
[14:33:04] [引擎] 2026-07-30 14:33:04 [WARNING] __main__: 002891.SZ 无行情数据（共享内存无数据7次）
[14:33:04] [引擎] 2026-07-30 14:33:04 [INFO] __main__: 600661.SH 日线数据更新完成(120条)
[14:33:04] [引擎] 2026-07-30 14:33:04 [WARNING] __main__: 600661.SH 无行情数据（共享内存无数据8次）
[14:33:04] [引擎] 2026-07-30 14:33:04 [INFO] __main__: 600733.SH 日线数据更新完成(120条)
[14:33:04] [引擎] 2026-07-30 14:33:04 [WARNING] __main__: 600733.SH 无行情数据（共享内存无数据9次）
[14:33:04] [引擎] 2026-07-30 14:33:04 [INFO] __main__: 603988.SH 日线数据更新完成(120条)
[14:33:04] [引擎] 2026-07-30 14:33:04 [WARNING] __main__: 603988.SH 无行情数据（共享内存无数据10次）
[14:33:04] [引擎] 2026-07-30 14:33:04 [INFO] __main__: 603580.SH 日线数据更新完成(120条)
[14:33:04] [引擎] 2026-07-30 14:33:04 [WARNING] __main__: 603580.SH 无行情数据（共享内存无数据11次）
[14:33:04] [引擎] 2026-07-30 14:33:04 [INFO] __main__: 605189.SH 日线数据更新完成(120条)
[14:33:04] [引擎] 2026-07-30 14:33:04 [WARNING] __main__: 605189.SH 无行情数据（共享内存无数据12次）
[14:33:04] [引擎] 2026-07-30 14:33:04 [INFO] __main__: 002585.SZ 日线数据更新完成(120条)
[14:33:04] [引擎] 2026-07-30 14:33:04 [WARNING] __main__: 002585.SZ 无行情数据（共享内存无数据13次）
[14:33:04] [引擎] 2026-07-30 14:33:04 [INFO] __main__: 603918.SH 日线数据更新完成(120条)
[14:33:04] [引擎] 2026-07-30 14:33:04 [WARNING] __main__: 603918.SH 无行情数据（共享内存无数据14次）
[14:33:04] [引擎] 2026-07-30 14:33:04 [INFO] __main__: 001309.SZ 日线数据更新完成(120条)
[14:33:04] [引擎] 2026-07-30 14:33:04 [WARNING] __main__: 001309.SZ 无行情数据（共享内存无数据15次）
[14:33:04] [引擎] 2026-07-30 14:33:04 [INFO] __main__: 600199.SH 日线数据更新完成(120条)
[14:33:04] [引擎] 2026-07-30 14:33:04 [WARNING] __main__: 600199.SH 无行情数据（共享内存无数据16次）
[14:33:04] [引擎] 2026-07-30 14:33:04 [INFO] __main__: 600722.SH 日线数据更新完成(120条)
[14:33:04] [引擎] 2026-07-30 14:33:04 [WARNING] __main__: 600722.SH 无行情数据（共享内存无数据17次）
[14:33:04] [引擎] 2026-07-30 14:33:04 [INFO] __main__: 000670.SZ 日线数据更新完成(120条)
[14:33:04] [引擎] 2026-07-30 14:33:04 [INFO] __main__: 000506.SZ 日线数据更新完成(120条)
[14:33:04] [引擎] 2026-07-30 14:33:04 [INFO] __main__: 603327.SH 日线数据更新完成(120条)
[14:33:05] [引擎]   [📡] 买入 603327 福蓉科技 100股 最优价=9.19 (卖一9.19量21400)
[14:33:05] [引擎] 2026-07-30 14:33:05 [WARNING] __main__: 603327.SH 跳过买入: 可用资金不足: 需919 可用26
[14:33:05] [引擎] 2026-07-30 14:33:05 [INFO] __main__: 000636.SZ 日线数据更新完成(120条)
[14:33:05] [引擎] 2026-07-30 14:33:05 [INFO] __main__: 603267.SH 日线数据更新完成(120条)
[14:33:05] [引擎] 2026-07-30 14:33:05 [INFO] __main__: 603986.SH 日线数据更新完成(120条)
[14:33:05] [引擎] 2026-07-30 14:33:05 [INFO] __main__: 002580.SZ 日线数据更新完成(120条)
[14:33:05] [引擎] 2026-07-30 14:33:05 [INFO] __main__: 603859.SH 日线数据更新完成(120条)
[14:33:05] [引擎] 2026-07-30 14:33:05 [INFO] __main__: 001258.SZ 日线数据更新完成(120条)
[14:33:05] [引擎] 2026-07-30 14:33:05 [INFO] __main__: 600105.SH 日线数据更新完成(120条)
[14:33:05] [引擎] 2026-07-30 14:33:05 [INFO] __main__: 603619.SH 日线数据更新完成(120条)
[14:33:05] [引擎] 2026-07-30 14:33:05 [WARNING] __main__: 603619.SH 无行情数据（共享内存无数据1次）
[14:34:05] [引擎] 2026-07-30 14:34:05 [INFO] __main__: 检测到 state.json 变更，重新加载
[14:34:05] [引擎] 2026-07-30 14:34:05 [INFO] __main__: 加载盯盘状态: 28 只
[14:34:05] [引擎] 2026-07-30 14:34:05 [INFO] __main__: 盯盘心跳 #41: 28只 [海南海药(000566.SZ)[watching], 南天信息(000948.SZ)[watching], 东晶电子(002199.SZ)[watching], 西子洁能(002534.SZ)[entered], 朗姿股份(002612.SZ)[watching], 中科金财(002657.SZ)[watching], 中宠股份(002891.SZ)[watching], 昂立教育(600661.SH)[entered], 北汽蓝谷(600733.SH)[watching], 中电电机(603988.SH)[watching], 艾艾精工(603580.SH)[watching], 富春染织(605189.SH)[watching], 双星新材(002585.SZ)[alerted], 金桥信息(603918.SH)[watching], 德明利(001309.SZ)[watching], 金种子酒(600199.SH)[watching], 金牛化工(600722.SH)[watching], 盈方微(000670.SZ)[watching], 招金黄金(000506.SZ)[watching], 福蓉科技(603327.SH)[watching], 风华高科(000636.SZ)[alerted], 鸿远电子(603267.SH)[watching], 兆易创新(603986.SH)[watching], 圣阳股份(002580.SZ)[watching], 能科科技(603859.SH)[watching], 立新能源(001258.SZ)[watching], 永鼎股份(600105.SH)[alerted], 中曼石油(603619.SH)[watching]]
[14:34:05] [引擎] 2026-07-30 14:34:05 [INFO] __main__: 000566.SZ 日线数据更新完成(120条)
[14:34:05] [引擎] 2026-07-30 14:34:05 [INFO] __main__: 000948.SZ 日线数据更新完成(120条)
[14:34:05] [引擎] 2026-07-30 14:34:05 [INFO] __main__: 002199.SZ 日线数据更新完成(120条)
[14:34:05] [引擎] 2026-07-30 14:34:05 [INFO] __main__: 002534.SZ 日线数据更新完成(120条)
[14:34:05] [引擎] 2026-07-30 14:34:05 [INFO] __main__: 002612.SZ 日线数据更新完成(120条)
[14:34:05] [引擎] 2026-07-30 14:34:05 [INFO] __main__: 002657.SZ 日线数据更新完成(120条)
[14:34:05] [引擎] 2026-07-30 14:34:05 [INFO] __main__: 002891.SZ 日线数据更新完成(120条)
[14:34:05] [引擎] 2026-07-30 14:34:05 [INFO] __main__: 600661.SH 日线数据更新完成(120条)
[14:34:05] [引擎] 2026-07-30 14:34:05 [INFO] __main__: 600733.SH 日线数据更新完成(120条)
[14:34:05] [引擎] 2026-07-30 14:34:05 [INFO] __main__: 603988.SH 日线数据更新完成(120条)
[14:34:05] [引擎] 2026-07-30 14:34:05 [INFO] __main__: 603580.SH 日线数据更新完成(120条)
[14:34:05] [引擎] 2026-07-30 14:34:05 [INFO] __main__: 605189.SH 日线数据更新完成(120条)
[14:34:05] [引擎] 2026-07-30 14:34:05 [INFO] __main__: 002585.SZ 日线数据更新完成(120条)
[14:34:05] [引擎] 2026-07-30 14:34:05 [INFO] __main__: 603918.SH 日线数据更新完成(120条)
[14:34:05] [引擎] 2026-07-30 14:34:05 [INFO] __main__: 001309.SZ 日线数据更新完成(120条)
[14:34:05] [引擎] 2026-07-30 14:34:05 [INFO] __main__: 600199.SH 日线数据更新完成(120条)
[14:34:05] [引擎] 2026-07-30 14:34:05 [INFO] __main__: 600722.SH 日线数据更新完成(120条)
[14:34:05] [引擎] 2026-07-30 14:34:05 [INFO] __main__: 000670.SZ 日线数据更新完成(120条)
[14:34:06] [引擎] 2026-07-30 14:34:06 [INFO] __main__: 000506.SZ 日线数据更新完成(120条)
[14:34:06] [引擎] 2026-07-30 14:34:06 [INFO] __main__: 603327.SH 日线数据更新完成(120条)
[14:34:06] [引擎] 2026-07-30 14:34:06 [INFO] __main__: 000636.SZ 日线数据更新完成(120条)
[14:34:06] [引擎]   [📡] 买入 000636 风华高科 100股 最优价=52.26 (最新价52.26)
[14:34:06] [引擎] 2026-07-30 14:34:06 [WARNING] __main__: 000636.SZ 跳过买入: 可用资金不足: 需5226 可用26
[14:34:06] [引擎] 2026-07-30 14:34:06 [INFO] __main__: 603267.SH 日线数据更新完成(120条)
[14:34:06] [引擎] 2026-07-30 14:34:06 [INFO] __main__: 603986.SH 日线数据更新完成(120条)
[14:34:06] [引擎] 2026-07-30 14:34:06 [INFO] __main__: 002580.SZ 日线数据更新完成(120条)
[14:34:06] [引擎] 2026-07-30 14:34:06 [INFO] __main__: 603859.SH 日线数据更新完成(120条)
[14:34:06] [引擎] 2026-07-30 14:34:06 [INFO] __main__: 001258.SZ 日线数据更新完成(120条)
[14:34:06] [引擎] 2026-07-30 14:34:06 [INFO] __main__: 600105.SH 日线数据更新完成(120条)
[14:34:06] [引擎] 2026-07-30 14:34:06 [INFO] __main__: 603619.SH 日线数据更新完成(120条)
[14:35:07] [引擎] 2026-07-30 14:35:07 [INFO] __main__: 检测到 state.json 变更，重新加载
[14:35:07] [引擎] 2026-07-30 14:35:07 [INFO] __main__: 加载盯盘状态: 28 只
[14:35:07] [引擎] 2026-07-30 14:35:07 [INFO] __main__: 000566.SZ 日线数据更新完成(120条)
[14:35:07] [引擎] 2026-07-30 14:35:07 [INFO] __main__: 000948.SZ 日线数据更新完成(120条)
[14:35:07] [引擎] 2026-07-30 14:35:07 [INFO] __main__: 002199.SZ 日线数据更新完成(120条)
[14:35:07] [引擎] 2026-07-30 14:35:07 [INFO] __main__: 002534.SZ 日线数据更新完成(120条)
[14:35:07] [引擎] 2026-07-30 14:35:07 [INFO] __main__: 002612.SZ 日线数据更新完成(120条)
[14:35:07] [引擎] 2026-07-30 14:35:07 [INFO] __main__: 002657.SZ 日线数据更新完成(120条)
[14:35:07] [引擎] 2026-07-30 14:35:07 [INFO] __main__: 002891.SZ 日线数据更新完成(120条)
[14:35:07] [引擎] 2026-07-30 14:35:07 [INFO] __main__: 600661.SH 日线数据更新完成(120条)
[14:35:07] [引擎] 2026-07-30 14:35:07 [INFO] __main__: 600733.SH 日线数据更新完成(120条)
[14:35:07] [引擎] 2026-07-30 14:35:07 [INFO] __main__: 603988.SH 日线数据更新完成(120条)
[14:35:07] [引擎] 2026-07-30 14:35:07 [INFO] __main__: 603580.SH 日线数据更新完成(120条)
[14:35:07] [引擎] 2026-07-30 14:35:07 [INFO] __main__: 605189.SH 日线数据更新完成(120条)
[14:35:07] [引擎] 2026-07-30 14:35:07 [INFO] __main__: 002585.SZ 日线数据更新完成(120条)
[14:35:07] [引擎] 2026-07-30 14:35:07 [INFO] __main__: 603918.SH 日线数据更新完成(120条)
[14:35:07] [引擎] 2026-07-30 14:35:07 [INFO] __main__: 001309.SZ 日线数据更新完成(120条)
[14:35:07] [引擎] 2026-07-30 14:35:07 [INFO] __main__: 600199.SH 日线数据更新完成(120条)
[14:35:07] [引擎] 2026-07-30 14:35:07 [INFO] __main__: 600722.SH 日线数据更新完成(120条)
[14:35:07] [引擎] 2026-07-30 14:35:07 [INFO] __main__: 000670.SZ 日线数据更新完成(120条)
[14:35:07] [引擎] 2026-07-30 14:35:07 [INFO] __main__: 000506.SZ 日线数据更新完成(120条)
[14:35:07] [引擎] 2026-07-30 14:35:07 [INFO] __main__: 603327.SH 日线数据更新完成(120条)
[14:35:07] [引擎] 2026-07-30 14:35:07 [INFO] __main__: 000636.SZ 日线数据更新完成(120条)
[14:35:07] [引擎] 2026-07-30 14:35:07 [INFO] __main__: 603267.SH 日线数据更新完成(120条)
[14:35:07] [引擎] 2026-07-30 14:35:07 [INFO] __main__: 603986.SH 日线数据更新完成(120条)
[14:35:07] [引擎] 2026-07-30 14:35:07 [INFO] __main__: 002580.SZ 日线数据更新完成(120条)
[14:35:07] [引擎] 2026-07-30 14:35:07 [INFO] __main__: 603859.SH 日线数据更新完成(120条)
[14:35:08] [引擎] 2026-07-30 14:35:08 [INFO] __main__: 001258.SZ 日线数据更新完成(120条)
[14:35:08] [引擎] 2026-07-30 14:35:08 [INFO] __main__: 600105.SH 日线数据更新完成(120条)
[14:35:08] [引擎] 2026-07-30 14:35:08 [INFO] __main__: 603619.SH 日线数据更新完成(120条)
[14:36:08] [引擎] 2026-07-30 14:36:08 [INFO] __main__: 检测到 state.json 变更，重新加载
[14:36:08] [引擎] 2026-07-30 14:36:08 [INFO] __main__: 加载盯盘状态: 28 只
[14:36:08] [引擎] 2026-07-30 14:36:08 [INFO] __main__: 000566.SZ 日线数据更新完成(120条)
[14:36:08] [引擎] 2026-07-30 14:36:08 [INFO] __main__: 000948.SZ 日线数据更新完成(120条)
[14:36:08] [引擎] 2026-07-30 14:36:08 [INFO] __main__: 002199.SZ 日线数据更新完成(120条)
[14:36:08] [引擎] 2026-07-30 14:36:08 [INFO] __main__: 002534.SZ 日线数据更新完成(120条)
[14:36:08] [引擎] 2026-07-30 14:36:08 [INFO] __main__: 002612.SZ 日线数据更新完成(120条)
[14:36:08] [引擎] 2026-07-30 14:36:08 [INFO] __main__: 002657.SZ 日线数据更新完成(120条)
[14:36:08] [引擎] 2026-07-30 14:36:08 [INFO] __main__: 002891.SZ 日线数据更新完成(120条)
[14:36:08] [引擎] 2026-07-30 14:36:08 [INFO] __main__: 600661.SH 日线数据更新完成(120条)
[14:36:08] [引擎] 2026-07-30 14:36:08 [INFO] __main__: 600733.SH 日线数据更新完成(120条)
[14:36:08] [引擎] 2026-07-30 14:36:08 [INFO] __main__: 603988.SH 日线数据更新完成(120条)
[14:36:08] [引擎] 2026-07-30 14:36:08 [INFO] __main__: 603580.SH 日线数据更新完成(120条)
[14:36:08] [引擎] 2026-07-30 14:36:08 [INFO] __main__: 605189.SH 日线数据更新完成(120条)
[14:36:08] [引擎] 2026-07-30 14:36:08 [INFO] __main__: 002585.SZ 日线数据更新完成(120条)
[14:36:08] [引擎] 2026-07-30 14:36:08 [INFO] __main__: 603918.SH 日线数据更新完成(120条)
[14:36:08] [引擎] 2026-07-30 14:36:08 [INFO] __main__: 001309.SZ 日线数据更新完成(120条)
[14:36:08] [引擎] 2026-07-30 14:36:08 [INFO] __main__: 600199.SH 日线数据更新完成(120条)
[14:36:08] [引擎] 2026-07-30 14:36:08 [INFO] __main__: 600722.SH 日线数据更新完成(120条)
[14:36:08] [引擎] 2026-07-30 14:36:08 [INFO] __main__: 000670.SZ 日线数据更新完成(120条)
[14:36:08] [引擎] 2026-07-30 14:36:08 [INFO] __main__: 000506.SZ 日线数据更新完成(120条)
[14:36:08] [引擎] 2026-07-30 14:36:08 [INFO] __main__: 603327.SH 日线数据更新完成(120条)
[14:36:08] [引擎] 2026-07-30 14:36:08 [INFO] __main__: 000636.SZ 日线数据更新完成(120条)
[14:36:08] [引擎] 2026-07-30 14:36:08 [INFO] __main__: 603267.SH 日线数据更新完成(120条)
[14:36:08] [引擎] 2026-07-30 14:36:08 [INFO] __main__: 603986.SH 日线数据更新完成(120条)
[14:36:08] [引擎] 2026-07-30 14:36:08 [INFO] __main__: 002580.SZ 日线数据更新完成(120条)
[14:36:08] [引擎] 2026-07-30 14:36:08 [INFO] __main__: 603859.SH 日线数据更新完成(120条)
[14:36:08] [引擎] 2026-07-30 14:36:08 [INFO] __main__: 001258.SZ 日线数据更新完成(120条)
[14:36:08] [引擎] 2026-07-30 14:36:08 [INFO] __main__: 600105.SH 日线数据更新完成(120条)
[14:36:09] [引擎] 2026-07-30 14:36:09 [INFO] __main__: 603619.SH 日线数据更新完成(120条)
[14:37:09] [引擎] 2026-07-30 14:37:09 [INFO] __main__: 检测到 state.json 变更，重新加载
[14:37:09] [引擎] 2026-07-30 14:37:09 [INFO] __main__: 加载盯盘状态: 28 只
[14:37:09] [引擎] 2026-07-30 14:37:09 [INFO] __main__: 000566.SZ 日线数据更新完成(120条)
[14:37:09] [引擎] 2026-07-30 14:37:09 [INFO] __main__: 000948.SZ 日线数据更新完成(120条)
[14:37:09] [引擎] 2026-07-30 14:37:09 [INFO] __main__: 002199.SZ 日线数据更新完成(120条)
[14:37:09] [引擎] 2026-07-30 14:37:09 [INFO] __main__: 002534.SZ 日线数据更新完成(120条)
[14:37:09] [引擎] 2026-07-30 14:37:09 [INFO] __main__: 002612.SZ 日线数据更新完成(120条)
[14:37:09] [引擎] 2026-07-30 14:37:09 [INFO] __main__: 002657.SZ 日线数据更新完成(120条)
[14:37:09] [引擎] 2026-07-30 14:37:09 [INFO] __main__: 002891.SZ 日线数据更新完成(120条)
[14:37:09] [引擎] 2026-07-30 14:37:09 [INFO] __main__: 600661.SH 日线数据更新完成(120条)
[14:37:09] [引擎] 2026-07-30 14:37:09 [INFO] __main__: 600733.SH 日线数据更新完成(120条)
[14:37:09] [引擎] 2026-07-30 14:37:09 [INFO] __main__: 603988.SH 日线数据更新完成(120条)
[14:37:09] [引擎] 2026-07-30 14:37:09 [INFO] __main__: 603580.SH 日线数据更新完成(120条)
[14:37:09] [引擎] 2026-07-30 14:37:09 [INFO] __main__: 605189.SH 日线数据更新完成(120条)
[14:37:09] [引擎] 2026-07-30 14:37:09 [INFO] __main__: 002585.SZ 日线数据更新完成(120条)
[14:37:09] [引擎] 2026-07-30 14:37:09 [INFO] __main__: 603918.SH 日线数据更新完成(120条)
[14:37:09] [引擎] 2026-07-30 14:37:09 [INFO] __main__: 001309.SZ 日线数据更新完成(120条)
[14:37:09] [引擎] 2026-07-30 14:37:09 [INFO] __main__: 600199.SH 日线数据更新完成(120条)
[14:37:09] [引擎] 2026-07-30 14:37:09 [INFO] __main__: 600722.SH 日线数据更新完成(120条)
[14:37:09] [引擎] 2026-07-30 14:37:09 [INFO] __main__: 000670.SZ 日线数据更新完成(120条)
[14:37:09] [引擎] 2026-07-30 14:37:09 [INFO] __main__: 000506.SZ 日线数据更新完成(120条)
[14:37:09] [引擎] 2026-07-30 14:37:09 [INFO] __main__: 603327.SH 日线数据更新完成(120条)
[14:37:09] [引擎] 2026-07-30 14:37:09 [INFO] __main__: 000636.SZ 日线数据更新完成(120条)
[14:37:09] [引擎] 2026-07-30 14:37:09 [INFO] __main__: 603267.SH 日线数据更新完成(120条)
[14:37:09] [引擎] 2026-07-30 14:37:09 [INFO] __main__: 603986.SH 日线数据更新完成(120条)
[14:37:09] [引擎] 2026-07-30 14:37:09 [INFO] __main__: 002580.SZ 日线数据更新完成(120条)
[14:37:09] [引擎] 2026-07-30 14:37:09 [INFO] __main__: 603859.SH 日线数据更新完成(120条)
[14:37:09] [引擎] 2026-07-30 14:37:09 [INFO] __main__: 001258.SZ 日线数据更新完成(120条)
[14:37:09] [引擎] 2026-07-30 14:37:09 [INFO] __main__: 600105.SH 日线数据更新完成(120条)
[14:37:09] [引擎] 2026-07-30 14:37:09 [INFO] __main__: 603619.SH 日线数据更新完成(120条)
[14:38:09] [引擎] 2026-07-30 14:38:09 [INFO] __main__: 检测到 state.json 变更，重新加载
[14:38:09] [引擎] 2026-07-30 14:38:09 [INFO] __main__: 加载盯盘状态: 28 只
[14:38:09] [引擎] 2026-07-30 14:38:09 [INFO] __main__: 000566.SZ 日线数据更新完成(120条)
[14:38:09] [引擎] 2026-07-30 14:38:09 [INFO] __main__: 000948.SZ 日线数据更新完成(120条)
[14:38:09] [引擎] 2026-07-30 14:38:09 [INFO] __main__: 002199.SZ 日线数据更新完成(120条)
[14:38:09] [引擎] 2026-07-30 14:38:09 [INFO] __main__: 002534.SZ 日线数据更新完成(120条)
[14:38:09] [引擎] 2026-07-30 14:38:09 [INFO] __main__: 002612.SZ 日线数据更新完成(120条)
[14:38:09] [引擎] 2026-07-30 14:38:09 [INFO] __main__: 002657.SZ 日线数据更新完成(120条)
[14:38:09] [引擎] 2026-07-30 14:38:09 [INFO] __main__: 002891.SZ 日线数据更新完成(120条)
[14:38:09] [引擎] 2026-07-30 14:38:09 [INFO] __main__: 600661.SH 日线数据更新完成(120条)
[14:38:09] [引擎] 2026-07-30 14:38:09 [INFO] __main__: 600733.SH 日线数据更新完成(120条)
[14:38:09] [引擎] 2026-07-30 14:38:09 [INFO] __main__: 603988.SH 日线数据更新完成(120条)
[14:38:09] [引擎] 2026-07-30 14:38:09 [INFO] __main__: 603580.SH 日线数据更新完成(120条)
[14:38:09] [引擎] 2026-07-30 14:38:09 [INFO] __main__: 605189.SH 日线数据更新完成(120条)
[14:38:09] [引擎] 2026-07-30 14:38:09 [INFO] __main__: 002585.SZ 日线数据更新完成(120条)
[14:38:09] [引擎] 2026-07-30 14:38:09 [INFO] __main__: 603918.SH 日线数据更新完成(120条)
[14:38:09] [引擎] 2026-07-30 14:38:09 [INFO] __main__: 001309.SZ 日线数据更新完成(120条)
[14:38:09] [引擎] 2026-07-30 14:38:09 [INFO] __main__: 600199.SH 日线数据更新完成(120条)
[14:38:09] [引擎] 2026-07-30 14:38:09 [INFO] __main__: 600722.SH 日线数据更新完成(120条)
[14:38:09] [引擎] 2026-07-30 14:38:09 [INFO] __main__: 000670.SZ 日线数据更新完成(120条)
[14:38:10] [引擎] 2026-07-30 14:38:10 [INFO] __main__: 000506.SZ 日线数据更新完成(120条)
[14:38:10] [引擎] 2026-07-30 14:38:10 [INFO] __main__: 603327.SH 日线数据更新完成(120条)
[14:38:10] [引擎] 2026-07-30 14:38:10 [INFO] __main__: 000636.SZ 日线数据更新完成(120条)
[14:38:10] [引擎] 2026-07-30 14:38:10 [INFO] __main__: 603267.SH 日线数据更新完成(120条)
[14:38:10] [引擎] 2026-07-30 14:38:10 [INFO] __main__: 603986.SH 日线数据更新完成(120条)
[14:38:10] [引擎] 2026-07-30 14:38:10 [INFO] __main__: 002580.SZ 日线数据更新完成(120条)
[14:38:10] [引擎] 2026-07-30 14:38:10 [INFO] __main__: 603859.SH 日线数据更新完成(120条)
[14:38:10] [引擎] 2026-07-30 14:38:10 [INFO] __main__: 001258.SZ 日线数据更新完成(120条)
[14:38:10] [引擎] 2026-07-30 14:38:10 [INFO] __main__: 600105.SH 日线数据更新完成(120条)
[14:38:10] [引擎] 2026-07-30 14:38:10 [INFO] __main__: 603619.SH 日线数据更新完成(120条)
[14:39:10] [引擎] 2026-07-30 14:39:10 [INFO] __main__: 检测到 state.json 变更，重新加载
[14:39:10] [引擎] 2026-07-30 14:39:10 [INFO] __main__: 加载盯盘状态: 28 只
[14:39:10] [引擎] 2026-07-30 14:39:10 [INFO] __main__: 000566.SZ 日线数据更新完成(120条)
[14:39:10] [引擎] 2026-07-30 14:39:10 [INFO] __main__: 000948.SZ 日线数据更新完成(120条)
[14:39:10] [引擎] 2026-07-30 14:39:10 [INFO] __main__: 002199.SZ 日线数据更新完成(120条)
[14:39:10] [引擎] 2026-07-30 14:39:10 [INFO] __main__: 002534.SZ 日线数据更新完成(120条)
[14:39:10] [引擎] 2026-07-30 14:39:10 [INFO] __main__: 002612.SZ 日线数据更新完成(120条)
[14:39:10] [引擎] 2026-07-30 14:39:10 [INFO] __main__: 002657.SZ 日线数据更新完成(120条)
[14:39:10] [引擎] 2026-07-30 14:39:10 [INFO] __main__: 002891.SZ 日线数据更新完成(120条)
[14:39:10] [引擎] 2026-07-30 14:39:10 [INFO] __main__: 600661.SH 日线数据更新完成(120条)
[14:39:10] [引擎] 2026-07-30 14:39:10 [INFO] __main__: 600733.SH 日线数据更新完成(120条)
[14:39:10] [引擎] 2026-07-30 14:39:10 [INFO] __main__: 603988.SH 日线数据更新完成(120条)
[14:39:10] [引擎] 2026-07-30 14:39:10 [INFO] __main__: 603580.SH 日线数据更新完成(120条)
[14:39:10] [引擎] 2026-07-30 14:39:10 [INFO] __main__: 605189.SH 日线数据更新完成(120条)
[14:39:10] [引擎] 2026-07-30 14:39:10 [INFO] __main__: 002585.SZ 日线数据更新完成(120条)
[14:39:10] [引擎] 2026-07-30 14:39:10 [INFO] __main__: 603918.SH 日线数据更新完成(120条)
[14:39:10] [引擎] 2026-07-30 14:39:10 [INFO] __main__: 001309.SZ 日线数据更新完成(120条)
[14:39:10] [引擎] 2026-07-30 14:39:10 [INFO] __main__: 600199.SH 日线数据更新完成(120条)
[14:39:10] [引擎] 2026-07-30 14:39:10 [INFO] __main__: 600722.SH 日线数据更新完成(120条)
[14:39:10] [引擎] 2026-07-30 14:39:10 [INFO] __main__: 000670.SZ 日线数据更新完成(120条)
[14:39:10] [引擎] 2026-07-30 14:39:10 [INFO] __main__: 000506.SZ 日线数据更新完成(120条)
[14:39:10] [引擎] 2026-07-30 14:39:10 [INFO] __main__: 603327.SH 日线数据更新完成(120条)
[14:39:10] [引擎] 2026-07-30 14:39:10 [INFO] __main__: 000636.SZ 日线数据更新完成(120条)
[14:39:10] [引擎] 2026-07-30 14:39:10 [INFO] __main__: 603267.SH 日线数据更新完成(120条)
[14:39:10] [引擎]   [📡] 买入 603267 鸿远电子 100股 最优价=50.26 (卖一50.26量900)
[14:39:10] [引擎] 2026-07-30 14:39:10 [WARNING] __main__: 603267.SH 跳过买入: 可用资金不足: 需5026 可用26
[14:39:10] [引擎] 2026-07-30 14:39:10 [INFO] __main__: 603986.SH 日线数据更新完成(120条)
[14:39:11] [引擎] 2026-07-30 14:39:11 [INFO] __main__: 002580.SZ 日线数据更新完成(120条)
[14:39:11] [引擎] 2026-07-30 14:39:11 [INFO] __main__: 603859.SH 日线数据更新完成(120条)
[14:39:11] [引擎] 2026-07-30 14:39:11 [INFO] __main__: 001258.SZ 日线数据更新完成(120条)
[14:39:11] [引擎] 2026-07-30 14:39:11 [INFO] __main__: 600105.SH 日线数据更新完成(120条)
[14:39:11] [引擎] 2026-07-30 14:39:11 [INFO] __main__: 603619.SH 日线数据更新完成(120条)
[14:40:11] [引擎] 2026-07-30 14:40:11 [INFO] __main__: 检测到 state.json 变更，重新加载
[14:40:11] [引擎] 2026-07-30 14:40:11 [INFO] __main__: 加载盯盘状态: 28 只
[14:40:11] [引擎] 2026-07-30 14:40:11 [INFO] __main__: 000566.SZ 日线数据更新完成(120条)
[14:40:11] [引擎] 2026-07-30 14:40:11 [INFO] __main__: 000948.SZ 日线数据更新完成(120条)
[14:40:11] [引擎] 2026-07-30 14:40:11 [INFO] __main__: 002199.SZ 日线数据更新完成(120条)
[14:40:11] [引擎] 2026-07-30 14:40:11 [INFO] __main__: 002534.SZ 日线数据更新完成(120条)
[14:40:11] [引擎] 2026-07-30 14:40:11 [INFO] __main__: 002612.SZ 日线数据更新完成(120条)
[14:40:11] [引擎] 2026-07-30 14:40:11 [INFO] __main__: 002657.SZ 日线数据更新完成(120条)
[14:40:11] [引擎] 2026-07-30 14:40:11 [INFO] __main__: 002891.SZ 日线数据更新完成(120条)
[14:40:11] [引擎] 2026-07-30 14:40:11 [INFO] __main__: 600661.SH 日线数据更新完成(120条)
[14:40:11] [引擎] 2026-07-30 14:40:11 [INFO] __main__: 600733.SH 日线数据更新完成(120条)
[14:40:11] [引擎] 2026-07-30 14:40:11 [INFO] __main__: 603988.SH 日线数据更新完成(120条)
[14:40:11] [引擎] 2026-07-30 14:40:11 [INFO] __main__: 603580.SH 日线数据更新完成(120条)
[14:40:11] [引擎] 2026-07-30 14:40:11 [INFO] __main__: 605189.SH 日线数据更新完成(120条)
[14:40:11] [引擎] 2026-07-30 14:40:11 [INFO] __main__: 002585.SZ 日线数据更新完成(120条)
[14:40:11] [引擎] 2026-07-30 14:40:11 [INFO] __main__: 603918.SH 日线数据更新完成(120条)
[14:40:11] [引擎] 2026-07-30 14:40:11 [INFO] __main__: 001309.SZ 日线数据更新完成(120条)
[14:40:11] [引擎] 2026-07-30 14:40:11 [INFO] __main__: 600199.SH 日线数据更新完成(120条)
[14:40:11] [引擎] 2026-07-30 14:40:11 [INFO] __main__: 600722.SH 日线数据更新完成(120条)
[14:40:11] [引擎] 2026-07-30 14:40:11 [INFO] __main__: 000670.SZ 日线数据更新完成(120条)
[14:40:11] [引擎] 2026-07-30 14:40:11 [INFO] __main__: 000506.SZ 日线数据更新完成(120条)
[14:40:11] [引擎] 2026-07-30 14:40:11 [INFO] __main__: 603327.SH 日线数据更新完成(120条)
[14:40:11] [引擎] 2026-07-30 14:40:11 [INFO] __main__: 000636.SZ 日线数据更新完成(120条)
[14:40:11] [引擎] 2026-07-30 14:40:11 [INFO] __main__: 603267.SH 日线数据更新完成(120条)
[14:40:11] [引擎] 2026-07-30 14:40:11 [INFO] __main__: 603986.SH 日线数据更新完成(120条)
[14:40:11] [引擎] 2026-07-30 14:40:11 [INFO] __main__: 002580.SZ 日线数据更新完成(120条)
[14:40:11] [引擎] 2026-07-30 14:40:11 [INFO] __main__: 603859.SH 日线数据更新完成(120条)
[14:40:11] [引擎] 2026-07-30 14:40:11 [INFO] __main__: 001258.SZ 日线数据更新完成(120条)
[14:40:11] [引擎] 2026-07-30 14:40:11 [INFO] __main__: 600105.SH 日线数据更新完成(120条)
[14:40:11] [引擎] 2026-07-30 14:40:11 [INFO] __main__: 603619.SH 日线数据更新完成(120条)
[14:41:11] [引擎] 2026-07-30 14:41:11 [INFO] __main__: 检测到 state.json 变更，重新加载
[14:41:11] [引擎] 2026-07-30 14:41:11 [INFO] __main__: 加载盯盘状态: 28 只
[14:41:11] [引擎] 2026-07-30 14:41:11 [INFO] __main__: 000566.SZ 日线数据更新完成(120条)
[14:41:11] [引擎] 2026-07-30 14:41:11 [INFO] __main__: 000948.SZ 日线数据更新完成(120条)
[14:41:11] [引擎] 2026-07-30 14:41:11 [INFO] __main__: 002199.SZ 日线数据更新完成(120条)
[14:41:11] [引擎] 2026-07-30 14:41:11 [INFO] __main__: 002534.SZ 日线数据更新完成(120条)
[14:41:11] [引擎] 2026-07-30 14:41:11 [INFO] __main__: 002612.SZ 日线数据更新完成(120条)
[14:41:11] [引擎] 2026-07-30 14:41:11 [INFO] __main__: 002657.SZ 日线数据更新完成(120条)
[14:41:11] [引擎] 2026-07-30 14:41:11 [INFO] __main__: 002891.SZ 日线数据更新完成(120条)
[14:41:11] [引擎] 2026-07-30 14:41:11 [INFO] __main__: 600661.SH 日线数据更新完成(120条)
[14:41:12] [引擎] 2026-07-30 14:41:12 [INFO] __main__: 600733.SH 日线数据更新完成(120条)
[14:41:12] [引擎] 2026-07-30 14:41:12 [INFO] __main__: 603988.SH 日线数据更新完成(120条)
[14:41:12] [引擎] 2026-07-30 14:41:12 [INFO] __main__: 603580.SH 日线数据更新完成(120条)
[14:41:12] [引擎] 2026-07-30 14:41:12 [INFO] __main__: 605189.SH 日线数据更新完成(120条)
[14:41:12] [引擎] 2026-07-30 14:41:12 [INFO] __main__: 002585.SZ 日线数据更新完成(120条)
[14:41:12] [引擎] 2026-07-30 14:41:12 [INFO] __main__: 603918.SH 日线数据更新完成(120条)
[14:41:12] [引擎] 2026-07-30 14:41:12 [INFO] __main__: 001309.SZ 日线数据更新完成(120条)
[14:41:12] [引擎] 2026-07-30 14:41:12 [INFO] __main__: 600199.SH 日线数据更新完成(120条)
[14:41:12] [引擎] 2026-07-30 14:41:12 [INFO] __main__: 600722.SH 日线数据更新完成(120条)
[14:41:12] [引擎] 2026-07-30 14:41:12 [INFO] __main__: 000670.SZ 日线数据更新完成(120条)
[14:41:12] [引擎] 2026-07-30 14:41:12 [INFO] __main__: 000506.SZ 日线数据更新完成(120条)
[14:41:12] [引擎] 2026-07-30 14:41:12 [INFO] __main__: 603327.SH 日线数据更新完成(120条)
[14:41:12] [引擎] 2026-07-30 14:41:12 [INFO] __main__: 000636.SZ 日线数据更新完成(120条)
[14:41:12] [引擎]   [📡] 买入 000636 风华高科 100股 最优价=52.26 (最新价52.26)
[14:41:12] [引擎] 2026-07-30 14:41:12 [WARNING] __main__: 000636.SZ 跳过买入: 可用资金不足: 需5226 可用26
[14:41:12] [引擎] 2026-07-30 14:41:12 [INFO] __main__: 603267.SH 日线数据更新完成(120条)
[14:41:12] [引擎] 2026-07-30 14:41:12 [INFO] __main__: 603986.SH 日线数据更新完成(120条)
[14:41:12] [引擎] 2026-07-30 14:41:12 [INFO] __main__: 002580.SZ 日线数据更新完成(120条)
[14:41:12] [引擎] 2026-07-30 14:41:12 [INFO] __main__: 603859.SH 日线数据更新完成(120条)
[14:41:12] [引擎] 2026-07-30 14:41:12 [INFO] __main__: 001258.SZ 日线数据更新完成(120条)
[14:41:12] [引擎] 2026-07-30 14:41:12 [INFO] __main__: 600105.SH 日线数据更新完成(120条)
[14:41:12] [引擎] 2026-07-30 14:41:12 [INFO] __main__: 603619.SH 日线数据更新完成(120条)
[14:42:12] [引擎] 2026-07-30 14:42:12 [INFO] __main__: 检测到 state.json 变更，重新加载
[14:42:12] [引擎] 2026-07-30 14:42:12 [INFO] __main__: 加载盯盘状态: 29 只
[14:42:12] [引擎] 2026-07-30 14:42:12 [INFO] __main__: 新增盯盘: {'603336.SH'}
[14:42:12] [引擎] 2026-07-30 14:42:12 [INFO] __main__: 000566.SZ 日线数据更新完成(120条)
[14:42:12] [引擎] 2026-07-30 14:42:12 [INFO] __main__: 000948.SZ 日线数据更新完成(120条)
[14:42:12] [引擎] 2026-07-30 14:42:12 [INFO] __main__: 002199.SZ 日线数据更新完成(120条)
[14:42:12] [引擎] 2026-07-30 14:42:12 [INFO] __main__: 002534.SZ 日线数据更新完成(120条)
[14:42:12] [引擎] 2026-07-30 14:42:12 [INFO] __main__: 002612.SZ 日线数据更新完成(120条)
[14:42:12] [引擎] 2026-07-30 14:42:12 [INFO] __main__: 002657.SZ 日线数据更新完成(120条)
[14:42:12] [引擎] 2026-07-30 14:42:12 [INFO] __main__: 002891.SZ 日线数据更新完成(120条)
[14:42:12] [引擎] 2026-07-30 14:42:12 [INFO] __main__: 600661.SH 日线数据更新完成(120条)
[14:42:12] [引擎] 2026-07-30 14:42:12 [INFO] __main__: 600733.SH 日线数据更新完成(120条)
[14:42:12] [引擎] 2026-07-30 14:42:12 [INFO] __main__: 603988.SH 日线数据更新完成(120条)
[14:42:12] [引擎] 2026-07-30 14:42:12 [INFO] __main__: 603580.SH 日线数据更新完成(120条)
[14:42:12] [引擎] 2026-07-30 14:42:12 [INFO] __main__: 605189.SH 日线数据更新完成(120条)
[14:42:13] [引擎] 2026-07-30 14:42:13 [INFO] __main__: 002585.SZ 日线数据更新完成(120条)
[14:42:13] [引擎] 2026-07-30 14:42:13 [INFO] __main__: 603918.SH 日线数据更新完成(120条)
[14:42:13] [引擎] 2026-07-30 14:42:13 [INFO] __main__: 001309.SZ 日线数据更新完成(120条)
[14:42:13] [引擎] 2026-07-30 14:42:13 [INFO] __main__: 600199.SH 日线数据更新完成(120条)
[14:42:13] [引擎] 2026-07-30 14:42:13 [INFO] __main__: 600722.SH 日线数据更新完成(120条)
[14:42:13] [引擎] 2026-07-30 14:42:13 [INFO] __main__: 000670.SZ 日线数据更新完成(120条)
[14:42:13] [引擎] 2026-07-30 14:42:13 [INFO] __main__: 000506.SZ 日线数据更新完成(120条)
[14:42:13] [引擎] 2026-07-30 14:42:13 [INFO] __main__: 603327.SH 日线数据更新完成(120条)
[14:42:13] [引擎] 2026-07-30 14:42:13 [INFO] __main__: 000636.SZ 日线数据更新完成(120条)
[14:42:13] [引擎] 2026-07-30 14:42:13 [INFO] __main__: 603267.SH 日线数据更新完成(120条)
[14:42:13] [引擎] 2026-07-30 14:42:13 [INFO] __main__: 603986.SH 日线数据更新完成(120条)
[14:42:13] [引擎] 2026-07-30 14:42:13 [INFO] __main__: 002580.SZ 日线数据更新完成(120条)
[14:42:13] [引擎] 2026-07-30 14:42:13 [INFO] __main__: 603859.SH 日线数据更新完成(120条)
[14:42:13] [引擎] 2026-07-30 14:42:13 [INFO] __main__: 001258.SZ 日线数据更新完成(120条)
[14:42:13] [引擎] 2026-07-30 14:42:13 [INFO] __main__: 600105.SH 日线数据更新完成(120条)
[14:42:13] [引擎] 2026-07-30 14:42:13 [INFO] __main__: 603619.SH 日线数据更新完成(120条)
[14:42:13] [引擎] 2026-07-30 14:42:13 [INFO] __main__: 603336.SH 日线数据更新完成(120条)
[14:43:13] [引擎] 2026-07-30 14:43:13 [INFO] __main__: 检测到 state.json 变更，重新加载
[14:43:13] [引擎] 2026-07-30 14:43:13 [INFO] __main__: 加载盯盘状态: 29 只
[14:43:13] [引擎] 2026-07-30 14:43:13 [INFO] __main__: 000566.SZ 日线数据更新完成(120条)
[14:43:13] [引擎] 2026-07-30 14:43:13 [WARNING] __main__: 000566.SZ 无行情数据（共享内存无数据2次）
[14:43:13] [引擎] 2026-07-30 14:43:13 [INFO] __main__: 000948.SZ 日线数据更新完成(120条)
[14:43:13] [引擎] 2026-07-30 14:43:13 [WARNING] __main__: 000948.SZ 无行情数据（共享内存无数据3次）
[14:43:13] [引擎] 2026-07-30 14:43:13 [INFO] __main__: 002199.SZ 日线数据更新完成(120条)
[14:43:13] [引擎] 2026-07-30 14:43:13 [WARNING] __main__: 002199.SZ 无行情数据（共享内存无数据4次）
[14:43:14] [引擎] 2026-07-30 14:43:14 [INFO] __main__: 002534.SZ 日线数据更新完成(120条)
[14:43:14] [引擎] 2026-07-30 14:43:14 [WARNING] __main__: 002534.SZ 无行情数据（共享内存无数据5次）
[14:43:14] [引擎] 2026-07-30 14:43:14 [INFO] __main__: 002612.SZ 日线数据更新完成(120条)
[14:43:14] [引擎] 2026-07-30 14:43:14 [WARNING] __main__: 002612.SZ 无行情数据（共享内存无数据6次）
[14:43:14] [引擎] 2026-07-30 14:43:14 [INFO] __main__: 002657.SZ 日线数据更新完成(120条)
[14:43:14] [引擎] 2026-07-30 14:43:14 [WARNING] __main__: 002657.SZ 无行情数据（共享内存无数据7次）
[14:43:14] [引擎] 2026-07-30 14:43:14 [INFO] __main__: 002891.SZ 日线数据更新完成(120条)
[14:43:14] [引擎] 2026-07-30 14:43:14 [WARNING] __main__: 002891.SZ 无行情数据（共享内存无数据8次）
[14:43:14] [引擎] 2026-07-30 14:43:14 [INFO] __main__: 600661.SH 日线数据更新完成(120条)
[14:43:14] [引擎] 2026-07-30 14:43:14 [WARNING] __main__: 600661.SH 无行情数据（共享内存无数据9次）
[14:43:14] [引擎] 2026-07-30 14:43:14 [INFO] __main__: 600733.SH 日线数据更新完成(120条)
[14:43:14] [引擎] 2026-07-30 14:43:14 [WARNING] __main__: 600733.SH 无行情数据（共享内存无数据10次）
[14:43:14] [引擎] 2026-07-30 14:43:14 [INFO] __main__: 603988.SH 日线数据更新完成(120条)
[14:43:14] [引擎] 2026-07-30 14:43:14 [WARNING] __main__: 603988.SH 无行情数据（共享内存无数据11次）
[14:43:14] [引擎] 2026-07-30 14:43:14 [INFO] __main__: 603580.SH 日线数据更新完成(120条)
[14:43:14] [引擎] 2026-07-30 14:43:14 [WARNING] __main__: 603580.SH 无行情数据（共享内存无数据12次）
[14:43:14] [引擎] 2026-07-30 14:43:14 [INFO] __main__: 605189.SH 日线数据更新完成(120条)
[14:43:14] [引擎] 2026-07-30 14:43:14 [WARNING] __main__: 605189.SH 无行情数据（共享内存无数据13次）
[14:43:14] [引擎] 2026-07-30 14:43:14 [INFO] __main__: 002585.SZ 日线数据更新完成(120条)
[14:43:14] [引擎] 2026-07-30 14:43:14 [WARNING] __main__: 002585.SZ 无行情数据（共享内存无数据14次）
[14:43:14] [引擎] 2026-07-30 14:43:14 [INFO] __main__: 603918.SH 日线数据更新完成(120条)
[14:43:14] [引擎] 2026-07-30 14:43:14 [WARNING] __main__: 603918.SH 无行情数据（共享内存无数据15次）
[14:43:14] [引擎] 2026-07-30 14:43:14 [INFO] __main__: 001309.SZ 日线数据更新完成(120条)
[14:43:14] [引擎] 2026-07-30 14:43:14 [WARNING] __main__: 001309.SZ 无行情数据（共享内存无数据16次）
[14:43:14] [引擎] 2026-07-30 14:43:14 [INFO] __main__: 600199.SH 日线数据更新完成(120条)
[14:43:14] [引擎] 2026-07-30 14:43:14 [WARNING] __main__: 600199.SH 无行情数据（共享内存无数据17次）
[14:43:14] [引擎] 2026-07-30 14:43:14 [INFO] __main__: 600722.SH 日线数据更新完成(120条)
[14:43:14] [引擎] 2026-07-30 14:43:14 [WARNING] __main__: 600722.SH 无行情数据（共享内存无数据18次）
[14:43:14] [引擎] 2026-07-30 14:43:14 [INFO] __main__: 000670.SZ 日线数据更新完成(120条)
[14:43:14] [引擎] 2026-07-30 14:43:14 [INFO] __main__: 000506.SZ 日线数据更新完成(120条)
[14:43:14] [引擎] 2026-07-30 14:43:14 [INFO] __main__: 603327.SH 日线数据更新完成(120条)
[14:43:14] [引擎] 2026-07-30 14:43:14 [INFO] __main__: 000636.SZ 日线数据更新完成(120条)
[14:43:14] [引擎] 2026-07-30 14:43:14 [INFO] __main__: 603267.SH 日线数据更新完成(120条)
[14:43:14] [引擎]   [📡] 买入 603267 鸿远电子 100股 最优价=50.28 (卖一50.28量5443)
[14:43:14] [引擎] 2026-07-30 14:43:14 [WARNING] __main__: 603267.SH 跳过买入: 可用资金不足: 需5028 可用26
[14:43:14] [引擎] 2026-07-30 14:43:14 [INFO] __main__: 603986.SH 日线数据更新完成(120条)
[14:43:14] [引擎] 2026-07-30 14:43:14 [INFO] __main__: 002580.SZ 日线数据更新完成(120条)
[14:43:14] [引擎] 2026-07-30 14:43:14 [INFO] __main__: 603859.SH 日线数据更新完成(120条)
[14:43:14] [引擎] 2026-07-30 14:43:14 [INFO] __main__: 001258.SZ 日线数据更新完成(120条)
[14:43:14] [引擎] 2026-07-30 14:43:14 [INFO] __main__: 600105.SH 日线数据更新完成(120条)
[14:43:14] [引擎] 2026-07-30 14:43:14 [INFO] __main__: 603619.SH 日线数据更新完成(120条)
[14:43:14] [引擎] 2026-07-30 14:43:14 [INFO] __main__: 603336.SH 日线数据更新完成(120条)
[14:44:15] [引擎] 2026-07-30 14:44:15 [INFO] __main__: 检测到 state.json 变更，重新加载
[14:44:15] [引擎] 2026-07-30 14:44:15 [INFO] __main__: 加载盯盘状态: 29 只
[14:44:15] [引擎] 2026-07-30 14:44:15 [INFO] __main__: 000566.SZ 日线数据更新完成(120条)
[14:44:15] [引擎] 2026-07-30 14:44:15 [INFO] __main__: 000948.SZ 日线数据更新完成(120条)
[14:44:15] [引擎] 2026-07-30 14:44:15 [INFO] __main__: 002199.SZ 日线数据更新完成(120条)
[14:44:15] [引擎] 2026-07-30 14:44:15 [INFO] __main__: 002534.SZ 日线数据更新完成(120条)
[14:44:15] [引擎] 2026-07-30 14:44:15 [INFO] __main__: 002612.SZ 日线数据更新完成(120条)
[14:44:15] [引擎] 2026-07-30 14:44:15 [INFO] __main__: 002657.SZ 日线数据更新完成(120条)
[14:44:15] [引擎] 2026-07-30 14:44:15 [INFO] __main__: 002891.SZ 日线数据更新完成(120条)
[14:44:15] [引擎] 2026-07-30 14:44:15 [INFO] __main__: 600661.SH 日线数据更新完成(120条)
[14:44:15] [引擎] 2026-07-30 14:44:15 [INFO] __main__: 600733.SH 日线数据更新完成(120条)
[14:44:15] [引擎] 2026-07-30 14:44:15 [INFO] __main__: 603988.SH 日线数据更新完成(120条)
[14:44:15] [引擎] 2026-07-30 14:44:15 [INFO] __main__: 603580.SH 日线数据更新完成(120条)
[14:44:15] [引擎] 2026-07-30 14:44:15 [INFO] __main__: 605189.SH 日线数据更新完成(120条)
[14:44:15] [引擎] 2026-07-30 14:44:15 [INFO] __main__: 002585.SZ 日线数据更新完成(120条)
[14:44:15] [引擎] 2026-07-30 14:44:15 [INFO] __main__: 603918.SH 日线数据更新完成(120条)
[14:44:15] [引擎] 2026-07-30 14:44:15 [INFO] __main__: 001309.SZ 日线数据更新完成(120条)
[14:44:15] [引擎] 2026-07-30 14:44:15 [INFO] __main__: 600199.SH 日线数据更新完成(120条)
[14:44:15] [引擎] 2026-07-30 14:44:15 [INFO] __main__: 600722.SH 日线数据更新完成(120条)
[14:44:15] [引擎] 2026-07-30 14:44:15 [INFO] __main__: 000670.SZ 日线数据更新完成(120条)
[14:44:15] [引擎] 2026-07-30 14:44:15 [INFO] __main__: 000506.SZ 日线数据更新完成(120条)
[14:44:15] [引擎] 2026-07-30 14:44:15 [INFO] __main__: 603327.SH 日线数据更新完成(120条)
[14:44:15] [引擎] 2026-07-30 14:44:15 [INFO] __main__: 000636.SZ 日线数据更新完成(120条)
[14:44:15] [引擎] 2026-07-30 14:44:15 [INFO] __main__: 603267.SH 日线数据更新完成(120条)
[14:44:15] [引擎] 2026-07-30 14:44:15 [INFO] __main__: 603986.SH 日线数据更新完成(120条)
[14:44:15] [引擎] 2026-07-30 14:44:15 [INFO] __main__: 002580.SZ 日线数据更新完成(120条)
[14:44:15] [引擎] 2026-07-30 14:44:15 [INFO] __main__: 603859.SH 日线数据更新完成(120条)
[14:44:15] [引擎]   [📡] 买入 603859 能科科技 100股 最优价=37.16 (卖一37.16量500)
[14:44:15] [引擎] 2026-07-30 14:44:15 [WARNING] __main__: 603859.SH 跳过买入: 可用资金不足: 需3716 可用26
[14:44:15] [引擎] 2026-07-30 14:44:15 [INFO] __main__: 001258.SZ 日线数据更新完成(120条)
[14:44:16] [引擎] 2026-07-30 14:44:16 [INFO] __main__: 600105.SH 日线数据更新完成(120条)
[14:44:16] [引擎] 2026-07-30 14:44:16 [INFO] __main__: 603619.SH 日线数据更新完成(120条)
[14:44:16] [引擎] 2026-07-30 14:44:16 [INFO] __main__: 603336.SH 日线数据更新完成(120条)
[14:45:16] [引擎] 2026-07-30 14:45:16 [INFO] __main__: 检测到 state.json 变更，重新加载
[14:45:16] [引擎] 2026-07-30 14:45:16 [INFO] __main__: 加载盯盘状态: 30 只
[14:45:16] [引擎] 2026-07-30 14:45:16 [INFO] __main__: 新增盯盘: {'601606.SH'}
[14:45:16] [引擎] 2026-07-30 14:45:16 [INFO] __main__: 000566.SZ 日线数据更新完成(120条)
[14:45:16] [引擎] 2026-07-30 14:45:16 [INFO] __main__: 000948.SZ 日线数据更新完成(120条)
[14:45:16] [引擎] 2026-07-30 14:45:16 [INFO] __main__: 002199.SZ 日线数据更新完成(120条)
[14:45:16] [引擎] 2026-07-30 14:45:16 [INFO] __main__: 002534.SZ 日线数据更新完成(120条)
[14:45:16] [引擎] 2026-07-30 14:45:16 [INFO] __main__: 002612.SZ 日线数据更新完成(120条)
[14:45:16] [引擎] 2026-07-30 14:45:16 [INFO] __main__: 002657.SZ 日线数据更新完成(120条)
[14:45:16] [引擎] 2026-07-30 14:45:16 [INFO] __main__: 002891.SZ 日线数据更新完成(120条)
[14:45:16] [引擎] 2026-07-30 14:45:16 [INFO] __main__: 600661.SH 日线数据更新完成(120条)
[14:45:16] [引擎] 2026-07-30 14:45:16 [INFO] __main__: 600733.SH 日线数据更新完成(120条)
[14:45:16] [引擎] 2026-07-30 14:45:16 [INFO] __main__: 603988.SH 日线数据更新完成(120条)
[14:45:16] [引擎] 2026-07-30 14:45:16 [INFO] __main__: 603580.SH 日线数据更新完成(120条)
[14:45:16] [引擎] 2026-07-30 14:45:16 [INFO] __main__: 605189.SH 日线数据更新完成(120条)
[14:45:16] [引擎] 2026-07-30 14:45:16 [INFO] __main__: 002585.SZ 日线数据更新完成(120条)
[14:45:16] [引擎] 2026-07-30 14:45:16 [INFO] __main__: 603918.SH 日线数据更新完成(120条)
[14:45:16] [引擎] 2026-07-30 14:45:16 [INFO] __main__: 001309.SZ 日线数据更新完成(120条)
[14:45:16] [引擎] 2026-07-30 14:45:16 [INFO] __main__: 600199.SH 日线数据更新完成(120条)
[14:45:16] [引擎] 2026-07-30 14:45:16 [INFO] __main__: 600722.SH 日线数据更新完成(120条)
[14:45:16] [引擎] 2026-07-30 14:45:16 [INFO] __main__: 000670.SZ 日线数据更新完成(120条)
[14:45:16] [引擎] 2026-07-30 14:45:16 [INFO] __main__: 000506.SZ 日线数据更新完成(120条)
[14:45:16] [引擎] 2026-07-30 14:45:16 [INFO] __main__: 603327.SH 日线数据更新完成(120条)
[14:45:16] [引擎] 2026-07-30 14:45:16 [INFO] __main__: 000636.SZ 日线数据更新完成(120条)
[14:45:16] [引擎] 2026-07-30 14:45:16 [INFO] __main__: 603267.SH 日线数据更新完成(120条)
[14:45:16] [引擎] 2026-07-30 14:45:16 [INFO] __main__: 603986.SH 日线数据更新完成(120条)
[14:45:16] [引擎] 2026-07-30 14:45:16 [INFO] __main__: 002580.SZ 日线数据更新完成(120条)
[14:45:16] [引擎] 2026-07-30 14:45:16 [INFO] __main__: 603859.SH 日线数据更新完成(120条)
[14:45:16] [引擎] 2026-07-30 14:45:16 [INFO] __main__: 001258.SZ 日线数据更新完成(120条)
[14:45:16] [引擎] 2026-07-30 14:45:16 [INFO] __main__: 600105.SH 日线数据更新完成(120条)
[14:45:16] [引擎] 2026-07-30 14:45:16 [INFO] __main__: 603619.SH 日线数据更新完成(120条)
[14:45:16] [引擎] 2026-07-30 14:45:16 [INFO] __main__: 603336.SH 日线数据更新完成(120条)
[14:45:17] [引擎] 2026-07-30 14:45:17 [INFO] __main__: 601606.SH 日线数据更新完成(120条)
[14:46:17] [引擎] 2026-07-30 14:46:17 [INFO] __main__: 检测到 state.json 变更，重新加载
[14:46:17] [引擎] 2026-07-30 14:46:17 [INFO] __main__: 加载盯盘状态: 30 只
[14:46:17] [引擎] 2026-07-30 14:46:17 [INFO] __main__: 000566.SZ 日线数据更新完成(120条)
[14:46:17] [引擎] 2026-07-30 14:46:17 [INFO] __main__: 000948.SZ 日线数据更新完成(120条)
[14:46:17] [引擎] 2026-07-30 14:46:17 [INFO] __main__: 002199.SZ 日线数据更新完成(120条)
[14:46:17] [引擎] 2026-07-30 14:46:17 [INFO] __main__: 002534.SZ 日线数据更新完成(120条)
[14:46:17] [引擎] 2026-07-30 14:46:17 [INFO] __main__: 002612.SZ 日线数据更新完成(120条)
[14:46:17] [引擎] 2026-07-30 14:46:17 [INFO] __main__: 002657.SZ 日线数据更新完成(120条)
[14:46:17] [引擎] 2026-07-30 14:46:17 [INFO] __main__: 002891.SZ 日线数据更新完成(120条)
[14:46:17] [引擎] 2026-07-30 14:46:17 [INFO] __main__: 600661.SH 日线数据更新完成(120条)
[14:46:17] [引擎] 2026-07-30 14:46:17 [INFO] __main__: 600733.SH 日线数据更新完成(120条)
[14:46:17] [引擎] 2026-07-30 14:46:17 [INFO] __main__: 603988.SH 日线数据更新完成(120条)
[14:46:17] [引擎] 2026-07-30 14:46:17 [INFO] __main__: 603580.SH 日线数据更新完成(120条)
[14:46:17] [引擎] 2026-07-30 14:46:17 [INFO] __main__: 605189.SH 日线数据更新完成(120条)
[14:46:17] [引擎] 2026-07-30 14:46:17 [INFO] __main__: 002585.SZ 日线数据更新完成(120条)
[14:46:17] [引擎] 2026-07-30 14:46:17 [INFO] __main__: 603918.SH 日线数据更新完成(120条)
[14:46:17] [引擎] 2026-07-30 14:46:17 [INFO] __main__: 001309.SZ 日线数据更新完成(120条)
[14:46:17] [引擎] 2026-07-30 14:46:17 [INFO] __main__: 600199.SH 日线数据更新完成(120条)
[14:46:17] [引擎] 2026-07-30 14:46:17 [INFO] __main__: 600722.SH 日线数据更新完成(120条)
[14:46:17] [引擎] 2026-07-30 14:46:17 [INFO] __main__: 000670.SZ 日线数据更新完成(120条)
[14:46:17] [引擎] 2026-07-30 14:46:17 [INFO] __main__: 000506.SZ 日线数据更新完成(120条)
[14:46:17] [引擎] 2026-07-30 14:46:17 [INFO] __main__: 603327.SH 日线数据更新完成(120条)
[14:46:17] [引擎] 2026-07-30 14:46:17 [INFO] __main__: 000636.SZ 日线数据更新完成(120条)
[14:46:17] [引擎] 2026-07-30 14:46:17 [INFO] __main__: 603267.SH 日线数据更新完成(120条)
[14:46:17] [引擎] 2026-07-30 14:46:17 [INFO] __main__: 603986.SH 日线数据更新完成(120条)
[14:46:17] [引擎] 2026-07-30 14:46:17 [INFO] __main__: 002580.SZ 日线数据更新完成(120条)
[14:46:17] [引擎] 2026-07-30 14:46:17 [INFO] __main__: 603859.SH 日线数据更新完成(120条)
[14:46:17] [引擎] 2026-07-30 14:46:17 [INFO] __main__: 001258.SZ 日线数据更新完成(120条)
[14:46:17] [引擎] 2026-07-30 14:46:17 [INFO] __main__: 600105.SH 日线数据更新完成(120条)
[14:46:17] [引擎] 2026-07-30 14:46:17 [INFO] __main__: 603619.SH 日线数据更新完成(120条)
[14:46:18] [引擎] 2026-07-30 14:46:18 [INFO] __main__: 603336.SH 日线数据更新完成(120条)
[14:46:18] [引擎] 2026-07-30 14:46:18 [INFO] __main__: 601606.SH 日线数据更新完成(120条)
[14:47:18] [引擎] 2026-07-30 14:47:18 [INFO] __main__: 检测到 state.json 变更，重新加载
[14:47:18] [引擎] 2026-07-30 14:47:18 [INFO] __main__: 加载盯盘状态: 30 只
[14:47:18] [引擎] 2026-07-30 14:47:18 [INFO] __main__: 000566.SZ 日线数据更新完成(120条)
[14:47:18] [引擎] 2026-07-30 14:47:18 [INFO] __main__: 000948.SZ 日线数据更新完成(120条)
[14:47:18] [引擎] 2026-07-30 14:47:18 [INFO] __main__: 002199.SZ 日线数据更新完成(120条)
[14:47:18] [引擎] 2026-07-30 14:47:18 [INFO] __main__: 002534.SZ 日线数据更新完成(120条)
[14:47:18] [引擎] 2026-07-30 14:47:18 [INFO] __main__: 002612.SZ 日线数据更新完成(120条)
[14:47:18] [引擎] 2026-07-30 14:47:18 [INFO] __main__: 002657.SZ 日线数据更新完成(120条)
[14:47:18] [引擎] 2026-07-30 14:47:18 [INFO] __main__: 002891.SZ 日线数据更新完成(120条)
[14:47:18] [引擎] 2026-07-30 14:47:18 [INFO] __main__: 600661.SH 日线数据更新完成(120条)
[14:47:18] [引擎] 2026-07-30 14:47:18 [INFO] __main__: 600733.SH 日线数据更新完成(120条)
[14:47:18] [引擎] 2026-07-30 14:47:18 [INFO] __main__: 603988.SH 日线数据更新完成(120条)
[14:47:18] [引擎] 2026-07-30 14:47:18 [INFO] __main__: 603580.SH 日线数据更新完成(120条)
[14:47:18] [引擎] 2026-07-30 14:47:18 [INFO] __main__: 605189.SH 日线数据更新完成(120条)
[14:47:18] [引擎] 2026-07-30 14:47:18 [INFO] __main__: 002585.SZ 日线数据更新完成(120条)
[14:47:18] [引擎] 2026-07-30 14:47:18 [INFO] __main__: 603918.SH 日线数据更新完成(120条)
[14:47:18] [引擎] 2026-07-30 14:47:18 [INFO] __main__: 001309.SZ 日线数据更新完成(120条)
[14:47:18] [引擎] 2026-07-30 14:47:18 [INFO] __main__: 600199.SH 日线数据更新完成(120条)
[14:47:18] [引擎] 2026-07-30 14:47:18 [INFO] __main__: 600722.SH 日线数据更新完成(120条)
[14:47:18] [引擎] 2026-07-30 14:47:18 [INFO] __main__: 000670.SZ 日线数据更新完成(120条)
[14:47:18] [引擎] 2026-07-30 14:47:18 [INFO] __main__: 000506.SZ 日线数据更新完成(120条)
[14:47:19] [引擎] 2026-07-30 14:47:19 [INFO] __main__: 603327.SH 日线数据更新完成(120条)
[14:47:19] [引擎] 2026-07-30 14:47:19 [INFO] __main__: 000636.SZ 日线数据更新完成(120条)
[14:47:19] [引擎]   [📡] 买入 000636 风华高科 100股 最优价=52.24 (卖一52.24量2300)
[14:47:19] [引擎] 2026-07-30 14:47:19 [WARNING] __main__: 000636.SZ 跳过买入: 可用资金不足: 需5224 可用26
[14:47:19] [引擎] 2026-07-30 14:47:19 [INFO] __main__: 603267.SH 日线数据更新完成(120条)
[14:47:19] [引擎]   [📡] 买入 603267 鸿远电子 100股 最优价=50.86 (卖一50.86量2400)
[14:47:19] [引擎] 2026-07-30 14:47:19 [WARNING] __main__: 603267.SH 跳过买入: 可用资金不足: 需5086 可用26
[14:47:19] [引擎] 2026-07-30 14:47:19 [INFO] __main__: 603986.SH 日线数据更新完成(120条)
[14:47:19] [引擎] 2026-07-30 14:47:19 [INFO] __main__: 002580.SZ 日线数据更新完成(120条)
[14:47:19] [引擎] 2026-07-30 14:47:19 [INFO] __main__: 603859.SH 日线数据更新完成(120条)
[14:47:19] [引擎] 2026-07-30 14:47:19 [INFO] __main__: 001258.SZ 日线数据更新完成(120条)
[14:47:19] [引擎] 2026-07-30 14:47:19 [INFO] __main__: 600105.SH 日线数据更新完成(120条)
[14:47:19] [引擎] 2026-07-30 14:47:19 [INFO] __main__: 603619.SH 日线数据更新完成(120条)
[14:47:19] [引擎] 2026-07-30 14:47:19 [INFO] __main__: 603336.SH 日线数据更新完成(120条)
[14:47:19] [引擎] 2026-07-30 14:47:19 [INFO] __main__: 601606.SH 日线数据更新完成(120条)
[14:48:19] [引擎] 2026-07-30 14:48:19 [INFO] __main__: 检测到 state.json 变更，重新加载
[14:48:19] [引擎] 2026-07-30 14:48:19 [INFO] __main__: 加载盯盘状态: 31 只
[14:48:19] [引擎] 2026-07-30 14:48:19 [INFO] __main__: 新增盯盘: {'002832.SZ'}
[14:48:19] [引擎] 2026-07-30 14:48:19 [INFO] __main__: 000566.SZ 日线数据更新完成(120条)
[14:48:19] [引擎] 2026-07-30 14:48:19 [INFO] __main__: 000948.SZ 日线数据更新完成(120条)
[14:48:19] [引擎] 2026-07-30 14:48:19 [INFO] __main__: 002199.SZ 日线数据更新完成(120条)
[14:48:19] [引擎] 2026-07-30 14:48:19 [INFO] __main__: 002534.SZ 日线数据更新完成(120条)
[14:48:19] [引擎] 2026-07-30 14:48:19 [INFO] __main__: 002612.SZ 日线数据更新完成(120条)
[14:48:19] [引擎] 2026-07-30 14:48:19 [INFO] __main__: 002657.SZ 日线数据更新完成(120条)
[14:48:19] [引擎] 2026-07-30 14:48:19 [INFO] __main__: 002891.SZ 日线数据更新完成(120条)
[14:48:19] [引擎] 2026-07-30 14:48:19 [INFO] __main__: 600661.SH 日线数据更新完成(120条)
[14:48:19] [引擎] 2026-07-30 14:48:19 [INFO] __main__: 600733.SH 日线数据更新完成(120条)
[14:48:19] [引擎] 2026-07-30 14:48:19 [INFO] __main__: 603988.SH 日线数据更新完成(120条)
[14:48:19] [引擎] 2026-07-30 14:48:19 [INFO] __main__: 603580.SH 日线数据更新完成(120条)
[14:48:19] [引擎] 2026-07-30 14:48:19 [INFO] __main__: 605189.SH 日线数据更新完成(120条)
[14:48:19] [引擎] 2026-07-30 14:48:19 [INFO] __main__: 002585.SZ 日线数据更新完成(120条)
[14:48:19] [引擎] 2026-07-30 14:48:19 [INFO] __main__: 603918.SH 日线数据更新完成(120条)
[14:48:19] [引擎] 2026-07-30 14:48:19 [INFO] __main__: 001309.SZ 日线数据更新完成(120条)
[14:48:19] [引擎] 2026-07-30 14:48:19 [INFO] __main__: 600199.SH 日线数据更新完成(120条)
[14:48:19] [引擎] 2026-07-30 14:48:19 [INFO] __main__: 600722.SH 日线数据更新完成(120条)
[14:48:19] [引擎] 2026-07-30 14:48:19 [INFO] __main__: 000670.SZ 日线数据更新完成(120条)
[14:48:19] [引擎] 2026-07-30 14:48:19 [INFO] __main__: 000506.SZ 日线数据更新完成(120条)
[14:48:19] [引擎] 2026-07-30 14:48:19 [INFO] __main__: 603327.SH 日线数据更新完成(120条)
[14:48:19] [引擎] 2026-07-30 14:48:19 [INFO] __main__: 000636.SZ 日线数据更新完成(120条)
[14:48:20] [引擎] 2026-07-30 14:48:20 [INFO] __main__: 603267.SH 日线数据更新完成(120条)
[14:48:20] [引擎] 2026-07-30 14:48:20 [INFO] __main__: 603986.SH 日线数据更新完成(120条)
[14:48:20] [引擎] 2026-07-30 14:48:20 [INFO] __main__: 002580.SZ 日线数据更新完成(120条)
[14:48:20] [引擎] 2026-07-30 14:48:20 [INFO] __main__: 603859.SH 日线数据更新完成(120条)
[14:48:20] [引擎]   [📡] 买入 603859 能科科技 100股 最优价=37.29 (卖一37.29量2600)
[14:48:20] [引擎] 2026-07-30 14:48:20 [WARNING] __main__: 603859.SH 跳过买入: 可用资金不足: 需3729 可用26
[14:48:20] [引擎] 2026-07-30 14:48:20 [INFO] __main__: 001258.SZ 日线数据更新完成(120条)
[14:48:20] [引擎] 2026-07-30 14:48:20 [INFO] __main__: 600105.SH 日线数据更新完成(120条)
[14:48:20] [引擎] 2026-07-30 14:48:20 [INFO] __main__: 603619.SH 日线数据更新完成(120条)
[14:48:20] [引擎] 2026-07-30 14:48:20 [INFO] __main__: 603336.SH 日线数据更新完成(120条)
[14:48:20] [引擎] 2026-07-30 14:48:20 [INFO] __main__: 601606.SH 日线数据更新完成(120条)
[14:48:21] [引擎] 2026-07-30 14:48:21 [INFO] __main__: 002832.SZ 日线数据更新完成(120条)
[14:49:21] [引擎] 2026-07-30 14:49:21 [INFO] __main__: 检测到 state.json 变更，重新加载
[14:49:21] [引擎] 2026-07-30 14:49:21 [INFO] __main__: 加载盯盘状态: 31 只
[14:49:21] [引擎] 2026-07-30 14:49:21 [INFO] __main__: 000566.SZ 日线数据更新完成(120条)
[14:49:21] [引擎] 2026-07-30 14:49:21 [INFO] __main__: 000948.SZ 日线数据更新完成(120条)
[14:49:21] [引擎] 2026-07-30 14:49:21 [INFO] __main__: 002199.SZ 日线数据更新完成(120条)
[14:49:21] [引擎] 2026-07-30 14:49:21 [INFO] __main__: 002534.SZ 日线数据更新完成(120条)
[14:49:21] [引擎] 2026-07-30 14:49:21 [INFO] __main__: 002612.SZ 日线数据更新完成(120条)
[14:49:21] [引擎] 2026-07-30 14:49:21 [INFO] __main__: 002657.SZ 日线数据更新完成(120条)
[14:49:21] [引擎] 2026-07-30 14:49:21 [INFO] __main__: 002891.SZ 日线数据更新完成(120条)
[14:49:21] [引擎] 2026-07-30 14:49:21 [INFO] __main__: 600661.SH 日线数据更新完成(120条)
[14:49:21] [引擎] 2026-07-30 14:49:21 [INFO] __main__: 600733.SH 日线数据更新完成(120条)
[14:49:21] [引擎] 2026-07-30 14:49:21 [INFO] __main__: 603988.SH 日线数据更新完成(120条)
[14:49:21] [引擎] 2026-07-30 14:49:21 [INFO] __main__: 603580.SH 日线数据更新完成(120条)
[14:49:21] [引擎] 2026-07-30 14:49:21 [INFO] __main__: 605189.SH 日线数据更新完成(120条)
[14:49:21] [引擎] 2026-07-30 14:49:21 [INFO] __main__: 002585.SZ 日线数据更新完成(120条)
[14:49:21] [引擎] 2026-07-30 14:49:21 [INFO] __main__: 603918.SH 日线数据更新完成(120条)
[14:49:21] [引擎] 2026-07-30 14:49:21 [INFO] __main__: 001309.SZ 日线数据更新完成(120条)
[14:49:21] [引擎] 2026-07-30 14:49:21 [INFO] __main__: 600199.SH 日线数据更新完成(120条)
[14:49:21] [引擎] 2026-07-30 14:49:21 [INFO] __main__: 600722.SH 日线数据更新完成(120条)
[14:49:21] [引擎] 2026-07-30 14:49:21 [INFO] __main__: 000670.SZ 日线数据更新完成(120条)
[14:49:21] [引擎] 2026-07-30 14:49:21 [INFO] __main__: 000506.SZ 日线数据更新完成(120条)
[14:49:21] [引擎] 2026-07-30 14:49:21 [INFO] __main__: 603327.SH 日线数据更新完成(120条)
[14:49:21] [引擎] 2026-07-30 14:49:21 [INFO] __main__: 000636.SZ 日线数据更新完成(120条)
[14:49:21] [引擎] 2026-07-30 14:49:21 [INFO] __main__: 603267.SH 日线数据更新完成(120条)
[14:49:21] [引擎] 2026-07-30 14:49:21 [INFO] __main__: 603986.SH 日线数据更新完成(120条)
[14:49:21] [引擎] 2026-07-30 14:49:21 [INFO] __main__: 002580.SZ 日线数据更新完成(120条)
[14:49:21] [引擎] 2026-07-30 14:49:21 [INFO] __main__: 603859.SH 日线数据更新完成(120条)
[14:49:21] [引擎] 2026-07-30 14:49:21 [INFO] __main__: 001258.SZ 日线数据更新完成(120条)
[14:49:21] [引擎] 2026-07-30 14:49:21 [INFO] __main__: 600105.SH 日线数据更新完成(120条)
[14:49:21] [引擎] 2026-07-30 14:49:21 [INFO] __main__: 603619.SH 日线数据更新完成(120条)
[14:49:21] [引擎] 2026-07-30 14:49:21 [INFO] __main__: 603336.SH 日线数据更新完成(120条)
[14:49:21] [引擎] 2026-07-30 14:49:21 [INFO] __main__: 601606.SH 日线数据更新完成(120条)
[14:49:21] [引擎] 2026-07-30 14:49:21 [INFO] __main__: 002832.SZ 日线数据更新完成(120条)
[14:50:22] [引擎] 2026-07-30 14:50:22 [INFO] __main__: 检测到 state.json 变更，重新加载
[14:50:22] [引擎] 2026-07-30 14:50:22 [INFO] __main__: 加载盯盘状态: 31 只
[14:50:22] [引擎] 2026-07-30 14:50:22 [INFO] __main__: 000566.SZ 日线数据更新完成(120条)
[14:50:22] [引擎] 2026-07-30 14:50:22 [INFO] __main__: 000948.SZ 日线数据更新完成(120条)
[14:50:22] [引擎] 2026-07-30 14:50:22 [INFO] __main__: 002199.SZ 日线数据更新完成(120条)
[14:50:22] [引擎] 2026-07-30 14:50:22 [INFO] __main__: 002534.SZ 日线数据更新完成(120条)
[14:50:22] [引擎] 2026-07-30 14:50:22 [INFO] __main__: 002612.SZ 日线数据更新完成(120条)
[14:50:22] [引擎] 2026-07-30 14:50:22 [INFO] __main__: 002657.SZ 日线数据更新完成(120条)
[14:50:22] [引擎] 2026-07-30 14:50:22 [INFO] __main__: 002891.SZ 日线数据更新完成(120条)
[14:50:22] [引擎] 2026-07-30 14:50:22 [INFO] __main__: 600661.SH 日线数据更新完成(120条)
[14:50:22] [引擎] 2026-07-30 14:50:22 [INFO] __main__: 600733.SH 日线数据更新完成(120条)
[14:50:22] [引擎] 2026-07-30 14:50:22 [INFO] __main__: 603988.SH 日线数据更新完成(120条)
[14:50:22] [引擎] 2026-07-30 14:50:22 [INFO] __main__: 603580.SH 日线数据更新完成(120条)
[14:50:22] [引擎] 2026-07-30 14:50:22 [INFO] __main__: 605189.SH 日线数据更新完成(120条)
[14:50:22] [引擎] 2026-07-30 14:50:22 [INFO] __main__: 002585.SZ 日线数据更新完成(120条)
[14:50:22] [引擎] 2026-07-30 14:50:22 [INFO] __main__: 603918.SH 日线数据更新完成(120条)
[14:50:22] [引擎] 2026-07-30 14:50:22 [INFO] __main__: 001309.SZ 日线数据更新完成(120条)
[14:50:22] [引擎] 2026-07-30 14:50:22 [INFO] __main__: 600199.SH 日线数据更新完成(120条)
[14:50:22] [引擎] 2026-07-30 14:50:22 [INFO] __main__: 600722.SH 日线数据更新完成(120条)
[14:50:22] [引擎] 2026-07-30 14:50:22 [INFO] __main__: 000670.SZ 日线数据更新完成(120条)
[14:50:22] [引擎] 2026-07-30 14:50:22 [INFO] __main__: 000506.SZ 日线数据更新完成(120条)
[14:50:22] [引擎] 2026-07-30 14:50:22 [INFO] __main__: 603327.SH 日线数据更新完成(120条)
[14:50:22] [引擎] 2026-07-30 14:50:22 [INFO] __main__: 000636.SZ 日线数据更新完成(120条)
[14:50:22] [引擎] 2026-07-30 14:50:22 [INFO] __main__: 603267.SH 日线数据更新完成(120条)
[14:50:22] [引擎] 2026-07-30 14:50:22 [INFO] __main__: 603986.SH 日线数据更新完成(120条)
[14:50:22] [引擎] 2026-07-30 14:50:22 [INFO] __main__: 002580.SZ 日线数据更新完成(120条)
[14:50:22] [引擎] 2026-07-30 14:50:22 [INFO] __main__: 603859.SH 日线数据更新完成(120条)
[14:50:23] [引擎] 2026-07-30 14:50:23 [INFO] __main__: 001258.SZ 日线数据更新完成(120条)
[14:50:23] [引擎] 2026-07-30 14:50:23 [INFO] __main__: 600105.SH 日线数据更新完成(120条)
[14:50:23] [引擎] 2026-07-30 14:50:23 [INFO] __main__: 603619.SH 日线数据更新完成(120条)
[14:50:23] [引擎] 2026-07-30 14:50:23 [INFO] __main__: 603336.SH 日线数据更新完成(120条)
[14:50:23] [引擎] 2026-07-30 14:50:23 [INFO] __main__: 601606.SH 日线数据更新完成(120条)
[14:50:23] [引擎] 2026-07-30 14:50:23 [INFO] __main__: 002832.SZ 日线数据更新完成(120条)
[14:51:23] [引擎] 2026-07-30 14:51:23 [INFO] __main__: 检测到 state.json 变更，重新加载
[14:51:23] [引擎] 2026-07-30 14:51:23 [INFO] __main__: 加载盯盘状态: 31 只
[14:51:23] [引擎] 2026-07-30 14:51:23 [INFO] __main__: 000566.SZ 日线数据更新完成(120条)
[14:51:23] [引擎] 2026-07-30 14:51:23 [INFO] __main__: 000948.SZ 日线数据更新完成(120条)
[14:51:23] [引擎] 2026-07-30 14:51:23 [INFO] __main__: 002199.SZ 日线数据更新完成(120条)
[14:51:23] [引擎] 2026-07-30 14:51:23 [INFO] __main__: 002534.SZ 日线数据更新完成(120条)
[14:51:23] [引擎] 2026-07-30 14:51:23 [INFO] __main__: 002612.SZ 日线数据更新完成(120条)
[14:51:23] [引擎] 2026-07-30 14:51:23 [INFO] __main__: 002657.SZ 日线数据更新完成(120条)
[14:51:23] [引擎] 2026-07-30 14:51:23 [INFO] __main__: 002891.SZ 日线数据更新完成(120条)
[14:51:23] [引擎] 2026-07-30 14:51:23 [INFO] __main__: 600661.SH 日线数据更新完成(120条)
[14:51:23] [引擎] 2026-07-30 14:51:23 [INFO] __main__: 600733.SH 日线数据更新完成(120条)
[14:51:23] [引擎] 2026-07-30 14:51:23 [INFO] __main__: 603988.SH 日线数据更新完成(120条)
[14:51:23] [引擎] 2026-07-30 14:51:23 [INFO] __main__: 603580.SH 日线数据更新完成(120条)
[14:51:23] [引擎] 2026-07-30 14:51:23 [INFO] __main__: 605189.SH 日线数据更新完成(120条)
[14:51:23] [引擎] 2026-07-30 14:51:23 [INFO] __main__: 002585.SZ 日线数据更新完成(120条)
[14:51:23] [引擎] 2026-07-30 14:51:23 [INFO] __main__: 603918.SH 日线数据更新完成(120条)
[14:51:23] [引擎] 2026-07-30 14:51:23 [INFO] __main__: 001309.SZ 日线数据更新完成(120条)
[14:51:23] [引擎] 2026-07-30 14:51:23 [INFO] __main__: 600199.SH 日线数据更新完成(120条)
[14:51:23] [引擎] 2026-07-30 14:51:23 [INFO] __main__: 600722.SH 日线数据更新完成(120条)
[14:51:23] [引擎] 2026-07-30 14:51:23 [INFO] __main__: 000670.SZ 日线数据更新完成(120条)
[14:51:23] [引擎] 2026-07-30 14:51:23 [INFO] __main__: 000506.SZ 日线数据更新完成(120条)
[14:51:23] [引擎] 2026-07-30 14:51:23 [INFO] __main__: 603327.SH 日线数据更新完成(120条)
[14:51:23] [引擎] 2026-07-30 14:51:23 [INFO] __main__: 000636.SZ 日线数据更新完成(120条)
[14:51:23] [引擎] 2026-07-30 14:51:23 [INFO] __main__: 603267.SH 日线数据更新完成(120条)
[14:51:23] [引擎] 2026-07-30 14:51:23 [INFO] __main__: 603986.SH 日线数据更新完成(120条)
[14:51:23] [引擎] 2026-07-30 14:51:23 [INFO] __main__: 002580.SZ 日线数据更新完成(120条)
[14:51:23] [引擎] 2026-07-30 14:51:23 [INFO] __main__: 603859.SH 日线数据更新完成(120条)
[14:51:23] [引擎] 2026-07-30 14:51:23 [INFO] __main__: 001258.SZ 日线数据更新完成(120条)
[14:51:23] [引擎] 2026-07-30 14:51:23 [INFO] __main__: 600105.SH 日线数据更新完成(120条)
[14:51:24] [引擎] 2026-07-30 14:51:24 [INFO] __main__: 603619.SH 日线数据更新完成(120条)
[14:51:24] [引擎] 2026-07-30 14:51:24 [INFO] __main__: 603336.SH 日线数据更新完成(120条)
[14:51:24] [引擎] 2026-07-30 14:51:24 [INFO] __main__: 601606.SH 日线数据更新完成(120条)
[14:51:24] [引擎] 2026-07-30 14:51:24 [INFO] __main__: 002832.SZ 日线数据更新完成(120条)
[14:52:24] [引擎] 2026-07-30 14:52:24 [INFO] __main__: 检测到 state.json 变更，重新加载
[14:52:24] [引擎] 2026-07-30 14:52:24 [INFO] __main__: 加载盯盘状态: 31 只
[14:52:24] [引擎] 2026-07-30 14:52:24 [INFO] __main__: 000566.SZ 日线数据更新完成(120条)
[14:52:24] [引擎] 2026-07-30 14:52:24 [INFO] __main__: 000948.SZ 日线数据更新完成(120条)
[14:52:24] [引擎] 2026-07-30 14:52:24 [INFO] __main__: 002199.SZ 日线数据更新完成(120条)
[14:52:24] [引擎] 2026-07-30 14:52:24 [INFO] __main__: 002534.SZ 日线数据更新完成(120条)
[14:52:24] [引擎] 2026-07-30 14:52:24 [INFO] __main__: 002612.SZ 日线数据更新完成(120条)
[14:52:24] [引擎] 2026-07-30 14:52:24 [INFO] __main__: 002657.SZ 日线数据更新完成(120条)
[14:52:24] [引擎] 2026-07-30 14:52:24 [INFO] __main__: 002891.SZ 日线数据更新完成(120条)
[14:52:24] [引擎] 2026-07-30 14:52:24 [INFO] __main__: 600661.SH 日线数据更新完成(120条)
[14:52:24] [引擎] 2026-07-30 14:52:24 [INFO] __main__: 600733.SH 日线数据更新完成(120条)
[14:52:24] [引擎] 2026-07-30 14:52:24 [INFO] __main__: 603988.SH 日线数据更新完成(120条)
[14:52:24] [引擎] 2026-07-30 14:52:24 [INFO] __main__: 603580.SH 日线数据更新完成(120条)
[14:52:24] [引擎] 2026-07-30 14:52:24 [INFO] __main__: 605189.SH 日线数据更新完成(120条)
[14:52:24] [引擎] 2026-07-30 14:52:24 [INFO] __main__: 002585.SZ 日线数据更新完成(120条)
[14:52:24] [引擎] 2026-07-30 14:52:24 [INFO] __main__: 603918.SH 日线数据更新完成(120条)
[14:52:24] [引擎] 2026-07-30 14:52:24 [INFO] __main__: 001309.SZ 日线数据更新完成(120条)
[14:52:24] [引擎] 2026-07-30 14:52:24 [INFO] __main__: 600199.SH 日线数据更新完成(120条)
[14:52:24] [引擎] 2026-07-30 14:52:24 [INFO] __main__: 600722.SH 日线数据更新完成(120条)
[14:52:24] [引擎] 2026-07-30 14:52:24 [INFO] __main__: 000670.SZ 日线数据更新完成(120条)
[14:52:24] [引擎] 2026-07-30 14:52:24 [INFO] __main__: 000506.SZ 日线数据更新完成(120条)
[14:52:24] [引擎] 2026-07-30 14:52:24 [INFO] __main__: 603327.SH 日线数据更新完成(120条)
[14:52:24] [引擎]   [📡] 买入 603327 福蓉科技 100股 最优价=9.11 (卖一9.11量81100)
[14:52:24] [引擎] 2026-07-30 14:52:24 [WARNING] __main__: 603327.SH 跳过买入: 可用资金不足: 需911 可用26
[14:52:24] [引擎] 2026-07-30 14:52:24 [INFO] __main__: 000636.SZ 日线数据更新完成(120条)
[14:52:24] [引擎] 2026-07-30 14:52:24 [INFO] __main__: 603267.SH 日线数据更新完成(120条)
[14:52:24] [引擎] 2026-07-30 14:52:24 [INFO] __main__: 603986.SH 日线数据更新完成(120条)
[14:52:24] [引擎] 2026-07-30 14:52:24 [INFO] __main__: 002580.SZ 日线数据更新完成(120条)
[14:52:24] [引擎] 2026-07-30 14:52:24 [INFO] __main__: 603859.SH 日线数据更新完成(120条)
[14:52:24] [引擎]   [📡] 买入 603859 能科科技 100股 最优价=37.4 (卖一37.4量1600)
[14:52:24] [引擎] 2026-07-30 14:52:24 [WARNING] __main__: 603859.SH 跳过买入: 可用资金不足: 需3740 可用26
[14:52:24] [引擎] 2026-07-30 14:52:24 [INFO] __main__: 001258.SZ 日线数据更新完成(120条)
[14:52:24] [引擎] 2026-07-30 14:52:24 [INFO] __main__: 600105.SH 日线数据更新完成(120条)
[14:52:25] [引擎] 2026-07-30 14:52:25 [INFO] __main__: 603619.SH 日线数据更新完成(120条)
[14:52:25] [引擎] 2026-07-30 14:52:25 [INFO] __main__: 603336.SH 日线数据更新完成(120条)
[14:52:25] [引擎] 2026-07-30 14:52:25 [INFO] __main__: 601606.SH 日线数据更新完成(120条)
[14:52:25] [引擎] 2026-07-30 14:52:25 [INFO] __main__: 002832.SZ 日线数据更新完成(120条)
[14:53:25] [引擎] 2026-07-30 14:53:25 [INFO] __main__: 检测到 state.json 变更，重新加载
[14:53:25] [引擎] 2026-07-30 14:53:25 [INFO] __main__: 加载盯盘状态: 31 只
[14:53:25] [引擎] 2026-07-30 14:53:25 [INFO] __main__: 000566.SZ 日线数据更新完成(120条)
[14:53:25] [引擎] 2026-07-30 14:53:25 [WARNING] __main__: 000566.SZ 无行情数据（共享内存无数据1次）
[14:53:25] [引擎] 2026-07-30 14:53:25 [INFO] __main__: 000948.SZ 日线数据更新完成(120条)
[14:53:25] [引擎] 2026-07-30 14:53:25 [WARNING] __main__: 000948.SZ 无行情数据（共享内存无数据2次）
[14:53:25] [引擎] 2026-07-30 14:53:25 [INFO] __main__: 002199.SZ 日线数据更新完成(120条)
[14:53:25] [引擎] 2026-07-30 14:53:25 [WARNING] __main__: 002199.SZ 无行情数据（共享内存无数据3次）
[14:53:25] [引擎] 2026-07-30 14:53:25 [INFO] __main__: 002534.SZ 日线数据更新完成(120条)
[14:53:25] [引擎] 2026-07-30 14:53:25 [WARNING] __main__: 002534.SZ 无行情数据（共享内存无数据4次）
[14:53:25] [引擎] 2026-07-30 14:53:25 [INFO] __main__: 002612.SZ 日线数据更新完成(120条)
[14:53:25] [引擎] 2026-07-30 14:53:25 [WARNING] __main__: 002612.SZ 无行情数据（共享内存无数据5次）
[14:53:25] [引擎] 2026-07-30 14:53:25 [INFO] __main__: 002657.SZ 日线数据更新完成(120条)
[14:53:25] [引擎] 2026-07-30 14:53:25 [WARNING] __main__: 002657.SZ 无行情数据（共享内存无数据6次）
[14:53:25] [引擎] 2026-07-30 14:53:25 [INFO] __main__: 002891.SZ 日线数据更新完成(120条)
[14:53:25] [引擎] 2026-07-30 14:53:25 [WARNING] __main__: 002891.SZ 无行情数据（共享内存无数据7次）
[14:53:25] [引擎] 2026-07-30 14:53:25 [INFO] __main__: 600661.SH 日线数据更新完成(120条)
[14:53:25] [引擎] 2026-07-30 14:53:25 [WARNING] __main__: 600661.SH 无行情数据（共享内存无数据8次）
[14:53:25] [引擎] 2026-07-30 14:53:25 [INFO] __main__: 600733.SH 日线数据更新完成(120条)
[14:53:25] [引擎] 2026-07-30 14:53:25 [WARNING] __main__: 600733.SH 无行情数据（共享内存无数据9次）
[14:53:25] [引擎] 2026-07-30 14:53:25 [INFO] __main__: 603988.SH 日线数据更新完成(120条)
[14:53:25] [引擎] 2026-07-30 14:53:25 [WARNING] __main__: 603988.SH 无行情数据（共享内存无数据10次）
[14:53:25] [引擎] 2026-07-30 14:53:25 [INFO] __main__: 603580.SH 日线数据更新完成(120条)
[14:53:25] [引擎] 2026-07-30 14:53:25 [WARNING] __main__: 603580.SH 无行情数据（共享内存无数据11次）
[14:53:25] [引擎] 2026-07-30 14:53:25 [INFO] __main__: 605189.SH 日线数据更新完成(120条)
[14:53:25] [引擎] 2026-07-30 14:53:25 [WARNING] __main__: 605189.SH 无行情数据（共享内存无数据12次）
[14:53:25] [引擎] 2026-07-30 14:53:25 [INFO] __main__: 002585.SZ 日线数据更新完成(120条)
[14:53:25] [引擎] 2026-07-30 14:53:25 [WARNING] __main__: 002585.SZ 无行情数据（共享内存无数据13次）
[14:53:25] [引擎] 2026-07-30 14:53:25 [INFO] __main__: 603918.SH 日线数据更新完成(120条)
[14:53:25] [引擎] 2026-07-30 14:53:25 [WARNING] __main__: 603918.SH 无行情数据（共享内存无数据14次）
[14:53:25] [引擎] 2026-07-30 14:53:25 [INFO] __main__: 001309.SZ 日线数据更新完成(120条)
[14:53:25] [引擎] 2026-07-30 14:53:25 [WARNING] __main__: 001309.SZ 无行情数据（共享内存无数据15次）
[14:53:25] [引擎] 2026-07-30 14:53:25 [INFO] __main__: 600199.SH 日线数据更新完成(120条)
[14:53:25] [引擎] 2026-07-30 14:53:25 [WARNING] __main__: 600199.SH 无行情数据（共享内存无数据16次）
[14:53:25] [引擎] 2026-07-30 14:53:25 [INFO] __main__: 600722.SH 日线数据更新完成(120条)
[14:53:25] [引擎] 2026-07-30 14:53:25 [WARNING] __main__: 600722.SH 无行情数据（共享内存无数据17次）
[14:53:25] [引擎] 2026-07-30 14:53:25 [INFO] __main__: 000670.SZ 日线数据更新完成(120条)
[14:53:25] [引擎] 2026-07-30 14:53:25 [INFO] __main__: 000506.SZ 日线数据更新完成(120条)
[14:53:25] [引擎] 2026-07-30 14:53:25 [INFO] __main__: 603327.SH 日线数据更新完成(120条)
[14:53:25] [引擎] 2026-07-30 14:53:25 [INFO] __main__: 000636.SZ 日线数据更新完成(120条)
[14:53:25] [引擎] 2026-07-30 14:53:25 [INFO] __main__: 603267.SH 日线数据更新完成(120条)
[14:53:25] [引擎] 2026-07-30 14:53:25 [INFO] __main__: 603986.SH 日线数据更新完成(120条)
[14:53:25] [引擎] 2026-07-30 14:53:25 [INFO] __main__: 002580.SZ 日线数据更新完成(120条)
[14:53:25] [引擎] 2026-07-30 14:53:25 [INFO] __main__: 603859.SH 日线数据更新完成(120条)
[14:53:25] [引擎] 2026-07-30 14:53:25 [INFO] __main__: 001258.SZ 日线数据更新完成(120条)
[14:53:25] [引擎] 2026-07-30 14:53:25 [INFO] __main__: 600105.SH 日线数据更新完成(120条)
[14:53:25] [引擎] 2026-07-30 14:53:25 [INFO] __main__: 603619.SH 日线数据更新完成(120条)
[14:53:25] [引擎] 2026-07-30 14:53:25 [INFO] __main__: 603336.SH 日线数据更新完成(120条)
[14:53:25] [引擎] 2026-07-30 14:53:25 [INFO] __main__: 601606.SH 日线数据更新完成(120条)
[14:53:26] [引擎] 2026-07-30 14:53:26 [INFO] __main__: 002832.SZ 日线数据更新完成(120条)
[14:54:26] [引擎] 2026-07-30 14:54:26 [INFO] __main__: 检测到 state.json 变更，重新加载
[14:54:26] [引擎] 2026-07-30 14:54:26 [INFO] __main__: 加载盯盘状态: 31 只
[14:54:26] [引擎] 2026-07-30 14:54:26 [INFO] __main__: 盯盘心跳 #61: 31只 [海南海药(000566.SZ)[watching], 南天信息(000948.SZ)[watching], 东晶电子(002199.SZ)[watching], 西子洁能(002534.SZ)[entered], 朗姿股份(002612.SZ)[watching], 中科金财(002657.SZ)[watching], 中宠股份(002891.SZ)[watching], 昂立教育(600661.SH)[entered], 北汽蓝谷(600733.SH)[watching], 中电电机(603988.SH)[watching], 艾艾精工(603580.SH)[watching], 富春染织(605189.SH)[watching], 双星新材(002585.SZ)[alerted], 金桥信息(603918.SH)[watching], 德明利(001309.SZ)[watching], 金种子酒(600199.SH)[watching], 金牛化工(600722.SH)[watching], 盈方微(000670.SZ)[watching], 招金黄金(000506.SZ)[watching], 福蓉科技(603327.SH)[watching], 风华高科(000636.SZ)[alerted], 鸿远电子(603267.SH)[watching], 兆易创新(603986.SH)[watching], 圣阳股份(002580.SZ)[watching], 能科科技(603859.SH)[watching], 立新能源(001258.SZ)[watching], 永鼎股份(600105.SH)[watching], 中曼石油(603619.SH)[watching], 宏辉果蔬(603336.SH)[watching], 长城军工(601606.SH)[alerted], 比音勒芬(002832.SZ)[watching]]
[14:54:26] [引擎] 2026-07-30 14:54:26 [INFO] __main__: 000566.SZ 日线数据更新完成(120条)
[14:54:26] [引擎] 2026-07-30 14:54:26 [INFO] __main__: 000948.SZ 日线数据更新完成(120条)
[14:54:26] [引擎] 2026-07-30 14:54:26 [INFO] __main__: 002199.SZ 日线数据更新完成(120条)
[14:54:26] [引擎] 2026-07-30 14:54:26 [INFO] __main__: 002534.SZ 日线数据更新完成(120条)
[14:54:26] [引擎] 2026-07-30 14:54:26 [INFO] __main__: 002612.SZ 日线数据更新完成(120条)
[14:54:26] [引擎] 2026-07-30 14:54:26 [INFO] __main__: 002657.SZ 日线数据更新完成(120条)
[14:54:26] [引擎] 2026-07-30 14:54:26 [INFO] __main__: 002891.SZ 日线数据更新完成(120条)
[14:54:26] [引擎] 2026-07-30 14:54:26 [INFO] __main__: 600661.SH 日线数据更新完成(120条)
[14:54:26] [引擎] 2026-07-30 14:54:26 [INFO] __main__: 600733.SH 日线数据更新完成(120条)
[14:54:26] [引擎] 2026-07-30 14:54:26 [INFO] __main__: 603988.SH 日线数据更新完成(120条)
[14:54:26] [引擎] 2026-07-30 14:54:26 [INFO] __main__: 603580.SH 日线数据更新完成(120条)
[14:54:26] [引擎] 2026-07-30 14:54:26 [INFO] __main__: 605189.SH 日线数据更新完成(120条)
[14:54:26] [引擎] 2026-07-30 14:54:26 [INFO] __main__: 002585.SZ 日线数据更新完成(120条)
[14:54:26] [引擎] 2026-07-30 14:54:26 [INFO] __main__: 603918.SH 日线数据更新完成(120条)
[14:54:26] [引擎] 2026-07-30 14:54:26 [INFO] __main__: 001309.SZ 日线数据更新完成(120条)
[14:54:26] [引擎] 2026-07-30 14:54:26 [INFO] __main__: 600199.SH 日线数据更新完成(120条)
[14:54:26] [引擎] 2026-07-30 14:54:26 [INFO] __main__: 600722.SH 日线数据更新完成(120条)
[14:54:26] [引擎] 2026-07-30 14:54:26 [INFO] __main__: 000670.SZ 日线数据更新完成(120条)
[14:54:26] [引擎] 2026-07-30 14:54:26 [INFO] __main__: 000506.SZ 日线数据更新完成(120条)
[14:54:26] [引擎] 2026-07-30 14:54:26 [INFO] __main__: 603327.SH 日线数据更新完成(120条)
[14:54:26] [引擎] 2026-07-30 14:54:26 [INFO] __main__: 000636.SZ 日线数据更新完成(120条)
[14:54:26] [引擎]   [📡] 买入 000636 风华高科 100股 最优价=52.07 (卖一52.07量35270)
[14:54:26] [引擎] 2026-07-30 14:54:26 [WARNING] __main__: 000636.SZ 跳过买入: 可用资金不足: 需5207 可用26
[14:54:26] [引擎] 2026-07-30 14:54:26 [INFO] __main__: 603267.SH 日线数据更新完成(120条)
[14:54:26] [引擎] 2026-07-30 14:54:26 [INFO] __main__: 603986.SH 日线数据更新完成(120条)
[14:54:26] [引擎] 2026-07-30 14:54:26 [INFO] __main__: 002580.SZ 日线数据更新完成(120条)
[14:54:26] [引擎] 2026-07-30 14:54:26 [INFO] __main__: 603859.SH 日线数据更新完成(120条)
[14:54:26] [引擎] 2026-07-30 14:54:26 [INFO] __main__: 001258.SZ 日线数据更新完成(120条)
[14:54:26] [引擎] 2026-07-30 14:54:26 [INFO] __main__: 600105.SH 日线数据更新完成(120条)
[14:54:26] [引擎] 2026-07-30 14:54:26 [INFO] __main__: 603619.SH 日线数据更新完成(120条)
[14:54:26] [引擎] 2026-07-30 14:54:26 [INFO] __main__: 603336.SH 日线数据更新完成(120条)
[14:54:26] [引擎] 2026-07-30 14:54:26 [INFO] __main__: 601606.SH 日线数据更新完成(120条)
[14:54:26] [引擎]   [📡] 买入 601606 长城军工 100股 最优价=35.38 (卖一35.38量5500)
[14:54:26] [引擎] 2026-07-30 14:54:26 [WARNING] __main__: 601606.SH 跳过买入: 可用资金不足: 需3538 可用26
[14:54:26] [引擎] 2026-07-30 14:54:26 [INFO] __main__: 002832.SZ 日线数据更新完成(120条)
[14:55:27] [引擎] 2026-07-30 14:55:27 [INFO] __main__: 检测到 state.json 变更，重新加载
[14:55:27] [引擎] 2026-07-30 14:55:27 [INFO] __main__: 加载盯盘状态: 31 只
[14:55:27] [引擎] 2026-07-30 14:55:27 [INFO] __main__: 000566.SZ 日线数据更新完成(120条)
[14:55:27] [引擎] 2026-07-30 14:55:27 [INFO] __main__: 000948.SZ 日线数据更新完成(120条)
[14:55:27] [引擎] 2026-07-30 14:55:27 [INFO] __main__: 002199.SZ 日线数据更新完成(120条)
[14:55:27] [引擎] 2026-07-30 14:55:27 [INFO] __main__: 002534.SZ 日线数据更新完成(120条)
[14:55:27] [引擎] 2026-07-30 14:55:27 [INFO] __main__: 002612.SZ 日线数据更新完成(120条)
[14:55:27] [引擎] 2026-07-30 14:55:27 [INFO] __main__: 002657.SZ 日线数据更新完成(120条)
[14:55:27] [引擎] 2026-07-30 14:55:27 [INFO] __main__: 002891.SZ 日线数据更新完成(120条)
[14:55:27] [引擎] 2026-07-30 14:55:27 [INFO] __main__: 600661.SH 日线数据更新完成(120条)
[14:55:27] [引擎] 2026-07-30 14:55:27 [INFO] __main__: 600733.SH 日线数据更新完成(120条)
[14:55:27] [引擎] 2026-07-30 14:55:27 [INFO] __main__: 603988.SH 日线数据更新完成(120条)
[14:55:27] [引擎] 2026-07-30 14:55:27 [INFO] __main__: 603580.SH 日线数据更新完成(120条)
[14:55:27] [引擎] 2026-07-30 14:55:27 [INFO] __main__: 605189.SH 日线数据更新完成(120条)
[14:55:27] [引擎] 2026-07-30 14:55:27 [INFO] __main__: 002585.SZ 日线数据更新完成(120条)
[14:55:27] [引擎] 2026-07-30 14:55:27 [INFO] __main__: 603918.SH 日线数据更新完成(120条)
[14:55:27] [引擎] 2026-07-30 14:55:27 [INFO] __main__: 001309.SZ 日线数据更新完成(120条)
[14:55:27] [引擎] 2026-07-30 14:55:27 [INFO] __main__: 600199.SH 日线数据更新完成(120条)
[14:55:27] [引擎] 2026-07-30 14:55:27 [INFO] __main__: 600722.SH 日线数据更新完成(120条)
[14:55:27] [引擎] 2026-07-30 14:55:27 [INFO] __main__: 000670.SZ 日线数据更新完成(120条)
[14:55:27] [引擎] 2026-07-30 14:55:27 [INFO] __main__: 000506.SZ 日线数据更新完成(120条)
[14:55:27] [引擎] 2026-07-30 14:55:27 [INFO] __main__: 603327.SH 日线数据更新完成(120条)
[14:55:27] [引擎] 2026-07-30 14:55:27 [INFO] __main__: 000636.SZ 日线数据更新完成(120条)
[14:55:27] [引擎] 2026-07-30 14:55:27 [INFO] __main__: 603267.SH 日线数据更新完成(120条)
[14:55:27] [引擎] 2026-07-30 14:55:27 [INFO] __main__: 603986.SH 日线数据更新完成(120条)
[14:55:27] [引擎] 2026-07-30 14:55:27 [INFO] __main__: 002580.SZ 日线数据更新完成(120条)
[14:55:27] [引擎] 2026-07-30 14:55:27 [INFO] __main__: 603859.SH 日线数据更新完成(120条)
[14:55:27] [引擎] 2026-07-30 14:55:27 [INFO] __main__: 001258.SZ 日线数据更新完成(120条)
[14:55:27] [引擎] 2026-07-30 14:55:27 [INFO] __main__: 600105.SH 日线数据更新完成(120条)
[14:55:27] [引擎] 2026-07-30 14:55:27 [INFO] __main__: 603619.SH 日线数据更新完成(120条)
[14:55:27] [引擎] 2026-07-30 14:55:27 [INFO] __main__: 603336.SH 日线数据更新完成(120条)
[14:55:27] [引擎] 2026-07-30 14:55:27 [INFO] __main__: 601606.SH 日线数据更新完成(120条)
[14:55:27] [引擎] 2026-07-30 14:55:27 [INFO] __main__: 002832.SZ 日线数据更新完成(120条)
[14:56:27] [引擎] 2026-07-30 14:56:27 [INFO] __main__: 检测到 state.json 变更，重新加载
[14:56:27] [引擎] 2026-07-30 14:56:27 [INFO] __main__: 加载盯盘状态: 31 只
[14:56:27] [引擎] 2026-07-30 14:56:27 [INFO] __main__: 000566.SZ 日线数据更新完成(120条)
[14:56:27] [引擎] 2026-07-30 14:56:27 [INFO] __main__: 000948.SZ 日线数据更新完成(120条)
[14:56:27] [引擎] 2026-07-30 14:56:27 [INFO] __main__: 002199.SZ 日线数据更新完成(120条)
[14:56:27] [引擎] 2026-07-30 14:56:27 [INFO] __main__: 002534.SZ 日线数据更新完成(120条)
[14:56:27] [引擎] 2026-07-30 14:56:27 [INFO] __main__: 002612.SZ 日线数据更新完成(120条)
[14:56:27] [引擎] 2026-07-30 14:56:27 [INFO] __main__: 002657.SZ 日线数据更新完成(120条)
[14:56:27] [引擎] 2026-07-30 14:56:27 [INFO] __main__: 002891.SZ 日线数据更新完成(120条)
[14:56:27] [引擎] 2026-07-30 14:56:27 [INFO] __main__: 600661.SH 日线数据更新完成(120条)
[14:56:27] [引擎] 2026-07-30 14:56:27 [INFO] __main__: 600733.SH 日线数据更新完成(120条)
[14:56:27] [引擎] 2026-07-30 14:56:27 [INFO] __main__: 603988.SH 日线数据更新完成(120条)
[14:56:27] [引擎] 2026-07-30 14:56:27 [INFO] __main__: 603580.SH 日线数据更新完成(120条)
[14:56:27] [引擎] 2026-07-30 14:56:27 [INFO] __main__: 605189.SH 日线数据更新完成(120条)
[14:56:27] [引擎] 2026-07-30 14:56:27 [INFO] __main__: 002585.SZ 日线数据更新完成(120条)
[14:56:27] [引擎] 2026-07-30 14:56:27 [INFO] __main__: 603918.SH 日线数据更新完成(120条)
[14:56:27] [引擎] 2026-07-30 14:56:27 [INFO] __main__: 001309.SZ 日线数据更新完成(120条)
[14:56:27] [引擎] 2026-07-30 14:56:27 [INFO] __main__: 600199.SH 日线数据更新完成(120条)
[14:56:27] [引擎] 2026-07-30 14:56:27 [INFO] __main__: 600722.SH 日线数据更新完成(120条)
[14:56:27] [引擎] 2026-07-30 14:56:27 [INFO] __main__: 000670.SZ 日线数据更新完成(120条)
[14:56:28] [引擎] 2026-07-30 14:56:28 [INFO] __main__: 000506.SZ 日线数据更新完成(120条)
[14:56:28] [引擎] 2026-07-30 14:56:28 [INFO] __main__: 603327.SH 日线数据更新完成(120条)
[14:56:28] [引擎] 2026-07-30 14:56:28 [INFO] __main__: 000636.SZ 日线数据更新完成(120条)
[14:56:28] [引擎] 2026-07-30 14:56:28 [INFO] __main__: 603267.SH 日线数据更新完成(120条)
[14:56:28] [引擎] 2026-07-30 14:56:28 [INFO] __main__: 603986.SH 日线数据更新完成(120条)
[14:56:28] [引擎] 2026-07-30 14:56:28 [INFO] __main__: 002580.SZ 日线数据更新完成(120条)
[14:56:28] [引擎] 2026-07-30 14:56:28 [INFO] __main__: 603859.SH 日线数据更新完成(120条)
[14:56:28] [引擎] 2026-07-30 14:56:28 [INFO] __main__: 001258.SZ 日线数据更新完成(120条)
[14:56:28] [引擎] 2026-07-30 14:56:28 [INFO] __main__: 600105.SH 日线数据更新完成(120条)
[14:56:28] [引擎] 2026-07-30 14:56:28 [INFO] __main__: 603619.SH 日线数据更新完成(120条)
[14:56:28] [引擎] 2026-07-30 14:56:28 [INFO] __main__: 603336.SH 日线数据更新完成(120条)
[14:56:28] [引擎] 2026-07-30 14:56:28 [INFO] __main__: 601606.SH 日线数据更新完成(120条)
[14:56:28] [引擎] 2026-07-30 14:56:28 [INFO] __main__: 002832.SZ 日线数据更新完成(120条)
[14:57:28] [引擎] 2026-07-30 14:57:28 [INFO] __main__: 检测到 state.json 变更，重新加载
[14:57:28] [引擎] 2026-07-30 14:57:28 [INFO] __main__: 加载盯盘状态: 31 只
[14:57:28] [引擎] 2026-07-30 14:57:28 [INFO] __main__: 000566.SZ 日线数据更新完成(120条)
[14:57:28] [引擎] 2026-07-30 14:57:28 [INFO] __main__: 000948.SZ 日线数据更新完成(120条)
[14:57:28] [引擎] 2026-07-30 14:57:28 [INFO] __main__: 002199.SZ 日线数据更新完成(120条)
[14:57:28] [引擎] 2026-07-30 14:57:28 [INFO] __main__: 002534.SZ 日线数据更新完成(120条)
[14:57:28] [引擎] 2026-07-30 14:57:28 [INFO] __main__: 002612.SZ 日线数据更新完成(120条)
[14:57:28] [引擎] 2026-07-30 14:57:28 [INFO] __main__: 002657.SZ 日线数据更新完成(120条)
[14:57:28] [引擎] 2026-07-30 14:57:28 [INFO] __main__: 002891.SZ 日线数据更新完成(120条)
[14:57:28] [引擎] 2026-07-30 14:57:28 [INFO] __main__: 600661.SH 日线数据更新完成(120条)
[14:57:28] [引擎] 2026-07-30 14:57:28 [INFO] __main__: 600733.SH 日线数据更新完成(120条)
[14:57:28] [引擎] 2026-07-30 14:57:28 [INFO] __main__: 603988.SH 日线数据更新完成(120条)
[14:57:28] [引擎] 2026-07-30 14:57:28 [INFO] __main__: 603580.SH 日线数据更新完成(120条)
[14:57:28] [引擎] 2026-07-30 14:57:28 [INFO] __main__: 605189.SH 日线数据更新完成(120条)
[14:57:28] [引擎] 2026-07-30 14:57:28 [INFO] __main__: 002585.SZ 日线数据更新完成(120条)
[14:57:28] [引擎] 2026-07-30 14:57:28 [INFO] __main__: 603918.SH 日线数据更新完成(120条)
[14:57:28] [引擎] 2026-07-30 14:57:28 [INFO] __main__: 001309.SZ 日线数据更新完成(120条)
[14:57:28] [引擎] 2026-07-30 14:57:28 [INFO] __main__: 600199.SH 日线数据更新完成(120条)
[14:57:28] [引擎] 2026-07-30 14:57:28 [INFO] __main__: 600722.SH 日线数据更新完成(120条)
[14:57:28] [引擎] 2026-07-30 14:57:28 [INFO] __main__: 000670.SZ 日线数据更新完成(120条)
[14:57:28] [引擎] 2026-07-30 14:57:28 [INFO] __main__: 000506.SZ 日线数据更新完成(120条)
[14:57:28] [引擎] 2026-07-30 14:57:28 [INFO] __main__: 603327.SH 日线数据更新完成(120条)
[14:57:28] [引擎] 2026-07-30 14:57:28 [INFO] __main__: 000636.SZ 日线数据更新完成(120条)
[14:57:28] [引擎] 2026-07-30 14:57:28 [INFO] __main__: 603267.SH 日线数据更新完成(120条)
[14:57:29] [引擎] 2026-07-30 14:57:29 [INFO] __main__: 603986.SH 日线数据更新完成(120条)
[14:57:29] [引擎] 2026-07-30 14:57:29 [INFO] __main__: 002580.SZ 日线数据更新完成(120条)
[14:57:29] [引擎] 2026-07-30 14:57:29 [INFO] __main__: 603859.SH 日线数据更新完成(120条)
[14:57:29] [引擎] 2026-07-30 14:57:29 [INFO] __main__: 001258.SZ 日线数据更新完成(120条)
[14:57:29] [引擎] 2026-07-30 14:57:29 [INFO] __main__: 600105.SH 日线数据更新完成(120条)
[14:57:29] [引擎] 2026-07-30 14:57:29 [INFO] __main__: 603619.SH 日线数据更新完成(120条)
[14:57:29] [引擎] 2026-07-30 14:57:29 [INFO] __main__: 603336.SH 日线数据更新完成(120条)
[14:57:29] [引擎] 2026-07-30 14:57:29 [INFO] __main__: 601606.SH 日线数据更新完成(120条)
[14:57:29] [引擎] 2026-07-30 14:57:29 [INFO] __main__: 002832.SZ 日线数据更新完成(120条)
[14:58:29] [引擎] 2026-07-30 14:58:29 [INFO] __main__: 检测到 state.json 变更，重新加载
[14:58:29] [引擎] 2026-07-30 14:58:29 [INFO] __main__: 加载盯盘状态: 31 只
[14:58:29] [引擎] 2026-07-30 14:58:29 [INFO] __main__: 000566.SZ 日线数据更新完成(120条)
[14:58:29] [引擎] 2026-07-30 14:58:29 [INFO] __main__: 000948.SZ 日线数据更新完成(120条)
[14:58:29] [引擎] 2026-07-30 14:58:29 [INFO] __main__: 002199.SZ 日线数据更新完成(120条)
[14:58:29] [引擎] 2026-07-30 14:58:29 [INFO] __main__: 002534.SZ 日线数据更新完成(120条)
[14:58:29] [引擎] 2026-07-30 14:58:29 [INFO] __main__: 002612.SZ 日线数据更新完成(120条)
[14:58:29] [引擎] 2026-07-30 14:58:29 [INFO] __main__: 002657.SZ 日线数据更新完成(120条)
[14:58:29] [引擎] 2026-07-30 14:58:29 [INFO] __main__: 002891.SZ 日线数据更新完成(120条)
[14:58:29] [引擎] 2026-07-30 14:58:29 [INFO] __main__: 600661.SH 日线数据更新完成(120条)
[14:58:29] [引擎] 2026-07-30 14:58:29 [INFO] __main__: 600733.SH 日线数据更新完成(120条)
[14:58:29] [引擎] 2026-07-30 14:58:29 [INFO] __main__: 603988.SH 日线数据更新完成(120条)
[14:58:29] [引擎] 2026-07-30 14:58:29 [INFO] __main__: 603580.SH 日线数据更新完成(120条)
[14:58:29] [引擎] 2026-07-30 14:58:29 [INFO] __main__: 605189.SH 日线数据更新完成(120条)
[14:58:29] [引擎] 2026-07-30 14:58:29 [INFO] __main__: 002585.SZ 日线数据更新完成(120条)
[14:58:29] [引擎] 2026-07-30 14:58:29 [INFO] __main__: 603918.SH 日线数据更新完成(120条)
[14:58:29] [引擎] 2026-07-30 14:58:29 [INFO] __main__: 001309.SZ 日线数据更新完成(120条)
[14:58:29] [引擎] 2026-07-30 14:58:29 [INFO] __main__: 600199.SH 日线数据更新完成(120条)
[14:58:29] [引擎] 2026-07-30 14:58:29 [INFO] __main__: 600722.SH 日线数据更新完成(120条)
[14:58:29] [引擎] 2026-07-30 14:58:29 [INFO] __main__: 000670.SZ 日线数据更新完成(120条)
[14:58:29] [引擎] 2026-07-30 14:58:29 [INFO] __main__: 000506.SZ 日线数据更新完成(120条)
[14:58:29] [引擎] 2026-07-30 14:58:29 [INFO] __main__: 603327.SH 日线数据更新完成(120条)
[14:58:29] [引擎] 2026-07-30 14:58:29 [INFO] __main__: 000636.SZ 日线数据更新完成(120条)
[14:58:29] [引擎] 2026-07-30 14:58:29 [INFO] __main__: 603267.SH 日线数据更新完成(120条)
[14:58:29] [引擎] 2026-07-30 14:58:29 [INFO] __main__: 603986.SH 日线数据更新完成(120条)
[14:58:29] [引擎] 2026-07-30 14:58:29 [INFO] __main__: 002580.SZ 日线数据更新完成(120条)
[14:58:29] [引擎] 2026-07-30 14:58:29 [INFO] __main__: 603859.SH 日线数据更新完成(120条)
[14:58:29] [引擎] 2026-07-30 14:58:29 [INFO] __main__: 001258.SZ 日线数据更新完成(120条)
[14:58:29] [引擎] 2026-07-30 14:58:29 [INFO] __main__: 600105.SH 日线数据更新完成(120条)
[14:58:29] [引擎] 2026-07-30 14:58:29 [INFO] __main__: 603619.SH 日线数据更新完成(120条)
[14:58:29] [引擎] 2026-07-30 14:58:29 [INFO] __main__: 603336.SH 日线数据更新完成(120条)
[14:58:29] [引擎] 2026-07-30 14:58:29 [INFO] __main__: 601606.SH 日线数据更新完成(120条)
[14:58:29] [引擎] 2026-07-30 14:58:29 [INFO] __main__: 002832.SZ 日线数据更新完成(120条)
[14:59:29] [引擎] 2026-07-30 14:59:29 [INFO] __main__: 检测到 state.json 变更，重新加载
[14:59:29] [引擎] 2026-07-30 14:59:29 [INFO] __main__: 加载盯盘状态: 31 只
[14:59:30] [引擎] 2026-07-30 14:59:30 [INFO] __main__: 000566.SZ 日线数据更新完成(120条)
[14:59:30] [引擎] 2026-07-30 14:59:30 [INFO] __main__: 000948.SZ 日线数据更新完成(120条)
[14:59:30] [引擎] 2026-07-30 14:59:30 [INFO] __main__: 002199.SZ 日线数据更新完成(120条)
[14:59:30] [引擎] 2026-07-30 14:59:30 [INFO] __main__: 002534.SZ 日线数据更新完成(120条)
[14:59:30] [引擎] 2026-07-30 14:59:30 [INFO] __main__: 002612.SZ 日线数据更新完成(120条)
[14:59:30] [引擎] 2026-07-30 14:59:30 [INFO] __main__: 002657.SZ 日线数据更新完成(120条)
[14:59:30] [引擎] 2026-07-30 14:59:30 [INFO] __main__: 002891.SZ 日线数据更新完成(120条)
[14:59:30] [引擎] 2026-07-30 14:59:30 [INFO] __main__: 600661.SH 日线数据更新完成(120条)
[14:59:30] [引擎] 2026-07-30 14:59:30 [INFO] __main__: 600733.SH 日线数据更新完成(120条)
[14:59:30] [引擎] 2026-07-30 14:59:30 [INFO] __main__: 603988.SH 日线数据更新完成(120条)
[14:59:30] [引擎] 2026-07-30 14:59:30 [INFO] __main__: 603580.SH 日线数据更新完成(120条)
[14:59:30] [引擎] 2026-07-30 14:59:30 [INFO] __main__: 605189.SH 日线数据更新完成(120条)
[14:59:30] [引擎] 2026-07-30 14:59:30 [INFO] __main__: 002585.SZ 日线数据更新完成(120条)
[14:59:30] [引擎] 2026-07-30 14:59:30 [INFO] __main__: 603918.SH 日线数据更新完成(120条)
[14:59:30] [引擎] 2026-07-30 14:59:30 [INFO] __main__: 001309.SZ 日线数据更新完成(120条)
[14:59:30] [引擎] 2026-07-30 14:59:30 [INFO] __main__: 600199.SH 日线数据更新完成(120条)
[14:59:30] [引擎] 2026-07-30 14:59:30 [INFO] __main__: 600722.SH 日线数据更新完成(120条)
[14:59:30] [引擎] 2026-07-30 14:59:30 [INFO] __main__: 000670.SZ 日线数据更新完成(120条)
[14:59:30] [引擎] 2026-07-30 14:59:30 [INFO] __main__: 000506.SZ 日线数据更新完成(120条)
[14:59:30] [引擎] 2026-07-30 14:59:30 [INFO] __main__: 603327.SH 日线数据更新完成(120条)
[14:59:30] [引擎]   [📡] 买入 603327 福蓉科技 100股 最优价=9.11 (卖一9.11量615400)
[14:59:30] [引擎] 2026-07-30 14:59:30 [WARNING] __main__: 603327.SH 跳过买入: 可用资金不足: 需911 可用26
[14:59:30] [引擎] 2026-07-30 14:59:30 [INFO] __main__: 000636.SZ 日线数据更新完成(120条)
[14:59:30] [引擎] 2026-07-30 14:59:30 [INFO] __main__: 603267.SH 日线数据更新完成(120条)
[14:59:30] [引擎]   [📡] 买入 603267 鸿远电子 100股 最优价=50.47 (卖一50.47量127496)
[14:59:30] [引擎] 2026-07-30 14:59:30 [WARNING] __main__: 603267.SH 跳过买入: 可用资金不足: 需5047 可用26
[14:59:30] [引擎] 2026-07-30 14:59:30 [INFO] __main__: 603986.SH 日线数据更新完成(120条)
[14:59:30] [引擎] 2026-07-30 14:59:30 [INFO] __main__: 002580.SZ 日线数据更新完成(120条)
[14:59:30] [引擎] 2026-07-30 14:59:30 [INFO] __main__: 603859.SH 日线数据更新完成(120条)
[14:59:30] [引擎]   [📡] 买入 603859 能科科技 100股 最优价=37.51 (卖一37.51量179100)
[14:59:30] [引擎] 2026-07-30 14:59:30 [WARNING] __main__: 603859.SH 跳过买入: 可用资金不足: 需3751 可用26
[14:59:30] [引擎] 2026-07-30 14:59:30 [INFO] __main__: 001258.SZ 日线数据更新完成(120条)
[14:59:30] [引擎] 2026-07-30 14:59:30 [INFO] __main__: 600105.SH 日线数据更新完成(120条)
[14:59:30] [引擎]   [📡] 买入 600105 永鼎股份 100股 最优价=32.99 (卖一32.99量1120500)
[14:59:30] [引擎] 2026-07-30 14:59:30 [WARNING] __main__: 600105.SH 跳过买入: 可用资金不足: 需3299 可用26
[14:59:30] [引擎] 2026-07-30 14:59:30 [INFO] __main__: 603619.SH 日线数据更新完成(120条)
[14:59:30] [引擎] 2026-07-30 14:59:30 [INFO] __main__: 603336.SH 日线数据更新完成(120条)
[14:59:30] [引擎] 2026-07-30 14:59:30 [INFO] __main__: 601606.SH 日线数据更新完成(120条)
[14:59:30] [引擎]   [📡] 买入 601606 长城军工 100股 最优价=35.65 (卖一35.65量940600)
[14:59:30] [引擎] 2026-07-30 14:59:30 [WARNING] __main__: 601606.SH 跳过买入: 可用资金不足: 需3565 可用26
[14:59:30] [引擎] 2026-07-30 14:59:30 [INFO] __main__: 002832.SZ 日线数据更新完成(120条)
[15:00:30] [引擎] 2026-07-30 15:00:30 [INFO] __main__: 交易时段结束，暂停盯盘扫描
[15:00:30] [引擎] 2026-07-30 15:00:30 [INFO] __main__: 盘后汰换 surge 零信号 29 只: ['000566.SZ', '000948.SZ', '002199.SZ', '002612.SZ', '002657.SZ', '002891.SZ', '600733.SH', '603988.SH', '603580.SH', '605189.SH', '002585.SZ', '603918.SH', '001309.SZ', '600199.SH', '600722.SH', '000670.SZ', '000506.SZ', '603327.SH', '000636.SZ', '603267.SH', '603986.SH', '002580.SZ', '603859.SH', '001258.SZ', '600105.SH', '603619.SH', '603336.SH', '601606.SH', '002832.SZ']
[15:05:24] [引擎] 2026-07-30 15:05:24 [INFO] __main__: 收盘退出（15:05），明日由 cron 重新拉起
[15:05:25] [引擎] 2026-07-30 15:05:25 [INFO] __main__: 盯盘循环退出
[15:05:25] [引擎] 2026-07-30 15:05:25 [INFO] __main__: 盯盘引擎已停止
[15:05:32] [引擎] 启动 watchdog...
[15:05:32] [引擎] PID=3206440
[15:05:34] [引擎] 2026-07-30 15:05:34 [INFO] __main__: 加载盯盘状态: 2 只
[15:05:34] [引擎] 2026-07-30 15:05:34 [INFO] __main__: 盯盘循环启动
[15:05:34] [引擎] 2026-07-30 15:05:34 [INFO] __main__: 盯盘引擎已启动
[15:05:34] [引擎] 2026-07-30 15:05:34 [INFO] __main__: ==================================================
[15:05:34] [引擎] 2026-07-30 15:05:34 [INFO] __main__: 盯盘引擎已启动！
[15:05:34] [引擎] 2026-07-30 15:05:34 [INFO] __main__: 状态文件: /root/maneki-agent/plays/watchdog/data/state.json
[15:05:34] [引擎] 2026-07-30 15:05:34 [INFO] __main__: 扫描间隔: 60s
[15:05:34] [引擎] 2026-07-30 15:05:34 [INFO] __main__: 盯盘上限: 20 只
[15:05:34] [引擎] 2026-07-30 15:05:34 [INFO] __main__: ==================================================
[15:05:34] [引擎] 2026-07-30 15:05:34 [INFO] __main__: 通过飞书发送指令: 盯/停/盯盘列表/清盯盘
[15:06:34] [引擎] 2026-07-30 15:06:34 [INFO] __main__: 收盘退出（15:05），明日由 cron 重新拉起
[15:06:34] [引擎] 2026-07-30 15:06:34 [INFO] __main__: 盯盘循环退出
[15:06:34] [引擎] 2026-07-30 15:06:34 [INFO] __main__: 盯盘引擎已停止
[15:06:42] [引擎] 启动 watchdog...
[15:06:42] [引擎] PID=3206448
[15:06:44] [引擎] 2026-07-30 15:06:44 [INFO] __main__: 加载盯盘状态: 2 只
[15:06:44] [引擎] 2026-07-30 15:06:44 [INFO] __main__: 盯盘循环启动
[15:06:44] [引擎] 2026-07-30 15:06:44 [INFO] __main__: 盯盘引擎已启动
[15:06:44] [引擎] 2026-07-30 15:06:44 [INFO] __main__: ==================================================
[15:06:44] [引擎] 2026-07-30 15:06:44 [INFO] __main__: 盯盘引擎已启动！
[15:06:44] [引擎] 2026-07-30 15:06:44 [INFO] __main__: 状态文件: /root/maneki-agent/plays/watchdog/data/state.json
[15:06:44] [引擎] 2026-07-30 15:06:44 [INFO] __main__: 扫描间隔: 60s
[15:06:44] [引擎] 2026-07-30 15:06:44 [INFO] __main__: 盯盘上限: 20 只
[15:06:44] [引擎] 2026-07-30 15:06:44 [INFO] __main__: ==================================================
[15:06:44] [引擎] 2026-07-30 15:06:44 [INFO] __main__: 通过飞书发送指令: 盯/停/盯盘列表/清盯盘
[15:07:44] [引擎] 2026-07-30 15:07:44 [INFO] __main__: 收盘退出（15:05），明日由 cron 重新拉起
[15:07:44] [引擎] 2026-07-30 15:07:44 [INFO] __main__: 盯盘循环退出
[15:07:44] [引擎] 2026-07-30 15:07:44 [INFO] __main__: 盯盘引擎已停止
[15:07:52] [引擎] 启动 watchdog...
[15:07:52] [引擎] PID=3206457
[15:07:54] [引擎] 2026-07-30 15:07:54 [INFO] __main__: 加载盯盘状态: 2 只
[15:07:54] [引擎] 2026-07-30 15:07:54 [INFO] __main__: 盯盘循环启动
[15:07:54] [引擎] 2026-07-30 15:07:54 [INFO] __main__: 盯盘引擎已启动
[15:07:54] [引擎] 2026-07-30 15:07:54 [INFO] __main__: ==================================================
[15:07:54] [引擎] 2026-07-30 15:07:54 [INFO] __main__: 盯盘引擎已启动！
[15:07:54] [引擎] 2026-07-30 15:07:54 [INFO] __main__: 状态文件: /root/maneki-agent/plays/watchdog/data/state.json
[15:07:54] [引擎] 2026-07-30 15:07:54 [INFO] __main__: 扫描间隔: 60s
[15:07:54] [引擎] 2026-07-30 15:07:54 [INFO] __main__: 盯盘上限: 20 只
[15:07:54] [引擎] 2026-07-30 15:07:54 [INFO] __main__: ==================================================
[15:07:54] [引擎] 2026-07-30 15:07:54 [INFO] __main__: 通过飞书发送指令: 盯/停/盯盘列表/清盯盘
[15:08:54] [引擎] 2026-07-30 15:08:54 [INFO] __main__: 收盘退出（15:05），明日由 cron 重新拉起
[15:08:54] [引擎] 2026-07-30 15:08:54 [INFO] __main__: 盯盘循环退出
[15:08:54] [引擎] 2026-07-30 15:08:54 [INFO] __main__: 盯盘引擎已停止
[15:09:02] [引擎] 启动 watchdog...
[15:09:02] [引擎] PID=3206467
[15:09:04] [引擎] 2026-07-30 15:09:04 [INFO] __main__: 加载盯盘状态: 2 只
[15:09:04] [引擎] 2026-07-30 15:09:04 [INFO] __main__: 盯盘循环启动
[15:09:04] [引擎] 2026-07-30 15:09:04 [INFO] __main__: 盯盘引擎已启动
[15:09:04] [引擎] 2026-07-30 15:09:04 [INFO] __main__: ==================================================
[15:09:04] [引擎] 2026-07-30 15:09:04 [INFO] __main__: 盯盘引擎已启动！
[15:09:04] [引擎] 2026-07-30 15:09:04 [INFO] __main__: 状态文件: /root/maneki-agent/plays/watchdog/data/state.json
[15:09:04] [引擎] 2026-07-30 15:09:04 [INFO] __main__: 扫描间隔: 60s
[15:09:04] [引擎] 2026-07-30 15:09:04 [INFO] __main__: 盯盘上限: 20 只
[15:09:04] [引擎] 2026-07-30 15:09:04 [INFO] __main__: ==================================================
[15:09:04] [引擎] 2026-07-30 15:09:04 [INFO] __main__: 通过飞书发送指令: 盯/停/盯盘列表/清盯盘
[15:10:04] [引擎] 2026-07-30 15:10:04 [INFO] __main__: 收盘退出（15:05），明日由 cron 重新拉起
[15:10:04] [引擎] 2026-07-30 15:10:04 [INFO] __main__: 盯盘循环退出
[15:10:04] [引擎] 2026-07-30 15:10:04 [INFO] __main__: 盯盘引擎已停止
[15:10:12] [引擎] 启动 watchdog...
[15:10:12] [引擎] PID=3206477
[15:10:14] [引擎] 2026-07-30 15:10:14 [INFO] __main__: 加载盯盘状态: 2 只
[15:10:14] [引擎] 2026-07-30 15:10:14 [INFO] __main__: 盯盘循环启动
[15:10:14] [引擎] 2026-07-30 15:10:14 [INFO] __main__: 盯盘引擎已启动
[15:10:14] [引擎] 2026-07-30 15:10:14 [INFO] __main__: ==================================================
[15:10:14] [引擎] 2026-07-30 15:10:14 [INFO] __main__: 盯盘引擎已启动！
[15:10:14] [引擎] 2026-07-30 15:10:14 [INFO] __main__: 状态文件: /root/maneki-agent/plays/watchdog/data/state.json
[15:10:14] [引擎] 2026-07-30 15:10:14 [INFO] __main__: 扫描间隔: 60s
[15:10:14] [引擎] 2026-07-30 15:10:14 [INFO] __main__: 盯盘上限: 20 只
[15:10:14] [引擎] 2026-07-30 15:10:14 [INFO] __main__: ==================================================
[15:10:14] [引擎] 2026-07-30 15:10:14 [INFO] __main__: 通过飞书发送指令: 盯/停/盯盘列表/清盯盘
[15:11:14] [引擎] 2026-07-30 15:11:14 [INFO] __main__: 收盘退出（15:05），明日由 cron 重新拉起
[15:11:14] [引擎] 2026-07-30 15:11:14 [INFO] __main__: 盯盘循环退出
[15:11:14] [引擎] 2026-07-30 15:11:14 [INFO] __main__: 盯盘引擎已停止
[15:11:22] [引擎] 启动 watchdog...
[15:11:22] [引擎] PID=3206527
[15:11:24] [引擎] 2026-07-30 15:11:24 [INFO] __main__: 加载盯盘状态: 2 只
[15:11:24] [引擎] 2026-07-30 15:11:24 [INFO] __main__: 盯盘循环启动
[15:11:24] [引擎] 2026-07-30 15:11:24 [INFO] __main__: 盯盘引擎已启动
[15:11:24] [引擎] 2026-07-30 15:11:24 [INFO] __main__: ==================================================
[15:11:24] [引擎] 2026-07-30 15:11:24 [INFO] __main__: 盯盘引擎已启动！
[15:11:24] [引擎] 2026-07-30 15:11:24 [INFO] __main__: 状态文件: /root/maneki-agent/plays/watchdog/data/state.json
[15:11:24] [引擎] 2026-07-30 15:11:24 [INFO] __main__: 扫描间隔: 60s
[15:11:24] [引擎] 2026-07-30 15:11:24 [INFO] __main__: 盯盘上限: 20 只
[15:11:24] [引擎] 2026-07-30 15:11:24 [INFO] __main__: ==================================================
[15:11:24] [引擎] 2026-07-30 15:11:24 [INFO] __main__: 通过飞书发送指令: 盯/停/盯盘列表/清盯盘
[15:12:24] [引擎] 2026-07-30 15:12:24 [INFO] __main__: 收盘退出（15:05），明日由 cron 重新拉起
[15:12:24] [引擎] 2026-07-30 15:12:24 [INFO] __main__: 盯盘循环退出
[15:12:24] [引擎] 2026-07-30 15:12:24 [INFO] __main__: 盯盘引擎已停止
[15:12:32] [引擎] 启动 watchdog...
[15:12:32] [引擎] PID=3206536
[15:12:34] [引擎] 2026-07-30 15:12:34 [INFO] __main__: 加载盯盘状态: 2 只
[15:12:34] [引擎] 2026-07-30 15:12:34 [INFO] __main__: 盯盘循环启动
[15:12:34] [引擎] 2026-07-30 15:12:34 [INFO] __main__: 盯盘引擎已启动
[15:12:34] [引擎] 2026-07-30 15:12:34 [INFO] __main__: ==================================================
[15:12:34] [引擎] 2026-07-30 15:12:34 [INFO] __main__: 盯盘引擎已启动！
[15:12:34] [引擎] 2026-07-30 15:12:34 [INFO] __main__: 状态文件: /root/maneki-agent/plays/watchdog/data/state.json
[15:12:34] [引擎] 2026-07-30 15:12:34 [INFO] __main__: 扫描间隔: 60s
[15:12:34] [引擎] 2026-07-30 15:12:34 [INFO] __main__: 盯盘上限: 20 只
[15:12:34] [引擎] 2026-07-30 15:12:34 [INFO] __main__: ==================================================
[15:12:34] [引擎] 2026-07-30 15:12:34 [INFO] __main__: 通过飞书发送指令: 盯/停/盯盘列表/清盯盘
[15:13:34] [引擎] 2026-07-30 15:13:34 [INFO] __main__: 收盘退出（15:05），明日由 cron 重新拉起
[15:13:34] [引擎] 2026-07-30 15:13:34 [INFO] __main__: 盯盘循环退出
[15:13:34] [引擎] 2026-07-30 15:13:34 [INFO] __main__: 盯盘引擎已停止
[15:13:42] [引擎] 启动 watchdog...
[15:13:42] [引擎] PID=3206545
[15:13:44] [引擎] 2026-07-30 15:13:44 [INFO] __main__: 加载盯盘状态: 2 只
[15:13:44] [引擎] 2026-07-30 15:13:44 [INFO] __main__: 盯盘循环启动
[15:13:44] [引擎] 2026-07-30 15:13:44 [INFO] __main__: 盯盘引擎已启动
[15:13:44] [引擎] 2026-07-30 15:13:44 [INFO] __main__: ==================================================
[15:13:44] [引擎] 2026-07-30 15:13:44 [INFO] __main__: 盯盘引擎已启动！
[15:13:44] [引擎] 2026-07-30 15:13:44 [INFO] __main__: 状态文件: /root/maneki-agent/plays/watchdog/data/state.json
[15:13:44] [引擎] 2026-07-30 15:13:44 [INFO] __main__: 扫描间隔: 60s
[15:13:44] [引擎] 2026-07-30 15:13:44 [INFO] __main__: 盯盘上限: 20 只
[15:13:44] [引擎] 2026-07-30 15:13:44 [INFO] __main__: ==================================================
[15:13:44] [引擎] 2026-07-30 15:13:44 [INFO] __main__: 通过飞书发送指令: 盯/停/盯盘列表/清盯盘
[15:14:44] [引擎] 2026-07-30 15:14:44 [INFO] __main__: 收盘退出（15:05），明日由 cron 重新拉起
[15:14:44] [引擎] 2026-07-30 15:14:44 [INFO] __main__: 盯盘循环退出
[15:14:44] [引擎] 2026-07-30 15:14:44 [INFO] __main__: 盯盘引擎已停止
[15:14:52] [引擎] 启动 watchdog...
[15:14:52] [引擎] PID=3206553
[15:14:54] [引擎] 2026-07-30 15:14:54 [INFO] __main__: 加载盯盘状态: 2 只
[15:14:54] [引擎] 2026-07-30 15:14:54 [INFO] __main__: 盯盘循环启动
[15:14:54] [引擎] 2026-07-30 15:14:54 [INFO] __main__: 盯盘引擎已启动
[15:14:54] [引擎] 2026-07-30 15:14:54 [INFO] __main__: ==================================================
[15:14:54] [引擎] 2026-07-30 15:14:54 [INFO] __main__: 盯盘引擎已启动！
[15:14:54] [引擎] 2026-07-30 15:14:54 [INFO] __main__: 状态文件: /root/maneki-agent/plays/watchdog/data/state.json
[15:14:54] [引擎] 2026-07-30 15:14:54 [INFO] __main__: 扫描间隔: 60s
[15:14:54] [引擎] 2026-07-30 15:14:54 [INFO] __main__: 盯盘上限: 20 只
[15:14:54] [引擎] 2026-07-30 15:14:54 [INFO] __main__: ==================================================
[15:14:54] [引擎] 2026-07-30 15:14:54 [INFO] __main__: 通过飞书发送指令: 盯/停/盯盘列表/清盯盘
[15:15:54] [引擎] 2026-07-30 15:15:54 [INFO] __main__: 收盘退出（15:05），明日由 cron 重新拉起
[15:15:54] [引擎] 2026-07-30 15:15:54 [INFO] __main__: 盯盘循环退出
[15:15:54] [引擎] 2026-07-30 15:15:54 [INFO] __main__: 盯盘引擎已停止
[15:16:02] [引擎] 启动 watchdog...
[15:16:02] [引擎] PID=3206565
[15:16:04] [引擎] 2026-07-30 15:16:04 [INFO] __main__: 加载盯盘状态: 2 只
[15:16:04] [引擎] 2026-07-30 15:16:04 [INFO] __main__: 盯盘循环启动
[15:16:04] [引擎] 2026-07-30 15:16:04 [INFO] __main__: 盯盘引擎已启动
[15:16:04] [引擎] 2026-07-30 15:16:04 [INFO] __main__: ==================================================
[15:16:04] [引擎] 2026-07-30 15:16:04 [INFO] __main__: 盯盘引擎已启动！
[15:16:04] [引擎] 2026-07-30 15:16:04 [INFO] __main__: 状态文件: /root/maneki-agent/plays/watchdog/data/state.json
[15:16:04] [引擎] 2026-07-30 15:16:04 [INFO] __main__: 扫描间隔: 60s
[15:16:04] [引擎] 2026-07-30 15:16:04 [INFO] __main__: 盯盘上限: 20 只
[15:16:04] [引擎] 2026-07-30 15:16:04 [INFO] __main__: ==================================================
[15:16:04] [引擎] 2026-07-30 15:16:04 [INFO] __main__: 通过飞书发送指令: 盯/停/盯盘列表/清盯盘
[15:17:04] [引擎] 2026-07-30 15:17:04 [INFO] __main__: 收盘退出（15:05），明日由 cron 重新拉起
[15:17:04] [引擎] 2026-07-30 15:17:04 [INFO] __main__: 盯盘循环退出
[15:17:04] [引擎] 2026-07-30 15:17:04 [INFO] __main__: 盯盘引擎已停止
[15:17:13] [引擎] 启动 watchdog...
[15:17:13] [引擎] PID=3206577
[15:17:14] [引擎] 2026-07-30 15:17:14 [INFO] __main__: 加载盯盘状态: 2 只
[15:17:14] [引擎] 2026-07-30 15:17:14 [INFO] __main__: 盯盘循环启动
[15:17:14] [引擎] 2026-07-30 15:17:14 [INFO] __main__: 盯盘引擎已启动
[15:17:14] [引擎] 2026-07-30 15:17:14 [INFO] __main__: ==================================================
[15:17:14] [引擎] 2026-07-30 15:17:14 [INFO] __main__: 盯盘引擎已启动！
[15:17:14] [引擎] 2026-07-30 15:17:14 [INFO] __main__: 状态文件: /root/maneki-agent/plays/watchdog/data/state.json
[15:17:14] [引擎] 2026-07-30 15:17:14 [INFO] __main__: 扫描间隔: 60s
[15:17:14] [引擎] 2026-07-30 15:17:14 [INFO] __main__: 盯盘上限: 20 只
[15:17:14] [引擎] 2026-07-30 15:17:14 [INFO] __main__: ==================================================
[15:17:14] [引擎] 2026-07-30 15:17:14 [INFO] __main__: 通过飞书发送指令: 盯/停/盯盘列表/清盯盘
[15:18:14] [引擎] 2026-07-30 15:18:14 [INFO] __main__: 收盘退出（15:05），明日由 cron 重新拉起
[15:18:14] [引擎] 2026-07-30 15:18:14 [INFO] __main__: 盯盘循环退出
[15:18:14] [引擎] 2026-07-30 15:18:14 [INFO] __main__: 盯盘引擎已停止
[15:18:23] [引擎] 启动 watchdog...
[15:18:23] [引擎] PID=3206586
[15:18:24] [引擎] 2026-07-30 15:18:24 [INFO] __main__: 加载盯盘状态: 2 只
[15:18:24] [引擎] 2026-07-30 15:18:24 [INFO] __main__: 盯盘循环启动
[15:18:24] [引擎] 2026-07-30 15:18:24 [INFO] __main__: 盯盘引擎已启动
[15:18:24] [引擎] 2026-07-30 15:18:24 [INFO] __main__: ==================================================
[15:18:24] [引擎] 2026-07-30 15:18:24 [INFO] __main__: 盯盘引擎已启动！
[15:18:24] [引擎] 2026-07-30 15:18:24 [INFO] __main__: 状态文件: /root/maneki-agent/plays/watchdog/data/state.json
[15:18:24] [引擎] 2026-07-30 15:18:24 [INFO] __main__: 扫描间隔: 60s
[15:18:24] [引擎] 2026-07-30 15:18:24 [INFO] __main__: 盯盘上限: 20 只
[15:18:24] [引擎] 2026-07-30 15:18:24 [INFO] __main__: ==================================================
[15:18:24] [引擎] 2026-07-30 15:18:24 [INFO] __main__: 通过飞书发送指令: 盯/停/盯盘列表/清盯盘
[15:19:24] [引擎] 2026-07-30 15:19:24 [INFO] __main__: 收盘退出（15:05），明日由 cron 重新拉起
[15:19:24] [引擎] 2026-07-30 15:19:24 [INFO] __main__: 盯盘循环退出
[15:19:24] [引擎] 2026-07-30 15:19:24 [INFO] __main__: 盯盘引擎已停止
[15:19:33] [引擎] 启动 watchdog...
[15:19:33] [引擎] PID=3206595
[15:19:34] [引擎] 2026-07-30 15:19:34 [INFO] __main__: 加载盯盘状态: 2 只
[15:19:34] [引擎] 2026-07-30 15:19:34 [INFO] __main__: 盯盘循环启动
[15:19:34] [引擎] 2026-07-30 15:19:34 [INFO] __main__: 盯盘引擎已启动
[15:19:34] [引擎] 2026-07-30 15:19:34 [INFO] __main__: ==================================================
[15:19:34] [引擎] 2026-07-30 15:19:34 [INFO] __main__: 盯盘引擎已启动！
[15:19:34] [引擎] 2026-07-30 15:19:34 [INFO] __main__: 状态文件: /root/maneki-agent/plays/watchdog/data/state.json
[15:19:34] [引擎] 2026-07-30 15:19:34 [INFO] __main__: 扫描间隔: 60s
[15:19:34] [引擎] 2026-07-30 15:19:34 [INFO] __main__: 盯盘上限: 20 只
[15:19:34] [引擎] 2026-07-30 15:19:34 [INFO] __main__: ==================================================
[15:19:34] [引擎] 2026-07-30 15:19:34 [INFO] __main__: 通过飞书发送指令: 盯/停/盯盘列表/清盯盘
[15:20:34] [引擎] 2026-07-30 15:20:34 [INFO] __main__: 收盘退出（15:05），明日由 cron 重新拉起
[15:20:34] [引擎] 2026-07-30 15:20:34 [INFO] __main__: 盯盘循环退出
[15:20:34] [引擎] 2026-07-30 15:20:34 [INFO] __main__: 盯盘引擎已停止
[15:20:43] [引擎] 启动 watchdog...
[15:20:43] [引擎] PID=3206607
[15:20:44] [引擎] 2026-07-30 15:20:44 [INFO] __main__: 加载盯盘状态: 2 只
[15:20:44] [引擎] 2026-07-30 15:20:44 [INFO] __main__: 盯盘循环启动
[15:20:44] [引擎] 2026-07-30 15:20:44 [INFO] __main__: 盯盘引擎已启动
[15:20:44] [引擎] 2026-07-30 15:20:44 [INFO] __main__: ==================================================
[15:20:44] [引擎] 2026-07-30 15:20:44 [INFO] __main__: 盯盘引擎已启动！
[15:20:44] [引擎] 2026-07-30 15:20:44 [INFO] __main__: 状态文件: /root/maneki-agent/plays/watchdog/data/state.json
[15:20:44] [引擎] 2026-07-30 15:20:44 [INFO] __main__: 扫描间隔: 60s
[15:20:44] [引擎] 2026-07-30 15:20:44 [INFO] __main__: 盯盘上限: 20 只
[15:20:44] [引擎] 2026-07-30 15:20:44 [INFO] __main__: ==================================================
[15:20:44] [引擎] 2026-07-30 15:20:44 [INFO] __main__: 通过飞书发送指令: 盯/停/盯盘列表/清盯盘
[15:21:44] [引擎] 2026-07-30 15:21:44 [INFO] __main__: 收盘退出（15:05），明日由 cron 重新拉起
[15:21:44] [引擎] 2026-07-30 15:21:44 [INFO] __main__: 盯盘循环退出
[15:21:44] [引擎] 2026-07-30 15:21:44 [INFO] __main__: 盯盘引擎已停止
[15:21:53] [引擎] 启动 watchdog...
[15:21:53] [引擎] PID=3206616
[15:21:54] [引擎] 2026-07-30 15:21:54 [INFO] __main__: 加载盯盘状态: 2 只
[15:21:54] [引擎] 2026-07-30 15:21:54 [INFO] __main__: 盯盘循环启动
[15:21:54] [引擎] 2026-07-30 15:21:54 [INFO] __main__: 盯盘引擎已启动
[15:21:54] [引擎] 2026-07-30 15:21:54 [INFO] __main__: ==================================================
[15:21:54] [引擎] 2026-07-30 15:21:54 [INFO] __main__: 盯盘引擎已启动！
[15:21:54] [引擎] 2026-07-30 15:21:54 [INFO] __main__: 状态文件: /root/maneki-agent/plays/watchdog/data/state.json
[15:21:54] [引擎] 2026-07-30 15:21:54 [INFO] __main__: 扫描间隔: 60s
[15:21:54] [引擎] 2026-07-30 15:21:54 [INFO] __main__: 盯盘上限: 20 只
[15:21:54] [引擎] 2026-07-30 15:21:54 [INFO] __main__: ==================================================
[15:21:54] [引擎] 2026-07-30 15:21:54 [INFO] __main__: 通过飞书发送指令: 盯/停/盯盘列表/清盯盘
[15:22:54] [引擎] 2026-07-30 15:22:54 [INFO] __main__: 收盘退出（15:05），明日由 cron 重新拉起
[15:22:54] [引擎] 2026-07-30 15:22:54 [INFO] __main__: 盯盘循环退出
[15:22:54] [引擎] 2026-07-30 15:22:54 [INFO] __main__: 盯盘引擎已停止
[15:23:03] [引擎] 启动 watchdog...
[15:23:03] [引擎] PID=3206624
[15:23:04] [引擎] 2026-07-30 15:23:04 [INFO] __main__: 加载盯盘状态: 2 只
[15:23:04] [引擎] 2026-07-30 15:23:04 [INFO] __main__: 盯盘循环启动
[15:23:04] [引擎] 2026-07-30 15:23:04 [INFO] __main__: 盯盘引擎已启动
[15:23:04] [引擎] 2026-07-30 15:23:04 [INFO] __main__: ==================================================
[15:23:04] [引擎] 2026-07-30 15:23:04 [INFO] __main__: 盯盘引擎已启动！
[15:23:04] [引擎] 2026-07-30 15:23:04 [INFO] __main__: 状态文件: /root/maneki-agent/plays/watchdog/data/state.json
[15:23:04] [引擎] 2026-07-30 15:23:04 [INFO] __main__: 扫描间隔: 60s
[15:23:04] [引擎] 2026-07-30 15:23:04 [INFO] __main__: 盯盘上限: 20 只
[15:23:04] [引擎] 2026-07-30 15:23:04 [INFO] __main__: ==================================================
[15:23:04] [引擎] 2026-07-30 15:23:04 [INFO] __main__: 通过飞书发送指令: 盯/停/盯盘列表/清盯盘
[15:24:04] [引擎] 2026-07-30 15:24:04 [INFO] __main__: 收盘退出（15:05），明日由 cron 重新拉起
[15:24:04] [引擎] 2026-07-30 15:24:04 [INFO] __main__: 盯盘循环退出
[15:24:04] [引擎] 2026-07-30 15:24:04 [INFO] __main__: 盯盘引擎已停止
[15:24:13] [引擎] 启动 watchdog...
[15:24:13] [引擎] PID=3206637
[15:24:14] [引擎] 2026-07-30 15:24:14 [INFO] __main__: 加载盯盘状态: 2 只
[15:24:14] [引擎] 2026-07-30 15:24:14 [INFO] __main__: 盯盘循环启动
[15:24:14] [引擎] 2026-07-30 15:24:14 [INFO] __main__: 盯盘引擎已启动
[15:24:14] [引擎] 2026-07-30 15:24:14 [INFO] __main__: ==================================================
[15:24:14] [引擎] 2026-07-30 15:24:14 [INFO] __main__: 盯盘引擎已启动！
[15:24:14] [引擎] 2026-07-30 15:24:14 [INFO] __main__: 状态文件: /root/maneki-agent/plays/watchdog/data/state.json
[15:24:14] [引擎] 2026-07-30 15:24:14 [INFO] __main__: 扫描间隔: 60s
[15:24:14] [引擎] 2026-07-30 15:24:14 [INFO] __main__: 盯盘上限: 20 只
[15:24:14] [引擎] 2026-07-30 15:24:14 [INFO] __main__: ==================================================
[15:24:14] [引擎] 2026-07-30 15:24:14 [INFO] __main__: 通过飞书发送指令: 盯/停/盯盘列表/清盯盘
[15:25:14] [引擎] 2026-07-30 15:25:14 [INFO] __main__: 收盘退出（15:05），明日由 cron 重新拉起
[15:25:14] [引擎] 2026-07-30 15:25:14 [INFO] __main__: 盯盘循环退出
[15:25:14] [引擎] 2026-07-30 15:25:14 [INFO] __main__: 盯盘引擎已停止
[15:25:23] [引擎] 启动 watchdog...
[15:25:23] [引擎] PID=3206651
[15:25:24] [引擎] 2026-07-30 15:25:24 [INFO] __main__: 加载盯盘状态: 2 只
[15:25:24] [引擎] 2026-07-30 15:25:24 [INFO] __main__: 盯盘循环启动
[15:25:24] [引擎] 2026-07-30 15:25:24 [INFO] __main__: 盯盘引擎已启动
[15:25:24] [引擎] 2026-07-30 15:25:24 [INFO] __main__: ==================================================
[15:25:24] [引擎] 2026-07-30 15:25:24 [INFO] __main__: 盯盘引擎已启动！
[15:25:24] [引擎] 2026-07-30 15:25:24 [INFO] __main__: 状态文件: /root/maneki-agent/plays/watchdog/data/state.json
[15:25:24] [引擎] 2026-07-30 15:25:24 [INFO] __main__: 扫描间隔: 60s
[15:25:24] [引擎] 2026-07-30 15:25:24 [INFO] __main__: 盯盘上限: 20 只
[15:25:24] [引擎] 2026-07-30 15:25:24 [INFO] __main__: ==================================================
[15:25:24] [引擎] 2026-07-30 15:25:24 [INFO] __main__: 通过飞书发送指令: 盯/停/盯盘列表/清盯盘
[15:26:24] [引擎] 2026-07-30 15:26:24 [INFO] __main__: 收盘退出（15:05），明日由 cron 重新拉起
[15:26:24] [引擎] 2026-07-30 15:26:24 [INFO] __main__: 盯盘循环退出
[15:26:24] [引擎] 2026-07-30 15:26:24 [INFO] __main__: 盯盘引擎已停止
[15:26:33] [引擎] 启动 watchdog...
[15:26:33] [引擎] PID=3206662
[15:26:34] [引擎] 2026-07-30 15:26:34 [INFO] __main__: 加载盯盘状态: 2 只
[15:26:34] [引擎] 2026-07-30 15:26:34 [INFO] __main__: 盯盘循环启动
[15:26:34] [引擎] 2026-07-30 15:26:34 [INFO] __main__: 盯盘引擎已启动
[15:26:34] [引擎] 2026-07-30 15:26:34 [INFO] __main__: ==================================================
[15:26:34] [引擎] 2026-07-30 15:26:34 [INFO] __main__: 盯盘引擎已启动！
[15:26:34] [引擎] 2026-07-30 15:26:34 [INFO] __main__: 状态文件: /root/maneki-agent/plays/watchdog/data/state.json
[15:26:34] [引擎] 2026-07-30 15:26:34 [INFO] __main__: 扫描间隔: 60s
[15:26:34] [引擎] 2026-07-30 15:26:34 [INFO] __main__: 盯盘上限: 20 只
[15:26:34] [引擎] 2026-07-30 15:26:34 [INFO] __main__: ==================================================
[15:26:34] [引擎] 2026-07-30 15:26:34 [INFO] __main__: 通过飞书发送指令: 盯/停/盯盘列表/清盯盘
[15:27:34] [引擎] 2026-07-30 15:27:34 [INFO] __main__: 收盘退出（15:05），明日由 cron 重新拉起
[15:27:34] [引擎] 2026-07-30 15:27:34 [INFO] __main__: 盯盘循环退出
[15:27:34] [引擎] 2026-07-30 15:27:34 [INFO] __main__: 盯盘引擎已停止
[15:27:43] [引擎] 启动 watchdog...
[15:27:43] [引擎] PID=3206670
[15:27:44] [引擎] 2026-07-30 15:27:44 [INFO] __main__: 加载盯盘状态: 2 只
[15:27:44] [引擎] 2026-07-30 15:27:44 [INFO] __main__: 盯盘循环启动
[15:27:44] [引擎] 2026-07-30 15:27:44 [INFO] __main__: 盯盘引擎已启动
[15:27:44] [引擎] 2026-07-30 15:27:44 [INFO] __main__: ==================================================
[15:27:44] [引擎] 2026-07-30 15:27:44 [INFO] __main__: 盯盘引擎已启动！
[15:27:44] [引擎] 2026-07-30 15:27:44 [INFO] __main__: 状态文件: /root/maneki-agent/plays/watchdog/data/state.json
[15:27:44] [引擎] 2026-07-30 15:27:44 [INFO] __main__: 扫描间隔: 60s
[15:27:44] [引擎] 2026-07-30 15:27:44 [INFO] __main__: 盯盘上限: 20 只
[15:27:44] [引擎] 2026-07-30 15:27:44 [INFO] __main__: ==================================================
[15:27:44] [引擎] 2026-07-30 15:27:44 [INFO] __main__: 通过飞书发送指令: 盯/停/盯盘列表/清盯盘
[15:28:44] [引擎] 2026-07-30 15:28:44 [INFO] __main__: 收盘退出（15:05），明日由 cron 重新拉起
[15:28:44] [引擎] 2026-07-30 15:28:44 [INFO] __main__: 盯盘循环退出
[15:28:44] [引擎] 2026-07-30 15:28:44 [INFO] __main__: 盯盘引擎已停止
[15:28:53] [引擎] 启动 watchdog...
[15:28:53] [引擎] PID=3206682
[15:28:54] [引擎] 2026-07-30 15:28:54 [INFO] __main__: 加载盯盘状态: 2 只
[15:28:54] [引擎] 2026-07-30 15:28:54 [INFO] __main__: 盯盘循环启动
[15:28:54] [引擎] 2026-07-30 15:28:54 [INFO] __main__: 盯盘引擎已启动
[15:28:54] [引擎] 2026-07-30 15:28:54 [INFO] __main__: ==================================================
[15:28:54] [引擎] 2026-07-30 15:28:54 [INFO] __main__: 盯盘引擎已启动！
[15:28:54] [引擎] 2026-07-30 15:28:54 [INFO] __main__: 状态文件: /root/maneki-agent/plays/watchdog/data/state.json
[15:28:54] [引擎] 2026-07-30 15:28:54 [INFO] __main__: 扫描间隔: 60s
[15:28:54] [引擎] 2026-07-30 15:28:54 [INFO] __main__: 盯盘上限: 20 只
[15:28:54] [引擎] 2026-07-30 15:28:54 [INFO] __main__: ==================================================
[15:28:54] [引擎] 2026-07-30 15:28:54 [INFO] __main__: 通过飞书发送指令: 盯/停/盯盘列表/清盯盘
[15:29:54] [引擎] 2026-07-30 15:29:54 [INFO] __main__: 收盘退出（15:05），明日由 cron 重新拉起
[15:29:54] [引擎] 2026-07-30 15:29:54 [INFO] __main__: 盯盘循环退出
[15:29:54] [引擎] 2026-07-30 15:29:54 [INFO] __main__: 盯盘引擎已停止
[15:30:03] [引擎] 启动 watchdog...
[15:30:03] [引擎] PID=3206694
[15:30:06] [引擎] 2026-07-30 15:30:06 [INFO] __main__: 加载盯盘状态: 2 只
[15:30:06] [引擎] 2026-07-30 15:30:06 [INFO] __main__: 盯盘循环启动
[15:30:06] [引擎] 2026-07-30 15:30:06 [INFO] __main__: 盯盘引擎已启动
[15:30:06] [引擎] 2026-07-30 15:30:06 [INFO] __main__: ==================================================
[15:30:06] [引擎] 2026-07-30 15:30:06 [INFO] __main__: 盯盘引擎已启动！
[15:30:06] [引擎] 2026-07-30 15:30:06 [INFO] __main__: 状态文件: /root/maneki-agent/plays/watchdog/data/state.json
[15:30:06] [引擎] 2026-07-30 15:30:06 [INFO] __main__: 扫描间隔: 60s
[15:30:06] [引擎] 2026-07-30 15:30:06 [INFO] __main__: 盯盘上限: 20 只
[15:30:06] [引擎] 2026-07-30 15:30:06 [INFO] __main__: ==================================================
[15:30:06] [引擎] 2026-07-30 15:30:06 [INFO] __main__: 通过飞书发送指令: 盯/停/盯盘列表/清盯盘
[15:31:06] [引擎] 2026-07-30 15:31:06 [INFO] __main__: 收盘退出（15:05），明日由 cron 重新拉起
[15:31:06] [引擎] 2026-07-30 15:31:06 [INFO] __main__: 盯盘循环退出
[15:31:06] [引擎] 2026-07-30 15:31:06 [INFO] __main__: 盯盘引擎已停止
[15:31:13] [引擎] 启动 watchdog...
[15:31:13] [引擎] PID=3206703
[15:31:14] [引擎] 2026-07-30 15:31:14 [INFO] __main__: 加载盯盘状态: 2 只
[15:31:14] [引擎] 2026-07-30 15:31:14 [INFO] __main__: 盯盘循环启动
[15:31:14] [引擎] 2026-07-30 15:31:14 [INFO] __main__: 盯盘引擎已启动
[15:31:14] [引擎] 2026-07-30 15:31:14 [INFO] __main__: ==================================================
[15:31:14] [引擎] 2026-07-30 15:31:14 [INFO] __main__: 盯盘引擎已启动！
[15:31:14] [引擎] 2026-07-30 15:31:14 [INFO] __main__: 状态文件: /root/maneki-agent/plays/watchdog/data/state.json
[15:31:14] [引擎] 2026-07-30 15:31:14 [INFO] __main__: 扫描间隔: 60s
[15:31:14] [引擎] 2026-07-30 15:31:14 [INFO] __main__: 盯盘上限: 20 只
[15:31:14] [引擎] 2026-07-30 15:31:14 [INFO] __main__: ==================================================
[15:31:14] [引擎] 2026-07-30 15:31:14 [INFO] __main__: 通过飞书发送指令: 盯/停/盯盘列表/清盯盘
[15:32:14] [引擎] 2026-07-30 15:32:14 [INFO] __main__: 收盘退出（15:05），明日由 cron 重新拉起
[15:32:14] [引擎] 2026-07-30 15:32:14 [INFO] __main__: 盯盘循环退出
[15:32:14] [引擎] 2026-07-30 15:32:14 [INFO] __main__: 盯盘引擎已停止
[15:32:23] [引擎] 启动 watchdog...
[15:32:23] [引擎] PID=3206714
[15:32:25] [引擎] 2026-07-30 15:32:25 [INFO] __main__: 加载盯盘状态: 2 只
[15:32:25] [引擎] 2026-07-30 15:32:25 [INFO] __main__: 盯盘循环启动
[15:32:25] [引擎] 2026-07-30 15:32:25 [INFO] __main__: 盯盘引擎已启动
[15:32:25] [引擎] 2026-07-30 15:32:25 [INFO] __main__: ==================================================
[15:32:25] [引擎] 2026-07-30 15:32:25 [INFO] __main__: 盯盘引擎已启动！
[15:32:25] [引擎] 2026-07-30 15:32:25 [INFO] __main__: 状态文件: /root/maneki-agent/plays/watchdog/data/state.json
[15:32:25] [引擎] 2026-07-30 15:32:25 [INFO] __main__: 扫描间隔: 60s
[15:32:25] [引擎] 2026-07-30 15:32:25 [INFO] __main__: 盯盘上限: 20 只
[15:32:25] [引擎] 2026-07-30 15:32:25 [INFO] __main__: ==================================================
[15:32:25] [引擎] 2026-07-30 15:32:25 [INFO] __main__: 通过飞书发送指令: 盯/停/盯盘列表/清盯盘
[15:33:25] [引擎] 2026-07-30 15:33:25 [INFO] __main__: 收盘退出（15:05），明日由 cron 重新拉起
[15:33:25] [引擎] 2026-07-30 15:33:25 [INFO] __main__: 盯盘循环退出
[15:33:25] [引擎] 2026-07-30 15:33:25 [INFO] __main__: 盯盘引擎已停止
[15:33:33] [引擎] 启动 watchdog...
[15:33:33] [引擎] PID=3206725
[15:33:34] [引擎] 2026-07-30 15:33:34 [INFO] __main__: 加载盯盘状态: 2 只
[15:33:34] [引擎] 2026-07-30 15:33:34 [INFO] __main__: 盯盘循环启动
[15:33:34] [引擎] 2026-07-30 15:33:34 [INFO] __main__: 盯盘引擎已启动
[15:33:34] [引擎] 2026-07-30 15:33:34 [INFO] __main__: ==================================================
[15:33:34] [引擎] 2026-07-30 15:33:34 [INFO] __main__: 盯盘引擎已启动！
[15:33:34] [引擎] 2026-07-30 15:33:34 [INFO] __main__: 状态文件: /root/maneki-agent/plays/watchdog/data/state.json
[15:33:34] [引擎] 2026-07-30 15:33:34 [INFO] __main__: 扫描间隔: 60s
[15:33:34] [引擎] 2026-07-30 15:33:34 [INFO] __main__: 盯盘上限: 20 只
[15:33:34] [引擎] 2026-07-30 15:33:34 [INFO] __main__: ==================================================
[15:33:34] [引擎] 2026-07-30 15:33:34 [INFO] __main__: 通过飞书发送指令: 盯/停/盯盘列表/清盯盘
[15:34:34] [引擎] 2026-07-30 15:34:34 [INFO] __main__: 收盘退出（15:05），明日由 cron 重新拉起
[15:34:34] [引擎] 2026-07-30 15:34:34 [INFO] __main__: 盯盘循环退出
[15:34:34] [引擎] 2026-07-30 15:34:34 [INFO] __main__: 盯盘引擎已停止
[15:34:43] [引擎] 启动 watchdog...
[15:34:43] [引擎] PID=3206737
[15:34:44] [引擎] 2026-07-30 15:34:44 [INFO] __main__: 加载盯盘状态: 2 只
[15:34:44] [引擎] 2026-07-30 15:34:44 [INFO] __main__: 盯盘循环启动
[15:34:44] [引擎] 2026-07-30 15:34:44 [INFO] __main__: 盯盘引擎已启动
[15:34:44] [引擎] 2026-07-30 15:34:44 [INFO] __main__: ==================================================
[15:34:44] [引擎] 2026-07-30 15:34:44 [INFO] __main__: 盯盘引擎已启动！
[15:34:44] [引擎] 2026-07-30 15:34:44 [INFO] __main__: 状态文件: /root/maneki-agent/plays/watchdog/data/state.json
[15:34:44] [引擎] 2026-07-30 15:34:44 [INFO] __main__: 扫描间隔: 60s
[15:34:44] [引擎] 2026-07-30 15:34:44 [INFO] __main__: 盯盘上限: 20 只
[15:34:44] [引擎] 2026-07-30 15:34:44 [INFO] __main__: ==================================================
[15:34:44] [引擎] 2026-07-30 15:34:44 [INFO] __main__: 通过飞书发送指令: 盯/停/盯盘列表/清盯盘
[15:35:44] [引擎] 2026-07-30 15:35:44 [INFO] __main__: 收盘退出（15:05），明日由 cron 重新拉起
[15:35:44] [引擎] 2026-07-30 15:35:44 [INFO] __main__: 盯盘循环退出
[15:35:44] [引擎] 2026-07-30 15:35:44 [INFO] __main__: 盯盘引擎已停止
[15:35:53] [引擎] 启动 watchdog...
[15:35:53] [引擎] PID=3206751
[15:35:54] [引擎] 2026-07-30 15:35:54 [INFO] __main__: 加载盯盘状态: 2 只
[15:35:54] [引擎] 2026-07-30 15:35:54 [INFO] __main__: 盯盘循环启动
[15:35:54] [引擎] 2026-07-30 15:35:54 [INFO] __main__: 盯盘引擎已启动
[15:35:54] [引擎] 2026-07-30 15:35:54 [INFO] __main__: ==================================================
[15:35:54] [引擎] 2026-07-30 15:35:54 [INFO] __main__: 盯盘引擎已启动！
[15:35:54] [引擎] 2026-07-30 15:35:54 [INFO] __main__: 状态文件: /root/maneki-agent/plays/watchdog/data/state.json
[15:35:54] [引擎] 2026-07-30 15:35:54 [INFO] __main__: 扫描间隔: 60s
[15:35:54] [引擎] 2026-07-30 15:35:54 [INFO] __main__: 盯盘上限: 20 只
[15:35:54] [引擎] 2026-07-30 15:35:54 [INFO] __main__: ==================================================
[15:35:54] [引擎] 2026-07-30 15:35:54 [INFO] __main__: 通过飞书发送指令: 盯/停/盯盘列表/清盯盘
[15:36:54] [引擎] 2026-07-30 15:36:54 [INFO] __main__: 收盘退出（15:05），明日由 cron 重新拉起
[15:36:54] [引擎] 2026-07-30 15:36:54 [INFO] __main__: 盯盘循环退出
[15:36:54] [引擎] 2026-07-30 15:36:54 [INFO] __main__: 盯盘引擎已停止
[15:37:03] [引擎] 启动 watchdog...
[15:37:03] [引擎] PID=3206759
[15:37:04] [引擎] 2026-07-30 15:37:04 [INFO] __main__: 加载盯盘状态: 2 只
[15:37:04] [引擎] 2026-07-30 15:37:04 [INFO] __main__: 盯盘循环启动
[15:37:04] [引擎] 2026-07-30 15:37:04 [INFO] __main__: 盯盘引擎已启动
[15:37:04] [引擎] 2026-07-30 15:37:04 [INFO] __main__: ==================================================
[15:37:04] [引擎] 2026-07-30 15:37:04 [INFO] __main__: 盯盘引擎已启动！
[15:37:04] [引擎] 2026-07-30 15:37:04 [INFO] __main__: 状态文件: /root/maneki-agent/plays/watchdog/data/state.json
[15:37:04] [引擎] 2026-07-30 15:37:04 [INFO] __main__: 扫描间隔: 60s
[15:37:04] [引擎] 2026-07-30 15:37:04 [INFO] __main__: 盯盘上限: 20 只
[15:37:04] [引擎] 2026-07-30 15:37:04 [INFO] __main__: ==================================================
[15:37:04] [引擎] 2026-07-30 15:37:04 [INFO] __main__: 通过飞书发送指令: 盯/停/盯盘列表/清盯盘
[15:38:04] [引擎] 2026-07-30 15:38:04 [INFO] __main__: 收盘退出（15:05），明日由 cron 重新拉起
[15:38:04] [引擎] 2026-07-30 15:38:04 [INFO] __main__: 盯盘循环退出
[15:38:04] [引擎] 2026-07-30 15:38:04 [INFO] __main__: 盯盘引擎已停止
[15:38:13] [引擎] 启动 watchdog...
[15:38:13] [引擎] PID=3206770
[15:38:14] [引擎] 2026-07-30 15:38:14 [INFO] __main__: 加载盯盘状态: 2 只
[15:38:14] [引擎] 2026-07-30 15:38:14 [INFO] __main__: 盯盘循环启动
[15:38:14] [引擎] 2026-07-30 15:38:14 [INFO] __main__: 盯盘引擎已启动
[15:38:14] [引擎] 2026-07-30 15:38:14 [INFO] __main__: ==================================================
[15:38:14] [引擎] 2026-07-30 15:38:14 [INFO] __main__: 盯盘引擎已启动！
[15:38:14] [引擎] 2026-07-30 15:38:14 [INFO] __main__: 状态文件: /root/maneki-agent/plays/watchdog/data/state.json
[15:38:14] [引擎] 2026-07-30 15:38:14 [INFO] __main__: 扫描间隔: 60s
[15:38:14] [引擎] 2026-07-30 15:38:14 [INFO] __main__: 盯盘上限: 20 只
[15:38:14] [引擎] 2026-07-30 15:38:14 [INFO] __main__: ==================================================
[15:38:14] [引擎] 2026-07-30 15:38:14 [INFO] __main__: 通过飞书发送指令: 盯/停/盯盘列表/清盯盘
[15:39:14] [引擎] 2026-07-30 15:39:14 [INFO] __main__: 收盘退出（15:05），明日由 cron 重新拉起
[15:39:14] [引擎] 2026-07-30 15:39:14 [INFO] __main__: 盯盘循环退出
[15:39:14] [引擎] 2026-07-30 15:39:14 [INFO] __main__: 盯盘引擎已停止
[15:39:23] [引擎] 启动 watchdog...
[15:39:23] [引擎] PID=3206782
[15:39:24] [引擎] 2026-07-30 15:39:24 [INFO] __main__: 加载盯盘状态: 2 只
[15:39:24] [引擎] 2026-07-30 15:39:24 [INFO] __main__: 盯盘循环启动
[15:39:24] [引擎] 2026-07-30 15:39:24 [INFO] __main__: 盯盘引擎已启动
[15:39:24] [引擎] 2026-07-30 15:39:24 [INFO] __main__: ==================================================
[15:39:24] [引擎] 2026-07-30 15:39:24 [INFO] __main__: 盯盘引擎已启动！
[15:39:24] [引擎] 2026-07-30 15:39:24 [INFO] __main__: 状态文件: /root/maneki-agent/plays/watchdog/data/state.json
[15:39:24] [引擎] 2026-07-30 15:39:24 [INFO] __main__: 扫描间隔: 60s
[15:39:24] [引擎] 2026-07-30 15:39:24 [INFO] __main__: 盯盘上限: 20 只
[15:39:24] [引擎] 2026-07-30 15:39:24 [INFO] __main__: ==================================================
[15:39:24] [引擎] 2026-07-30 15:39:24 [INFO] __main__: 通过飞书发送指令: 盯/停/盯盘列表/清盯盘
[15:40:24] [引擎] 2026-07-30 15:40:24 [INFO] __main__: 收盘退出（15:05），明日由 cron 重新拉起
[15:40:24] [引擎] 2026-07-30 15:40:24 [INFO] __main__: 盯盘循环退出
[15:40:24] [引擎] 2026-07-30 15:40:24 [INFO] __main__: 盯盘引擎已停止
[15:40:33] [引擎] 启动 watchdog...
[15:40:33] [引擎] PID=3206794
[15:40:34] [引擎] 2026-07-30 15:40:34 [INFO] __main__: 加载盯盘状态: 2 只
[15:40:34] [引擎] 2026-07-30 15:40:34 [INFO] __main__: 盯盘循环启动
[15:40:34] [引擎] 2026-07-30 15:40:34 [INFO] __main__: 盯盘引擎已启动
[15:40:34] [引擎] 2026-07-30 15:40:34 [INFO] __main__: ==================================================
[15:40:34] [引擎] 2026-07-30 15:40:34 [INFO] __main__: 盯盘引擎已启动！
[15:40:34] [引擎] 2026-07-30 15:40:34 [INFO] __main__: 状态文件: /root/maneki-agent/plays/watchdog/data/state.json
[15:40:34] [引擎] 2026-07-30 15:40:34 [INFO] __main__: 扫描间隔: 60s
[15:40:34] [引擎] 2026-07-30 15:40:34 [INFO] __main__: 盯盘上限: 20 只
[15:40:34] [引擎] 2026-07-30 15:40:34 [INFO] __main__: ==================================================
[15:40:34] [引擎] 2026-07-30 15:40:34 [INFO] __main__: 通过飞书发送指令: 盯/停/盯盘列表/清盯盘
[15:41:34] [引擎] 2026-07-30 15:41:34 [INFO] __main__: 收盘退出（15:05），明日由 cron 重新拉起
[15:41:34] [引擎] 2026-07-30 15:41:34 [INFO] __main__: 盯盘循环退出
[15:41:34] [引擎] 2026-07-30 15:41:34 [INFO] __main__: 盯盘引擎已停止
[15:41:43] [引擎] 启动 watchdog...
[15:41:43] [引擎] PID=3206805
[15:41:44] [引擎] 2026-07-30 15:41:44 [INFO] __main__: 加载盯盘状态: 2 只
[15:41:44] [引擎] 2026-07-30 15:41:44 [INFO] __main__: 盯盘循环启动
[15:41:44] [引擎] 2026-07-30 15:41:44 [INFO] __main__: 盯盘引擎已启动
[15:41:44] [引擎] 2026-07-30 15:41:44 [INFO] __main__: ==================================================
[15:41:44] [引擎] 2026-07-30 15:41:44 [INFO] __main__: 盯盘引擎已启动！
[15:41:44] [引擎] 2026-07-30 15:41:44 [INFO] __main__: 状态文件: /root/maneki-agent/plays/watchdog/data/state.json
[15:41:44] [引擎] 2026-07-30 15:41:44 [INFO] __main__: 扫描间隔: 60s
[15:41:44] [引擎] 2026-07-30 15:41:44 [INFO] __main__: 盯盘上限: 20 只
[15:41:44] [引擎] 2026-07-30 15:41:44 [INFO] __main__: ==================================================
[15:41:44] [引擎] 2026-07-30 15:41:44 [INFO] __main__: 通过飞书发送指令: 盯/停/盯盘列表/清盯盘
[15:42:44] [引擎] 2026-07-30 15:42:44 [INFO] __main__: 收盘退出（15:05），明日由 cron 重新拉起
[15:42:44] [引擎] 2026-07-30 15:42:44 [INFO] __main__: 盯盘循环退出
[15:42:44] [引擎] 2026-07-30 15:42:44 [INFO] __main__: 盯盘引擎已停止
[15:42:53] [引擎] 启动 watchdog...
[15:42:53] [引擎] PID=3206815
[15:42:54] [引擎] 2026-07-30 15:42:54 [INFO] __main__: 加载盯盘状态: 2 只
[15:42:54] [引擎] 2026-07-30 15:42:54 [INFO] __main__: 盯盘循环启动
[15:42:54] [引擎] 2026-07-30 15:42:54 [INFO] __main__: 盯盘引擎已启动
[15:42:54] [引擎] 2026-07-30 15:42:54 [INFO] __main__: ==================================================
[15:42:54] [引擎] 2026-07-30 15:42:54 [INFO] __main__: 盯盘引擎已启动！
[15:42:54] [引擎] 2026-07-30 15:42:54 [INFO] __main__: 状态文件: /root/maneki-agent/plays/watchdog/data/state.json
[15:42:54] [引擎] 2026-07-30 15:42:54 [INFO] __main__: 扫描间隔: 60s
[15:42:54] [引擎] 2026-07-30 15:42:54 [INFO] __main__: 盯盘上限: 20 只
[15:42:54] [引擎] 2026-07-30 15:42:54 [INFO] __main__: ==================================================
[15:42:54] [引擎] 2026-07-30 15:42:54 [INFO] __main__: 通过飞书发送指令: 盯/停/盯盘列表/清盯盘
[15:43:54] [引擎] 2026-07-30 15:43:54 [INFO] __main__: 收盘退出（15:05），明日由 cron 重新拉起
[15:43:54] [引擎] 2026-07-30 15:43:54 [INFO] __main__: 盯盘循环退出
[15:43:54] [引擎] 2026-07-30 15:43:54 [INFO] __main__: 盯盘引擎已停止
[15:44:03] [引擎] 启动 watchdog...
[15:44:03] [引擎] PID=3206824
[15:44:04] [引擎] 2026-07-30 15:44:04 [INFO] __main__: 加载盯盘状态: 2 只
[15:44:04] [引擎] 2026-07-30 15:44:04 [INFO] __main__: 盯盘循环启动
[15:44:04] [引擎] 2026-07-30 15:44:04 [INFO] __main__: 盯盘引擎已启动
[15:44:04] [引擎] 2026-07-30 15:44:04 [INFO] __main__: ==================================================
[15:44:04] [引擎] 2026-07-30 15:44:04 [INFO] __main__: 盯盘引擎已启动！
[15:44:04] [引擎] 2026-07-30 15:44:04 [INFO] __main__: 状态文件: /root/maneki-agent/plays/watchdog/data/state.json
[15:44:04] [引擎] 2026-07-30 15:44:04 [INFO] __main__: 扫描间隔: 60s
[15:44:04] [引擎] 2026-07-30 15:44:04 [INFO] __main__: 盯盘上限: 20 只
[15:44:04] [引擎] 2026-07-30 15:44:04 [INFO] __main__: ==================================================
[15:44:04] [引擎] 2026-07-30 15:44:04 [INFO] __main__: 通过飞书发送指令: 盯/停/盯盘列表/清盯盘
[15:45:04] [引擎] 2026-07-30 15:45:04 [INFO] __main__: 收盘退出（15:05），明日由 cron 重新拉起
[15:45:04] [引擎] 2026-07-30 15:45:04 [INFO] __main__: 盯盘循环退出
[15:45:04] [引擎] 2026-07-30 15:45:04 [INFO] __main__: 盯盘引擎已停止
[15:45:13] [引擎] 启动 watchdog...
[15:45:13] [引擎] PID=3206856
[15:45:14] [引擎] 2026-07-30 15:45:14 [INFO] __main__: 加载盯盘状态: 2 只
[15:45:14] [引擎] 2026-07-30 15:45:14 [INFO] __main__: 盯盘循环启动
[15:45:14] [引擎] 2026-07-30 15:45:14 [INFO] __main__: 盯盘引擎已启动
[15:45:14] [引擎] 2026-07-30 15:45:14 [INFO] __main__: ==================================================
[15:45:14] [引擎] 2026-07-30 15:45:14 [INFO] __main__: 盯盘引擎已启动！
[15:45:14] [引擎] 2026-07-30 15:45:14 [INFO] __main__: 状态文件: /root/maneki-agent/plays/watchdog/data/state.json
[15:45:14] [引擎] 2026-07-30 15:45:14 [INFO] __main__: 扫描间隔: 60s
[15:45:14] [引擎] 2026-07-30 15:45:14 [INFO] __main__: 盯盘上限: 20 只
[15:45:14] [引擎] 2026-07-30 15:45:14 [INFO] __main__: ==================================================
[15:45:14] [引擎] 2026-07-30 15:45:14 [INFO] __main__: 通过飞书发送指令: 盯/停/盯盘列表/清盯盘
[15:46:14] [引擎] 2026-07-30 15:46:14 [INFO] __main__: 收盘退出（15:05），明日由 cron 重新拉起
[15:46:14] [引擎] 2026-07-30 15:46:14 [INFO] __main__: 盯盘循环退出
[15:46:14] [引擎] 2026-07-30 15:46:14 [INFO] __main__: 盯盘引擎已停止
[15:46:23] [引擎] 启动 watchdog...
[15:46:23] [引擎] PID=3206864
[15:46:24] [引擎] 2026-07-30 15:46:24 [INFO] __main__: 加载盯盘状态: 2 只
[15:46:24] [引擎] 2026-07-30 15:46:24 [INFO] __main__: 盯盘循环启动
[15:46:24] [引擎] 2026-07-30 15:46:24 [INFO] __main__: 盯盘引擎已启动
[15:46:24] [引擎] 2026-07-30 15:46:24 [INFO] __main__: ==================================================
[15:46:24] [引擎] 2026-07-30 15:46:24 [INFO] __main__: 盯盘引擎已启动！
[15:46:24] [引擎] 2026-07-30 15:46:24 [INFO] __main__: 状态文件: /root/maneki-agent/plays/watchdog/data/state.json
[15:46:24] [引擎] 2026-07-30 15:46:24 [INFO] __main__: 扫描间隔: 60s
[15:46:24] [引擎] 2026-07-30 15:46:24 [INFO] __main__: 盯盘上限: 20 只
[15:46:24] [引擎] 2026-07-30 15:46:24 [INFO] __main__: ==================================================
[15:46:24] [引擎] 2026-07-30 15:46:24 [INFO] __main__: 通过飞书发送指令: 盯/停/盯盘列表/清盯盘
[15:47:24] [引擎] 2026-07-30 15:47:24 [INFO] __main__: 收盘退出（15:05），明日由 cron 重新拉起
[15:47:24] [引擎] 2026-07-30 15:47:24 [INFO] __main__: 盯盘循环退出
[15:47:24] [引擎] 2026-07-30 15:47:24 [INFO] __main__: 盯盘引擎已停止
[15:47:33] [引擎] 启动 watchdog...
[15:47:33] [引擎] PID=3206876
[15:47:34] [引擎] 2026-07-30 15:47:34 [INFO] __main__: 加载盯盘状态: 2 只
[15:47:34] [引擎] 2026-07-30 15:47:34 [INFO] __main__: 盯盘循环启动
[15:47:34] [引擎] 2026-07-30 15:47:34 [INFO] __main__: 盯盘引擎已启动
[15:47:34] [引擎] 2026-07-30 15:47:34 [INFO] __main__: ==================================================
[15:47:34] [引擎] 2026-07-30 15:47:34 [INFO] __main__: 盯盘引擎已启动！
[15:47:34] [引擎] 2026-07-30 15:47:34 [INFO] __main__: 状态文件: /root/maneki-agent/plays/watchdog/data/state.json
[15:47:34] [引擎] 2026-07-30 15:47:34 [INFO] __main__: 扫描间隔: 60s
[15:47:34] [引擎] 2026-07-30 15:47:34 [INFO] __main__: 盯盘上限: 20 只
[15:47:34] [引擎] 2026-07-30 15:47:34 [INFO] __main__: ==================================================
[15:47:34] [引擎] 2026-07-30 15:47:34 [INFO] __main__: 通过飞书发送指令: 盯/停/盯盘列表/清盯盘
[15:48:34] [引擎] 2026-07-30 15:48:34 [INFO] __main__: 收盘退出（15:05），明日由 cron 重新拉起
[15:48:34] [引擎] 2026-07-30 15:48:34 [INFO] __main__: 盯盘循环退出
[15:48:34] [引擎] 2026-07-30 15:48:34 [INFO] __main__: 盯盘引擎已停止
[15:48:43] [引擎] 启动 watchdog...
[15:48:43] [引擎] PID=3206887
[15:48:44] [引擎] 2026-07-30 15:48:44 [INFO] __main__: 加载盯盘状态: 2 只
[15:48:44] [引擎] 2026-07-30 15:48:44 [INFO] __main__: 盯盘循环启动
[15:48:44] [引擎] 2026-07-30 15:48:44 [INFO] __main__: 盯盘引擎已启动
[15:48:44] [引擎] 2026-07-30 15:48:44 [INFO] __main__: ==================================================
[15:48:44] [引擎] 2026-07-30 15:48:44 [INFO] __main__: 盯盘引擎已启动！
[15:48:44] [引擎] 2026-07-30 15:48:44 [INFO] __main__: 状态文件: /root/maneki-agent/plays/watchdog/data/state.json
[15:48:44] [引擎] 2026-07-30 15:48:44 [INFO] __main__: 扫描间隔: 60s
[15:48:44] [引擎] 2026-07-30 15:48:44 [INFO] __main__: 盯盘上限: 20 只
[15:48:44] [引擎] 2026-07-30 15:48:44 [INFO] __main__: ==================================================
[15:48:44] [引擎] 2026-07-30 15:48:44 [INFO] __main__: 通过飞书发送指令: 盯/停/盯盘列表/清盯盘
[15:49:44] [引擎] 2026-07-30 15:49:44 [INFO] __main__: 收盘退出（15:05），明日由 cron 重新拉起
[15:49:44] [引擎] 2026-07-30 15:49:44 [INFO] __main__: 盯盘循环退出
[15:49:44] [引擎] 2026-07-30 15:49:44 [INFO] __main__: 盯盘引擎已停止
[15:49:53] [引擎] 启动 watchdog...
[15:49:53] [引擎] PID=3206897
[15:49:54] [引擎] 2026-07-30 15:49:54 [INFO] __main__: 加载盯盘状态: 2 只
[15:49:54] [引擎] 2026-07-30 15:49:54 [INFO] __main__: 盯盘循环启动
[15:49:54] [引擎] 2026-07-30 15:49:54 [INFO] __main__: 盯盘引擎已启动
[15:49:54] [引擎] 2026-07-30 15:49:54 [INFO] __main__: ==================================================
[15:49:54] [引擎] 2026-07-30 15:49:54 [INFO] __main__: 盯盘引擎已启动！
[15:49:54] [引擎] 2026-07-30 15:49:54 [INFO] __main__: 状态文件: /root/maneki-agent/plays/watchdog/data/state.json
[15:49:54] [引擎] 2026-07-30 15:49:54 [INFO] __main__: 扫描间隔: 60s
[15:49:54] [引擎] 2026-07-30 15:49:54 [INFO] __main__: 盯盘上限: 20 只
[15:49:54] [引擎] 2026-07-30 15:49:54 [INFO] __main__: ==================================================
[15:49:54] [引擎] 2026-07-30 15:49:54 [INFO] __main__: 通过飞书发送指令: 盯/停/盯盘列表/清盯盘
[15:50:54] [引擎] 2026-07-30 15:50:54 [INFO] __main__: 收盘退出（15:05），明日由 cron 重新拉起
[15:50:54] [引擎] 2026-07-30 15:50:54 [INFO] __main__: 盯盘循环退出
[15:50:54] [引擎] 2026-07-30 15:50:54 [INFO] __main__: 盯盘引擎已停止
[15:51:03] [引擎] 启动 watchdog...
[15:51:03] [引擎] PID=3206908
[15:51:04] [引擎] 2026-07-30 15:51:04 [INFO] __main__: 加载盯盘状态: 2 只
[15:51:04] [引擎] 2026-07-30 15:51:04 [INFO] __main__: 盯盘循环启动
[15:51:04] [引擎] 2026-07-30 15:51:04 [INFO] __main__: 盯盘引擎已启动
[15:51:04] [引擎] 2026-07-30 15:51:04 [INFO] __main__: ==================================================
[15:51:04] [引擎] 2026-07-30 15:51:04 [INFO] __main__: 盯盘引擎已启动！
[15:51:04] [引擎] 2026-07-30 15:51:04 [INFO] __main__: 状态文件: /root/maneki-agent/plays/watchdog/data/state.json
[15:51:04] [引擎] 2026-07-30 15:51:04 [INFO] __main__: 扫描间隔: 60s
[15:51:04] [引擎] 2026-07-30 15:51:04 [INFO] __main__: 盯盘上限: 20 只
[15:51:04] [引擎] 2026-07-30 15:51:04 [INFO] __main__: ==================================================
[15:51:04] [引擎] 2026-07-30 15:51:04 [INFO] __main__: 通过飞书发送指令: 盯/停/盯盘列表/清盯盘
[15:52:04] [引擎] 2026-07-30 15:52:04 [INFO] __main__: 收盘退出（15:05），明日由 cron 重新拉起
[15:52:04] [引擎] 2026-07-30 15:52:04 [INFO] __main__: 盯盘循环退出
[15:52:04] [引擎] 2026-07-30 15:52:04 [INFO] __main__: 盯盘引擎已停止
[15:52:13] [引擎] 启动 watchdog...
[15:52:13] [引擎] PID=3206919
[15:52:14] [引擎] 2026-07-30 15:52:14 [INFO] __main__: 加载盯盘状态: 2 只
[15:52:14] [引擎] 2026-07-30 15:52:14 [INFO] __main__: 盯盘循环启动
[15:52:14] [引擎] 2026-07-30 15:52:14 [INFO] __main__: 盯盘引擎已启动
[15:52:14] [引擎] 2026-07-30 15:52:14 [INFO] __main__: ==================================================
[15:52:14] [引擎] 2026-07-30 15:52:14 [INFO] __main__: 盯盘引擎已启动！
[15:52:14] [引擎] 2026-07-30 15:52:14 [INFO] __main__: 状态文件: /root/maneki-agent/plays/watchdog/data/state.json
[15:52:14] [引擎] 2026-07-30 15:52:14 [INFO] __main__: 扫描间隔: 60s
[15:52:14] [引擎] 2026-07-30 15:52:14 [INFO] __main__: 盯盘上限: 20 只
[15:52:14] [引擎] 2026-07-30 15:52:14 [INFO] __main__: ==================================================
[15:52:14] [引擎] 2026-07-30 15:52:14 [INFO] __main__: 通过飞书发送指令: 盯/停/盯盘列表/清盯盘
[15:53:14] [引擎] 2026-07-30 15:53:14 [INFO] __main__: 收盘退出（15:05），明日由 cron 重新拉起
[15:53:14] [引擎] 2026-07-30 15:53:14 [INFO] __main__: 盯盘循环退出
[15:53:14] [引擎] 2026-07-30 15:53:14 [INFO] __main__: 盯盘引擎已停止
[15:53:23] [引擎] 启动 watchdog...
[15:53:23] [引擎] PID=3206928
[15:53:24] [引擎] 2026-07-30 15:53:24 [INFO] __main__: 加载盯盘状态: 2 只
[15:53:24] [引擎] 2026-07-30 15:53:24 [INFO] __main__: 盯盘循环启动
[15:53:24] [引擎] 2026-07-30 15:53:24 [INFO] __main__: 盯盘引擎已启动
[15:53:24] [引擎] 2026-07-30 15:53:24 [INFO] __main__: ==================================================
[15:53:24] [引擎] 2026-07-30 15:53:24 [INFO] __main__: 盯盘引擎已启动！
[15:53:24] [引擎] 2026-07-30 15:53:24 [INFO] __main__: 状态文件: /root/maneki-agent/plays/watchdog/data/state.json
[15:53:24] [引擎] 2026-07-30 15:53:24 [INFO] __main__: 扫描间隔: 60s
[15:53:24] [引擎] 2026-07-30 15:53:24 [INFO] __main__: 盯盘上限: 20 只
[15:53:24] [引擎] 2026-07-30 15:53:24 [INFO] __main__: ==================================================
[15:53:24] [引擎] 2026-07-30 15:53:24 [INFO] __main__: 通过飞书发送指令: 盯/停/盯盘列表/清盯盘
[15:54:24] [引擎] 2026-07-30 15:54:24 [INFO] __main__: 收盘退出（15:05），明日由 cron 重新拉起
[15:54:24] [引擎] 2026-07-30 15:54:24 [INFO] __main__: 盯盘循环退出
[15:54:24] [引擎] 2026-07-30 15:54:24 [INFO] __main__: 盯盘引擎已停止
[15:54:33] [引擎] 启动 watchdog...
[15:54:33] [引擎] PID=3206939
[15:54:34] [引擎] 2026-07-30 15:54:34 [INFO] __main__: 加载盯盘状态: 2 只
[15:54:34] [引擎] 2026-07-30 15:54:34 [INFO] __main__: 盯盘循环启动
[15:54:34] [引擎] 2026-07-30 15:54:34 [INFO] __main__: 盯盘引擎已启动
[15:54:34] [引擎] 2026-07-30 15:54:34 [INFO] __main__: ==================================================
[15:54:34] [引擎] 2026-07-30 15:54:34 [INFO] __main__: 盯盘引擎已启动！
[15:54:34] [引擎] 2026-07-30 15:54:34 [INFO] __main__: 状态文件: /root/maneki-agent/plays/watchdog/data/state.json
[15:54:34] [引擎] 2026-07-30 15:54:34 [INFO] __main__: 扫描间隔: 60s
[15:54:34] [引擎] 2026-07-30 15:54:34 [INFO] __main__: 盯盘上限: 20 只
[15:54:34] [引擎] 2026-07-30 15:54:34 [INFO] __main__: ==================================================
[15:54:34] [引擎] 2026-07-30 15:54:34 [INFO] __main__: 通过飞书发送指令: 盯/停/盯盘列表/清盯盘
[15:55:34] [引擎] 2026-07-30 15:55:34 [INFO] __main__: 收盘退出（15:05），明日由 cron 重新拉起
[15:55:34] [引擎] 2026-07-30 15:55:34 [INFO] __main__: 盯盘循环退出
[15:55:34] [引擎] 2026-07-30 15:55:34 [INFO] __main__: 盯盘引擎已停止
[15:55:43] [引擎] 启动 watchdog...
[15:55:43] [引擎] PID=3206953
[15:55:44] [引擎] 2026-07-30 15:55:44 [INFO] __main__: 加载盯盘状态: 2 只
[15:55:44] [引擎] 2026-07-30 15:55:44 [INFO] __main__: 盯盘循环启动
[15:55:44] [引擎] 2026-07-30 15:55:44 [INFO] __main__: 盯盘引擎已启动
[15:55:44] [引擎] 2026-07-30 15:55:44 [INFO] __main__: ==================================================
[15:55:44] [引擎] 2026-07-30 15:55:44 [INFO] __main__: 盯盘引擎已启动！
[15:55:44] [引擎] 2026-07-30 15:55:44 [INFO] __main__: 状态文件: /root/maneki-agent/plays/watchdog/data/state.json
[15:55:44] [引擎] 2026-07-30 15:55:44 [INFO] __main__: 扫描间隔: 60s
[15:55:44] [引擎] 2026-07-30 15:55:44 [INFO] __main__: 盯盘上限: 20 只
[15:55:44] [引擎] 2026-07-30 15:55:44 [INFO] __main__: ==================================================
[15:55:44] [引擎] 2026-07-30 15:55:44 [INFO] __main__: 通过飞书发送指令: 盯/停/盯盘列表/清盯盘
[15:56:44] [引擎] 2026-07-30 15:56:44 [INFO] __main__: 收盘退出（15:05），明日由 cron 重新拉起
[15:56:44] [引擎] 2026-07-30 15:56:44 [INFO] __main__: 盯盘循环退出
[15:56:44] [引擎] 2026-07-30 15:56:44 [INFO] __main__: 盯盘引擎已停止
[15:56:53] [引擎] 启动 watchdog...
[15:56:53] [引擎] PID=3206964
[15:56:55] [引擎] 2026-07-30 15:56:55 [INFO] __main__: 加载盯盘状态: 2 只
[15:56:55] [引擎] 2026-07-30 15:56:55 [INFO] __main__: 盯盘循环启动
[15:56:55] [引擎] 2026-07-30 15:56:55 [INFO] __main__: 盯盘引擎已启动
[15:56:55] [引擎] 2026-07-30 15:56:55 [INFO] __main__: ==================================================
[15:56:55] [引擎] 2026-07-30 15:56:55 [INFO] __main__: 盯盘引擎已启动！
[15:56:55] [引擎] 2026-07-30 15:56:55 [INFO] __main__: 状态文件: /root/maneki-agent/plays/watchdog/data/state.json
[15:56:55] [引擎] 2026-07-30 15:56:55 [INFO] __main__: 扫描间隔: 60s
[15:56:55] [引擎] 2026-07-30 15:56:55 [INFO] __main__: 盯盘上限: 20 只
[15:56:55] [引擎] 2026-07-30 15:56:55 [INFO] __main__: ==================================================
[15:56:55] [引擎] 2026-07-30 15:56:55 [INFO] __main__: 通过飞书发送指令: 盯/停/盯盘列表/清盯盘
[15:57:55] [引擎] 2026-07-30 15:57:55 [INFO] __main__: 收盘退出（15:05），明日由 cron 重新拉起
[15:57:55] [引擎] 2026-07-30 15:57:55 [INFO] __main__: 盯盘循环退出
[15:57:55] [引擎] 2026-07-30 15:57:55 [INFO] __main__: 盯盘引擎已停止
[15:58:03] [引擎] 启动 watchdog...
[15:58:03] [引擎] PID=3206974
[15:58:04] [引擎] 2026-07-30 15:58:04 [INFO] __main__: 加载盯盘状态: 2 只
[15:58:04] [引擎] 2026-07-30 15:58:04 [INFO] __main__: 盯盘循环启动
[15:58:04] [引擎] 2026-07-30 15:58:04 [INFO] __main__: 盯盘引擎已启动
[15:58:04] [引擎] 2026-07-30 15:58:04 [INFO] __main__: ==================================================
[15:58:04] [引擎] 2026-07-30 15:58:04 [INFO] __main__: 盯盘引擎已启动！
[15:58:04] [引擎] 2026-07-30 15:58:04 [INFO] __main__: 状态文件: /root/maneki-agent/plays/watchdog/data/state.json
[15:58:04] [引擎] 2026-07-30 15:58:04 [INFO] __main__: 扫描间隔: 60s
[15:58:04] [引擎] 2026-07-30 15:58:04 [INFO] __main__: 盯盘上限: 20 只
[15:58:04] [引擎] 2026-07-30 15:58:04 [INFO] __main__: ==================================================
[15:58:04] [引擎] 2026-07-30 15:58:04 [INFO] __main__: 通过飞书发送指令: 盯/停/盯盘列表/清盯盘
[15:59:04] [引擎] 2026-07-30 15:59:04 [INFO] __main__: 收盘退出（15:05），明日由 cron 重新拉起
[15:59:04] [引擎] 2026-07-30 15:59:04 [INFO] __main__: 盯盘循环退出
[15:59:04] [引擎] 2026-07-30 15:59:04 [INFO] __main__: 盯盘引擎已停止
[15:59:13] [引擎] 启动 watchdog...
[15:59:13] [引擎] PID=3206991
[15:59:14] [引擎] 2026-07-30 15:59:14 [INFO] __main__: 加载盯盘状态: 2 只
[15:59:14] [引擎] 2026-07-30 15:59:14 [INFO] __main__: 盯盘循环启动
[15:59:14] [引擎] 2026-07-30 15:59:14 [INFO] __main__: 盯盘引擎已启动
[15:59:14] [引擎] 2026-07-30 15:59:14 [INFO] __main__: ==================================================
[15:59:14] [引擎] 2026-07-30 15:59:14 [INFO] __main__: 盯盘引擎已启动！
[15:59:14] [引擎] 2026-07-30 15:59:14 [INFO] __main__: 状态文件: /root/maneki-agent/plays/watchdog/data/state.json
[15:59:14] [引擎] 2026-07-30 15:59:14 [INFO] __main__: 扫描间隔: 60s
[15:59:14] [引擎] 2026-07-30 15:59:14 [INFO] __main__: 盯盘上限: 20 只
[15:59:14] [引擎] 2026-07-30 15:59:14 [INFO] __main__: ==================================================
[15:59:14] [引擎] 2026-07-30 15:59:14 [INFO] __main__: 通过飞书发送指令: 盯/停/盯盘列表/清盯盘
[16:05:14] [引擎] 2026-07-30 16:05:14 [INFO] __main__: 收盘退出（15:05），明日由 cron 重新拉起
[16:05:14] [引擎] 2026-07-30 16:05:14 [INFO] __main__: 盯盘循环退出
[16:05:14] [引擎] 2026-07-30 16:05:14 [INFO] __main__: 盯盘引擎已停止
[16:05:23] [引擎] 启动 watchdog...
[16:05:23] [引擎] PID=3207014
[16:05:24] [引擎] 2026-07-30 16:05:24 [INFO] __main__: 加载盯盘状态: 2 只
[16:05:24] [引擎] 2026-07-30 16:05:24 [INFO] __main__: 盯盘循环启动
[16:05:24] [引擎] 2026-07-30 16:05:24 [INFO] __main__: 盯盘引擎已启动
[16:05:24] [引擎] 2026-07-30 16:05:24 [INFO] __main__: ==================================================
[16:05:24] [引擎] 2026-07-30 16:05:24 [INFO] __main__: 盯盘引擎已启动！
[16:05:24] [引擎] 2026-07-30 16:05:24 [INFO] __main__: 状态文件: /root/maneki-agent/plays/watchdog/data/state.json
[16:05:24] [引擎] 2026-07-30 16:05:24 [INFO] __main__: 扫描间隔: 60s
[16:05:24] [引擎] 2026-07-30 16:05:24 [INFO] __main__: 盯盘上限: 20 只
[16:05:24] [引擎] 2026-07-30 16:05:24 [INFO] __main__: ==================================================
[16:05:24] [引擎] 2026-07-30 16:05:24 [INFO] __main__: 通过飞书发送指令: 盯/停/盯盘列表/清盯盘
[16:06:24] [引擎] 2026-07-30 16:06:24 [INFO] __main__: 收盘退出（15:05），明日由 cron 重新拉起
[16:06:24] [引擎] 2026-07-30 16:06:24 [INFO] __main__: 盯盘循环退出
[16:06:24] [引擎] 2026-07-30 16:06:24 [INFO] __main__: 盯盘引擎已停止
[16:06:33] [引擎] 启动 watchdog...
[16:06:33] [引擎] PID=3207023
[16:06:34] [引擎] 2026-07-30 16:06:34 [INFO] __main__: 加载盯盘状态: 2 只
[16:06:34] [引擎] 2026-07-30 16:06:34 [INFO] __main__: 盯盘循环启动
[16:06:34] [引擎] 2026-07-30 16:06:34 [INFO] __main__: 盯盘引擎已启动
[16:06:34] [引擎] 2026-07-30 16:06:34 [INFO] __main__: ==================================================
[16:06:34] [引擎] 2026-07-30 16:06:34 [INFO] __main__: 盯盘引擎已启动！
[16:06:34] [引擎] 2026-07-30 16:06:34 [INFO] __main__: 状态文件: /root/maneki-agent/plays/watchdog/data/state.json
[16:06:34] [引擎] 2026-07-30 16:06:34 [INFO] __main__: 扫描间隔: 60s
[16:06:34] [引擎] 2026-07-30 16:06:34 [INFO] __main__: 盯盘上限: 20 只
[16:06:34] [引擎] 2026-07-30 16:06:34 [INFO] __main__: ==================================================
[16:06:34] [引擎] 2026-07-30 16:06:34 [INFO] __main__: 通过飞书发送指令: 盯/停/盯盘列表/清盯盘
[16:07:34] [引擎] 2026-07-30 16:07:34 [INFO] __main__: 收盘退出（15:05），明日由 cron 重新拉起
[16:07:34] [引擎] 2026-07-30 16:07:34 [INFO] __main__: 盯盘循环退出
[16:07:34] [引擎] 2026-07-30 16:07:34 [INFO] __main__: 盯盘引擎已停止
[16:07:43] [引擎] 启动 watchdog...
[16:07:43] [引擎] PID=3207035
[16:07:44] [引擎] 2026-07-30 16:07:44 [INFO] __main__: 加载盯盘状态: 2 只
[16:07:44] [引擎] 2026-07-30 16:07:44 [INFO] __main__: 盯盘循环启动
[16:07:44] [引擎] 2026-07-30 16:07:44 [INFO] __main__: 盯盘引擎已启动
[16:07:44] [引擎] 2026-07-30 16:07:44 [INFO] __main__: ==================================================
[16:07:44] [引擎] 2026-07-30 16:07:44 [INFO] __main__: 盯盘引擎已启动！
[16:07:44] [引擎] 2026-07-30 16:07:44 [INFO] __main__: 状态文件: /root/maneki-agent/plays/watchdog/data/state.json
[16:07:44] [引擎] 2026-07-30 16:07:44 [INFO] __main__: 扫描间隔: 60s
[16:07:44] [引擎] 2026-07-30 16:07:44 [INFO] __main__: 盯盘上限: 20 只
[16:07:44] [引擎] 2026-07-30 16:07:44 [INFO] __main__: ==================================================
[16:07:44] [引擎] 2026-07-30 16:07:44 [INFO] __main__: 通过飞书发送指令: 盯/停/盯盘列表/清盯盘
[16:08:44] [引擎] 2026-07-30 16:08:44 [INFO] __main__: 收盘退出（15:05），明日由 cron 重新拉起
[16:08:44] [引擎] 2026-07-30 16:08:44 [INFO] __main__: 盯盘循环退出
[16:08:44] [引擎] 2026-07-30 16:08:44 [INFO] __main__: 盯盘引擎已停止
[16:08:53] [引擎] 启动 watchdog...
[16:08:53] [引擎] PID=3207046
[16:08:54] [引擎] 2026-07-30 16:08:54 [INFO] __main__: 加载盯盘状态: 2 只
[16:08:54] [引擎] 2026-07-30 16:08:54 [INFO] __main__: 盯盘循环启动
[16:08:54] [引擎] 2026-07-30 16:08:54 [INFO] __main__: 盯盘引擎已启动
[16:08:54] [引擎] 2026-07-30 16:08:54 [INFO] __main__: ==================================================
[16:08:54] [引擎] 2026-07-30 16:08:54 [INFO] __main__: 盯盘引擎已启动！
[16:08:54] [引擎] 2026-07-30 16:08:54 [INFO] __main__: 状态文件: /root/maneki-agent/plays/watchdog/data/state.json
[16:08:54] [引擎] 2026-07-30 16:08:54 [INFO] __main__: 扫描间隔: 60s
[16:08:54] [引擎] 2026-07-30 16:08:54 [INFO] __main__: 盯盘上限: 20 只
[16:08:54] [引擎] 2026-07-30 16:08:54 [INFO] __main__: ==================================================
[16:08:54] [引擎] 2026-07-30 16:08:54 [INFO] __main__: 通过飞书发送指令: 盯/停/盯盘列表/清盯盘
[16:09:54] [引擎] 2026-07-30 16:09:54 [INFO] __main__: 收盘退出（15:05），明日由 cron 重新拉起
[16:09:54] [引擎] 2026-07-30 16:09:54 [INFO] __main__: 盯盘循环退出
[16:09:54] [引擎] 2026-07-30 16:09:54 [INFO] __main__: 盯盘引擎已停止
[16:10:03] [引擎] 启动 watchdog...
[16:10:03] [引擎] PID=3207056
[16:10:04] [引擎] 2026-07-30 16:10:04 [INFO] __main__: 加载盯盘状态: 2 只
[16:10:04] [引擎] 2026-07-30 16:10:04 [INFO] __main__: 盯盘循环启动
[16:10:04] [引擎] 2026-07-30 16:10:04 [INFO] __main__: 盯盘引擎已启动
[16:10:04] [引擎] 2026-07-30 16:10:04 [INFO] __main__: ==================================================
[16:10:04] [引擎] 2026-07-30 16:10:04 [INFO] __main__: 盯盘引擎已启动！
[16:10:04] [引擎] 2026-07-30 16:10:04 [INFO] __main__: 状态文件: /root/maneki-agent/plays/watchdog/data/state.json
[16:10:04] [引擎] 2026-07-30 16:10:04 [INFO] __main__: 扫描间隔: 60s
[16:10:04] [引擎] 2026-07-30 16:10:04 [INFO] __main__: 盯盘上限: 20 只
[16:10:04] [引擎] 2026-07-30 16:10:04 [INFO] __main__: ==================================================
[16:10:04] [引擎] 2026-07-30 16:10:04 [INFO] __main__: 通过飞书发送指令: 盯/停/盯盘列表/清盯盘
[16:11:04] [引擎] 2026-07-30 16:11:04 [INFO] __main__: 收盘退出（15:05），明日由 cron 重新拉起
[16:11:04] [引擎] 2026-07-30 16:11:04 [INFO] __main__: 盯盘循环退出
[16:11:04] [引擎] 2026-07-30 16:11:04 [INFO] __main__: 盯盘引擎已停止
[16:11:13] [引擎] 启动 watchdog...
[16:11:13] [引擎] PID=3207067
[16:11:15] [引擎] 2026-07-30 16:11:15 [INFO] __main__: 加载盯盘状态: 2 只
[16:11:15] [引擎] 2026-07-30 16:11:15 [INFO] __main__: 盯盘循环启动
[16:11:15] [引擎] 2026-07-30 16:11:15 [INFO] __main__: 盯盘引擎已启动
[16:11:15] [引擎] 2026-07-30 16:11:15 [INFO] __main__: ==================================================
[16:11:15] [引擎] 2026-07-30 16:11:15 [INFO] __main__: 盯盘引擎已启动！
[16:11:15] [引擎] 2026-07-30 16:11:15 [INFO] __main__: 状态文件: /root/maneki-agent/plays/watchdog/data/state.json
[16:11:15] [引擎] 2026-07-30 16:11:15 [INFO] __main__: 扫描间隔: 60s
[16:11:15] [引擎] 2026-07-30 16:11:15 [INFO] __main__: 盯盘上限: 20 只
[16:11:15] [引擎] 2026-07-30 16:11:15 [INFO] __main__: ==================================================
[16:11:15] [引擎] 2026-07-30 16:11:15 [INFO] __main__: 通过飞书发送指令: 盯/停/盯盘列表/清盯盘
[16:12:15] [引擎] 2026-07-30 16:12:15 [INFO] __main__: 收盘退出（15:05），明日由 cron 重新拉起
[16:12:15] [引擎] 2026-07-30 16:12:15 [INFO] __main__: 盯盘循环退出
[16:12:15] [引擎] 2026-07-30 16:12:15 [INFO] __main__: 盯盘引擎已停止
[16:12:23] [引擎] 启动 watchdog...
[16:12:23] [引擎] PID=3207075
[16:12:24] [引擎] 2026-07-30 16:12:24 [INFO] __main__: 加载盯盘状态: 2 只
[16:12:24] [引擎] 2026-07-30 16:12:24 [INFO] __main__: 盯盘循环启动
[16:12:24] [引擎] 2026-07-30 16:12:24 [INFO] __main__: 盯盘引擎已启动
[16:12:24] [引擎] 2026-07-30 16:12:24 [INFO] __main__: ==================================================
[16:12:24] [引擎] 2026-07-30 16:12:24 [INFO] __main__: 盯盘引擎已启动！
[16:12:24] [引擎] 2026-07-30 16:12:24 [INFO] __main__: 状态文件: /root/maneki-agent/plays/watchdog/data/state.json
[16:12:24] [引擎] 2026-07-30 16:12:24 [INFO] __main__: 扫描间隔: 60s
[16:12:24] [引擎] 2026-07-30 16:12:24 [INFO] __main__: 盯盘上限: 20 只
[16:12:24] [引擎] 2026-07-30 16:12:24 [INFO] __main__: ==================================================
[16:12:24] [引擎] 2026-07-30 16:12:24 [INFO] __main__: 通过飞书发送指令: 盯/停/盯盘列表/清盯盘
[16:13:24] [引擎] 2026-07-30 16:13:24 [INFO] __main__: 收盘退出（15:05），明日由 cron 重新拉起
[16:13:24] [引擎] 2026-07-30 16:13:24 [INFO] __main__: 盯盘循环退出
[16:13:24] [引擎] 2026-07-30 16:13:24 [INFO] __main__: 盯盘引擎已停止
[16:13:33] [引擎] 启动 watchdog...
[16:13:33] [引擎] PID=3207087
[16:13:34] [引擎] 2026-07-30 16:13:34 [INFO] __main__: 加载盯盘状态: 2 只
[16:13:34] [引擎] 2026-07-30 16:13:34 [INFO] __main__: 盯盘循环启动
[16:13:34] [引擎] 2026-07-30 16:13:34 [INFO] __main__: 盯盘引擎已启动
[16:13:34] [引擎] 2026-07-30 16:13:34 [INFO] __main__: ==================================================
[16:13:34] [引擎] 2026-07-30 16:13:34 [INFO] __main__: 盯盘引擎已启动！
[16:13:34] [引擎] 2026-07-30 16:13:34 [INFO] __main__: 状态文件: /root/maneki-agent/plays/watchdog/data/state.json
[16:13:34] [引擎] 2026-07-30 16:13:34 [INFO] __main__: 扫描间隔: 60s
[16:13:34] [引擎] 2026-07-30 16:13:34 [INFO] __main__: 盯盘上限: 20 只
[16:13:34] [引擎] 2026-07-30 16:13:34 [INFO] __main__: ==================================================
[16:13:34] [引擎] 2026-07-30 16:13:34 [INFO] __main__: 通过飞书发送指令: 盯/停/盯盘列表/清盯盘
[16:14:34] [引擎] 2026-07-30 16:14:34 [INFO] __main__: 收盘退出（15:05），明日由 cron 重新拉起
[16:14:34] [引擎] 2026-07-30 16:14:34 [INFO] __main__: 盯盘循环退出
[16:14:34] [引擎] 2026-07-30 16:14:34 [INFO] __main__: 盯盘引擎已停止
[16:14:43] [引擎] 启动 watchdog...
[16:14:43] [引擎] PID=3207098
[16:14:44] [引擎] 2026-07-30 16:14:44 [INFO] __main__: 加载盯盘状态: 2 只
[16:14:44] [引擎] 2026-07-30 16:14:44 [INFO] __main__: 盯盘循环启动
[16:14:44] [引擎] 2026-07-30 16:14:44 [INFO] __main__: 盯盘引擎已启动
[16:14:44] [引擎] 2026-07-30 16:14:44 [INFO] __main__: ==================================================
[16:14:44] [引擎] 2026-07-30 16:14:44 [INFO] __main__: 盯盘引擎已启动！
[16:14:44] [引擎] 2026-07-30 16:14:44 [INFO] __main__: 状态文件: /root/maneki-agent/plays/watchdog/data/state.json
[16:14:44] [引擎] 2026-07-30 16:14:44 [INFO] __main__: 扫描间隔: 60s
[16:14:44] [引擎] 2026-07-30 16:14:44 [INFO] __main__: 盯盘上限: 20 只
[16:14:44] [引擎] 2026-07-30 16:14:44 [INFO] __main__: ==================================================
[16:14:44] [引擎] 2026-07-30 16:14:44 [INFO] __main__: 通过飞书发送指令: 盯/停/盯盘列表/清盯盘
[16:15:44] [引擎] 2026-07-30 16:15:44 [INFO] __main__: 收盘退出（15:05），明日由 cron 重新拉起
[16:15:44] [引擎] 2026-07-30 16:15:44 [INFO] __main__: 盯盘循环退出
[16:15:44] [引擎] 2026-07-30 16:15:44 [INFO] __main__: 盯盘引擎已停止
[16:15:53] [引擎] 启动 watchdog...
[16:15:53] [引擎] PID=3207110
[16:15:54] [引擎] 2026-07-30 16:15:54 [INFO] __main__: 加载盯盘状态: 2 只
[16:15:54] [引擎] 2026-07-30 16:15:54 [INFO] __main__: 盯盘循环启动
[16:15:54] [引擎] 2026-07-30 16:15:54 [INFO] __main__: 盯盘引擎已启动
[16:15:54] [引擎] 2026-07-30 16:15:54 [INFO] __main__: ==================================================
[16:15:54] [引擎] 2026-07-30 16:15:54 [INFO] __main__: 盯盘引擎已启动！
[16:15:54] [引擎] 2026-07-30 16:15:54 [INFO] __main__: 状态文件: /root/maneki-agent/plays/watchdog/data/state.json
[16:15:54] [引擎] 2026-07-30 16:15:54 [INFO] __main__: 扫描间隔: 60s
[16:15:54] [引擎] 2026-07-30 16:15:54 [INFO] __main__: 盯盘上限: 20 只
[16:15:54] [引擎] 2026-07-30 16:15:54 [INFO] __main__: ==================================================
[16:15:54] [引擎] 2026-07-30 16:15:54 [INFO] __main__: 通过飞书发送指令: 盯/停/盯盘列表/清盯盘
[16:16:54] [引擎] 2026-07-30 16:16:54 [INFO] __main__: 收盘退出（15:05），明日由 cron 重新拉起
[16:16:54] [引擎] 2026-07-30 16:16:54 [INFO] __main__: 盯盘循环退出
[16:16:54] [引擎] 2026-07-30 16:16:54 [INFO] __main__: 盯盘引擎已停止
[16:17:03] [引擎] 启动 watchdog...
[16:17:03] [引擎] PID=3207121
[16:17:04] [引擎] 2026-07-30 16:17:04 [INFO] __main__: 加载盯盘状态: 2 只
[16:17:04] [引擎] 2026-07-30 16:17:04 [INFO] __main__: 盯盘循环启动
[16:17:04] [引擎] 2026-07-30 16:17:04 [INFO] __main__: 盯盘引擎已启动
[16:17:04] [引擎] 2026-07-30 16:17:04 [INFO] __main__: ==================================================
[16:17:04] [引擎] 2026-07-30 16:17:04 [INFO] __main__: 盯盘引擎已启动！
[16:17:04] [引擎] 2026-07-30 16:17:04 [INFO] __main__: 状态文件: /root/maneki-agent/plays/watchdog/data/state.json
[16:17:04] [引擎] 2026-07-30 16:17:04 [INFO] __main__: 扫描间隔: 60s
[16:17:04] [引擎] 2026-07-30 16:17:04 [INFO] __main__: 盯盘上限: 20 只
[16:17:04] [引擎] 2026-07-30 16:17:04 [INFO] __main__: ==================================================
[16:17:04] [引擎] 2026-07-30 16:17:04 [INFO] __main__: 通过飞书发送指令: 盯/停/盯盘列表/清盯盘
[16:18:04] [引擎] 2026-07-30 16:18:04 [INFO] __main__: 收盘退出（15:05），明日由 cron 重新拉起
[16:18:04] [引擎] 2026-07-30 16:18:04 [INFO] __main__: 盯盘循环退出
[16:18:04] [引擎] 2026-07-30 16:18:04 [INFO] __main__: 盯盘引擎已停止
[16:18:13] [引擎] 启动 watchdog...
[16:18:13] [引擎] PID=3207132
[16:18:14] [引擎] 2026-07-30 16:18:14 [INFO] __main__: 加载盯盘状态: 2 只
[16:18:14] [引擎] 2026-07-30 16:18:14 [INFO] __main__: 盯盘循环启动
[16:18:14] [引擎] 2026-07-30 16:18:14 [INFO] __main__: 盯盘引擎已启动
[16:18:14] [引擎] 2026-07-30 16:18:14 [INFO] __main__: ==================================================
[16:18:14] [引擎] 2026-07-30 16:18:14 [INFO] __main__: 盯盘引擎已启动！
[16:18:14] [引擎] 2026-07-30 16:18:14 [INFO] __main__: 状态文件: /root/maneki-agent/plays/watchdog/data/state.json
[16:18:14] [引擎] 2026-07-30 16:18:14 [INFO] __main__: 扫描间隔: 60s
[16:18:14] [引擎] 2026-07-30 16:18:14 [INFO] __main__: 盯盘上限: 20 只
[16:18:14] [引擎] 2026-07-30 16:18:14 [INFO] __main__: ==================================================
[16:18:14] [引擎] 2026-07-30 16:18:14 [INFO] __main__: 通过飞书发送指令: 盯/停/盯盘列表/清盯盘
[16:19:14] [引擎] 2026-07-30 16:19:14 [INFO] __main__: 收盘退出（15:05），明日由 cron 重新拉起
[16:19:14] [引擎] 2026-07-30 16:19:14 [INFO] __main__: 盯盘循环退出
[16:19:14] [引擎] 2026-07-30 16:19:14 [INFO] __main__: 盯盘引擎已停止
[16:19:23] [引擎] 启动 watchdog...
[16:19:23] [引擎] PID=3207144
[16:19:24] [引擎] 2026-07-30 16:19:24 [INFO] __main__: 加载盯盘状态: 2 只
[16:19:24] [引擎] 2026-07-30 16:19:24 [INFO] __main__: 盯盘循环启动
[16:19:24] [引擎] 2026-07-30 16:19:24 [INFO] __main__: 盯盘引擎已启动
[16:19:24] [引擎] 2026-07-30 16:19:24 [INFO] __main__: ==================================================
[16:19:24] [引擎] 2026-07-30 16:19:24 [INFO] __main__: 盯盘引擎已启动！
[16:19:24] [引擎] 2026-07-30 16:19:24 [INFO] __main__: 状态文件: /root/maneki-agent/plays/watchdog/data/state.json
[16:19:24] [引擎] 2026-07-30 16:19:24 [INFO] __main__: 扫描间隔: 60s
[16:19:24] [引擎] 2026-07-30 16:19:24 [INFO] __main__: 盯盘上限: 20 只
[16:19:24] [引擎] 2026-07-30 16:19:24 [INFO] __main__: ==================================================
[16:19:24] [引擎] 2026-07-30 16:19:24 [INFO] __main__: 通过飞书发送指令: 盯/停/盯盘列表/清盯盘
[16:20:24] [引擎] 2026-07-30 16:20:24 [INFO] __main__: 收盘退出（15:05），明日由 cron 重新拉起
[16:20:24] [引擎] 2026-07-30 16:20:24 [INFO] __main__: 盯盘循环退出
[16:20:24] [引擎] 2026-07-30 16:20:24 [INFO] __main__: 盯盘引擎已停止
[16:20:33] [引擎] 启动 watchdog...
[16:20:33] [引擎] PID=3207155
[16:20:34] [引擎] 2026-07-30 16:20:34 [INFO] __main__: 加载盯盘状态: 2 只
[16:20:34] [引擎] 2026-07-30 16:20:34 [INFO] __main__: 盯盘循环启动
[16:20:34] [引擎] 2026-07-30 16:20:34 [INFO] __main__: 盯盘引擎已启动
[16:20:34] [引擎] 2026-07-30 16:20:34 [INFO] __main__: ==================================================
[16:20:34] [引擎] 2026-07-30 16:20:34 [INFO] __main__: 盯盘引擎已启动！
[16:20:34] [引擎] 2026-07-30 16:20:34 [INFO] __main__: 状态文件: /root/maneki-agent/plays/watchdog/data/state.json
[16:20:34] [引擎] 2026-07-30 16:20:34 [INFO] __main__: 扫描间隔: 60s
[16:20:34] [引擎] 2026-07-30 16:20:34 [INFO] __main__: 盯盘上限: 20 只
[16:20:34] [引擎] 2026-07-30 16:20:34 [INFO] __main__: ==================================================
[16:20:34] [引擎] 2026-07-30 16:20:34 [INFO] __main__: 通过飞书发送指令: 盯/停/盯盘列表/清盯盘
[16:21:34] [引擎] 2026-07-30 16:21:34 [INFO] __main__: 收盘退出（15:05），明日由 cron 重新拉起
[16:21:34] [引擎] 2026-07-30 16:21:34 [INFO] __main__: 盯盘循环退出
[16:21:34] [引擎] 2026-07-30 16:21:34 [INFO] __main__: 盯盘引擎已停止
[16:21:43] [引擎] 启动 watchdog...
[16:21:43] [引擎] PID=3207163
[16:21:44] [引擎] 2026-07-30 16:21:44 [INFO] __main__: 加载盯盘状态: 2 只
[16:21:44] [引擎] 2026-07-30 16:21:44 [INFO] __main__: 盯盘循环启动
[16:21:44] [引擎] 2026-07-30 16:21:44 [INFO] __main__: 盯盘引擎已启动
[16:21:44] [引擎] 2026-07-30 16:21:44 [INFO] __main__: ==================================================
[16:21:44] [引擎] 2026-07-30 16:21:44 [INFO] __main__: 盯盘引擎已启动！
[16:21:44] [引擎] 2026-07-30 16:21:44 [INFO] __main__: 状态文件: /root/maneki-agent/plays/watchdog/data/state.json
[16:21:44] [引擎] 2026-07-30 16:21:44 [INFO] __main__: 扫描间隔: 60s
[16:21:44] [引擎] 2026-07-30 16:21:44 [INFO] __main__: 盯盘上限: 20 只
[16:21:44] [引擎] 2026-07-30 16:21:44 [INFO] __main__: ==================================================
[16:21:44] [引擎] 2026-07-30 16:21:44 [INFO] __main__: 通过飞书发送指令: 盯/停/盯盘列表/清盯盘
[16:22:44] [引擎] 2026-07-30 16:22:44 [INFO] __main__: 收盘退出（15:05），明日由 cron 重新拉起
[16:22:44] [引擎] 2026-07-30 16:22:44 [INFO] __main__: 盯盘循环退出
[16:22:44] [引擎] 2026-07-30 16:22:44 [INFO] __main__: 盯盘引擎已停止
[16:22:53] [引擎] 启动 watchdog...
[16:22:53] [引擎] PID=3207174
[16:22:54] [引擎] 2026-07-30 16:22:54 [INFO] __main__: 加载盯盘状态: 2 只
[16:22:54] [引擎] 2026-07-30 16:22:54 [INFO] __main__: 盯盘循环启动
[16:22:54] [引擎] 2026-07-30 16:22:54 [INFO] __main__: 盯盘引擎已启动
[16:22:54] [引擎] 2026-07-30 16:22:54 [INFO] __main__: ==================================================
[16:22:54] [引擎] 2026-07-30 16:22:54 [INFO] __main__: 盯盘引擎已启动！
[16:22:54] [引擎] 2026-07-30 16:22:54 [INFO] __main__: 状态文件: /root/maneki-agent/plays/watchdog/data/state.json
[16:22:54] [引擎] 2026-07-30 16:22:54 [INFO] __main__: 扫描间隔: 60s
[16:22:54] [引擎] 2026-07-30 16:22:54 [INFO] __main__: 盯盘上限: 20 只
[16:22:54] [引擎] 2026-07-30 16:22:54 [INFO] __main__: ==================================================
[16:22:54] [引擎] 2026-07-30 16:22:54 [INFO] __main__: 通过飞书发送指令: 盯/停/盯盘列表/清盯盘
[16:23:54] [引擎] 2026-07-30 16:23:54 [INFO] __main__: 收盘退出（15:05），明日由 cron 重新拉起
[16:23:55] [引擎] 2026-07-30 16:23:55 [INFO] __main__: 盯盘循环退出
[16:23:55] [引擎] 2026-07-30 16:23:55 [INFO] __main__: 盯盘引擎已停止
[16:24:03] [引擎] 启动 watchdog...
[16:24:03] [引擎] PID=3207185
[16:24:04] [引擎] 2026-07-30 16:24:04 [INFO] __main__: 加载盯盘状态: 2 只
[16:24:04] [引擎] 2026-07-30 16:24:04 [INFO] __main__: 盯盘循环启动
[16:24:04] [引擎] 2026-07-30 16:24:04 [INFO] __main__: 盯盘引擎已启动
[16:24:04] [引擎] 2026-07-30 16:24:04 [INFO] __main__: ==================================================
[16:24:04] [引擎] 2026-07-30 16:24:04 [INFO] __main__: 盯盘引擎已启动！
[16:24:04] [引擎] 2026-07-30 16:24:04 [INFO] __main__: 状态文件: /root/maneki-agent/plays/watchdog/data/state.json
[16:24:04] [引擎] 2026-07-30 16:24:04 [INFO] __main__: 扫描间隔: 60s
[16:24:04] [引擎] 2026-07-30 16:24:04 [INFO] __main__: 盯盘上限: 20 只
[16:24:04] [引擎] 2026-07-30 16:24:04 [INFO] __main__: ==================================================
[16:24:04] [引擎] 2026-07-30 16:24:04 [INFO] __main__: 通过飞书发送指令: 盯/停/盯盘列表/清盯盘
[16:25:04] [引擎] 2026-07-30 16:25:04 [INFO] __main__: 收盘退出（15:05），明日由 cron 重新拉起
[16:25:04] [引擎] 2026-07-30 16:25:04 [INFO] __main__: 盯盘循环退出
[16:25:04] [引擎] 2026-07-30 16:25:04 [INFO] __main__: 盯盘引擎已停止
[16:25:13] [引擎] 启动 watchdog...
[16:25:13] [引擎] PID=3207199
[16:25:14] [引擎] 2026-07-30 16:25:14 [INFO] __main__: 加载盯盘状态: 2 只
[16:25:14] [引擎] 2026-07-30 16:25:14 [INFO] __main__: 盯盘循环启动
[16:25:14] [引擎] 2026-07-30 16:25:14 [INFO] __main__: 盯盘引擎已启动
[16:25:14] [引擎] 2026-07-30 16:25:14 [INFO] __main__: ==================================================
[16:25:14] [引擎] 2026-07-30 16:25:14 [INFO] __main__: 盯盘引擎已启动！
[16:25:14] [引擎] 2026-07-30 16:25:14 [INFO] __main__: 状态文件: /root/maneki-agent/plays/watchdog/data/state.json
[16:25:14] [引擎] 2026-07-30 16:25:14 [INFO] __main__: 扫描间隔: 60s
[16:25:14] [引擎] 2026-07-30 16:25:14 [INFO] __main__: 盯盘上限: 20 只
[16:25:14] [引擎] 2026-07-30 16:25:14 [INFO] __main__: ==================================================
[16:25:14] [引擎] 2026-07-30 16:25:14 [INFO] __main__: 通过飞书发送指令: 盯/停/盯盘列表/清盯盘
[16:26:14] [引擎] 2026-07-30 16:26:14 [INFO] __main__: 收盘退出（15:05），明日由 cron 重新拉起
[16:26:14] [引擎] 2026-07-30 16:26:14 [INFO] __main__: 盯盘循环退出
[16:26:14] [引擎] 2026-07-30 16:26:14 [INFO] __main__: 盯盘引擎已停止
[16:26:23] [引擎] 启动 watchdog...
[16:26:23] [引擎] PID=3207207
[16:26:24] [引擎] 2026-07-30 16:26:24 [INFO] __main__: 加载盯盘状态: 2 只
[16:26:24] [引擎] 2026-07-30 16:26:24 [INFO] __main__: 盯盘循环启动
[16:26:24] [引擎] 2026-07-30 16:26:24 [INFO] __main__: 盯盘引擎已启动
[16:26:24] [引擎] 2026-07-30 16:26:24 [INFO] __main__: ==================================================
[16:26:24] [引擎] 2026-07-30 16:26:24 [INFO] __main__: 盯盘引擎已启动！
[16:26:24] [引擎] 2026-07-30 16:26:24 [INFO] __main__: 状态文件: /root/maneki-agent/plays/watchdog/data/state.json
[16:26:24] [引擎] 2026-07-30 16:26:24 [INFO] __main__: 扫描间隔: 60s
[16:26:24] [引擎] 2026-07-30 16:26:24 [INFO] __main__: 盯盘上限: 20 只
[16:26:24] [引擎] 2026-07-30 16:26:24 [INFO] __main__: ==================================================
[16:26:24] [引擎] 2026-07-30 16:26:24 [INFO] __main__: 通过飞书发送指令: 盯/停/盯盘列表/清盯盘
[16:27:24] [引擎] 2026-07-30 16:27:24 [INFO] __main__: 收盘退出（15:05），明日由 cron 重新拉起
[16:27:25] [引擎] 2026-07-30 16:27:25 [INFO] __main__: 盯盘循环退出
[16:27:25] [引擎] 2026-07-30 16:27:25 [INFO] __main__: 盯盘引擎已停止
[16:27:33] [引擎] 启动 watchdog...
[16:27:33] [引擎] PID=3207217
[16:27:35] [引擎] 2026-07-30 16:27:35 [INFO] __main__: 加载盯盘状态: 2 只
[16:27:35] [引擎] 2026-07-30 16:27:35 [INFO] __main__: 盯盘循环启动
[16:27:35] [引擎] 2026-07-30 16:27:35 [INFO] __main__: 盯盘引擎已启动
[16:27:35] [引擎] 2026-07-30 16:27:35 [INFO] __main__: ==================================================
[16:27:35] [引擎] 2026-07-30 16:27:35 [INFO] __main__: 盯盘引擎已启动！
[16:27:35] [引擎] 2026-07-30 16:27:35 [INFO] __main__: 状态文件: /root/maneki-agent/plays/watchdog/data/state.json
[16:27:35] [引擎] 2026-07-30 16:27:35 [INFO] __main__: 扫描间隔: 60s
[16:27:35] [引擎] 2026-07-30 16:27:35 [INFO] __main__: 盯盘上限: 20 只
[16:27:35] [引擎] 2026-07-30 16:27:35 [INFO] __main__: ==================================================
[16:27:35] [引擎] 2026-07-30 16:27:35 [INFO] __main__: 通过飞书发送指令: 盯/停/盯盘列表/清盯盘
[16:28:35] [引擎] 2026-07-30 16:28:35 [INFO] __main__: 收盘退出（15:05），明日由 cron 重新拉起
[16:28:35] [引擎] 2026-07-30 16:28:35 [INFO] __main__: 盯盘循环退出
[16:28:35] [引擎] 2026-07-30 16:28:35 [INFO] __main__: 盯盘引擎已停止
[16:28:43] [引擎] 启动 watchdog...
[16:28:43] [引擎] PID=3207226
[16:28:44] [引擎] 2026-07-30 16:28:44 [INFO] __main__: 加载盯盘状态: 2 只
[16:28:44] [引擎] 2026-07-30 16:28:44 [INFO] __main__: 盯盘循环启动
[16:28:44] [引擎] 2026-07-30 16:28:44 [INFO] __main__: 盯盘引擎已启动
[16:28:44] [引擎] 2026-07-30 16:28:44 [INFO] __main__: ==================================================
[16:28:44] [引擎] 2026-07-30 16:28:44 [INFO] __main__: 盯盘引擎已启动！
[16:28:44] [引擎] 2026-07-30 16:28:44 [INFO] __main__: 状态文件: /root/maneki-agent/plays/watchdog/data/state.json
[16:28:44] [引擎] 2026-07-30 16:28:44 [INFO] __main__: 扫描间隔: 60s
[16:28:44] [引擎] 2026-07-30 16:28:44 [INFO] __main__: 盯盘上限: 20 只
[16:28:44] [引擎] 2026-07-30 16:28:44 [INFO] __main__: ==================================================
[16:28:44] [引擎] 2026-07-30 16:28:44 [INFO] __main__: 通过飞书发送指令: 盯/停/盯盘列表/清盯盘
[16:29:44] [引擎] 2026-07-30 16:29:44 [INFO] __main__: 收盘退出（15:05），明日由 cron 重新拉起
[16:29:44] [引擎] 2026-07-30 16:29:44 [INFO] __main__: 盯盘循环退出
[16:29:44] [引擎] 2026-07-30 16:29:44 [INFO] __main__: 盯盘引擎已停止
[16:29:53] [引擎] 启动 watchdog...
[16:29:53] [引擎] PID=3207236
[16:29:55] [引擎] 2026-07-30 16:29:55 [INFO] __main__: 加载盯盘状态: 2 只
[16:29:55] [引擎] 2026-07-30 16:29:55 [INFO] __main__: 盯盘循环启动
[16:29:55] [引擎] 2026-07-30 16:29:55 [INFO] __main__: 盯盘引擎已启动
[16:29:55] [引擎] 2026-07-30 16:29:55 [INFO] __main__: ==================================================
[16:29:55] [引擎] 2026-07-30 16:29:55 [INFO] __main__: 盯盘引擎已启动！
[16:29:55] [引擎] 2026-07-30 16:29:55 [INFO] __main__: 状态文件: /root/maneki-agent/plays/watchdog/data/state.json
[16:29:55] [引擎] 2026-07-30 16:29:55 [INFO] __main__: 扫描间隔: 60s
[16:29:55] [引擎] 2026-07-30 16:29:55 [INFO] __main__: 盯盘上限: 20 只
[16:29:55] [引擎] 2026-07-30 16:29:55 [INFO] __main__: ==================================================
[16:29:55] [引擎] 2026-07-30 16:29:55 [INFO] __main__: 通过飞书发送指令: 盯/停/盯盘列表/清盯盘
[16:30:55] [引擎] 2026-07-30 16:30:55 [INFO] __main__: 收盘退出（15:05），明日由 cron 重新拉起
[16:30:55] [引擎] 2026-07-30 16:30:55 [INFO] __main__: 盯盘循环退出
[16:30:55] [引擎] 2026-07-30 16:30:55 [INFO] __main__: 盯盘引擎已停止
[16:31:03] [引擎] 启动 watchdog...
[16:31:03] [引擎] PID=3207246
[16:31:08] [引擎] 2026-07-30 16:31:08 [INFO] __main__: 加载盯盘状态: 2 只
[16:31:08] [引擎] 2026-07-30 16:31:08 [INFO] __main__: 盯盘循环启动
[16:31:08] [引擎] 2026-07-30 16:31:08 [INFO] __main__: 盯盘引擎已启动
[16:31:08] [引擎] 2026-07-30 16:31:08 [INFO] __main__: ==================================================
[16:31:08] [引擎] 2026-07-30 16:31:08 [INFO] __main__: 盯盘引擎已启动！
[16:31:08] [引擎] 2026-07-30 16:31:08 [INFO] __main__: 状态文件: /root/maneki-agent/plays/watchdog/data/state.json
[16:31:08] [引擎] 2026-07-30 16:31:08 [INFO] __main__: 扫描间隔: 60s
[16:31:08] [引擎] 2026-07-30 16:31:08 [INFO] __main__: 盯盘上限: 20 只
[16:31:08] [引擎] 2026-07-30 16:31:08 [INFO] __main__: ==================================================
[16:31:08] [引擎] 2026-07-30 16:31:08 [INFO] __main__: 通过飞书发送指令: 盯/停/盯盘列表/清盯盘
[16:32:08] [引擎] 2026-07-30 16:32:08 [INFO] __main__: 收盘退出（15:05），明日由 cron 重新拉起
[16:32:08] [引擎] 2026-07-30 16:32:08 [INFO] __main__: 盯盘循环退出
[16:32:08] [引擎] 2026-07-30 16:32:08 [INFO] __main__: 盯盘引擎已停止
[16:32:13] [引擎] 启动 watchdog...
[16:32:13] [引擎] PID=3207254
[16:32:14] [引擎] 2026-07-30 16:32:14 [INFO] __main__: 加载盯盘状态: 2 只
[16:32:14] [引擎] 2026-07-30 16:32:14 [INFO] __main__: 盯盘循环启动
[16:32:14] [引擎] 2026-07-30 16:32:14 [INFO] __main__: 盯盘引擎已启动
[16:32:14] [引擎] 2026-07-30 16:32:14 [INFO] __main__: ==================================================
[16:32:14] [引擎] 2026-07-30 16:32:14 [INFO] __main__: 盯盘引擎已启动！
[16:32:14] [引擎] 2026-07-30 16:32:14 [INFO] __main__: 状态文件: /root/maneki-agent/plays/watchdog/data/state.json
[16:32:14] [引擎] 2026-07-30 16:32:14 [INFO] __main__: 扫描间隔: 60s
[16:32:14] [引擎] 2026-07-30 16:32:14 [INFO] __main__: 盯盘上限: 20 只
[16:32:14] [引擎] 2026-07-30 16:32:14 [INFO] __main__: ==================================================
[16:32:14] [引擎] 2026-07-30 16:32:14 [INFO] __main__: 通过飞书发送指令: 盯/停/盯盘列表/清盯盘
[16:33:14] [引擎] 2026-07-30 16:33:14 [INFO] __main__: 收盘退出（15:05），明日由 cron 重新拉起
[16:33:15] [引擎] 2026-07-30 16:33:15 [INFO] __main__: 盯盘循环退出
[16:33:15] [引擎] 2026-07-30 16:33:15 [INFO] __main__: 盯盘引擎已停止
[16:33:23] [引擎] 启动 watchdog...
[16:33:23] [引擎] PID=3207263
[16:33:25] [引擎] 2026-07-30 16:33:25 [INFO] __main__: 加载盯盘状态: 2 只
[16:33:25] [引擎] 2026-07-30 16:33:25 [INFO] __main__: 盯盘循环启动
[16:33:25] [引擎] 2026-07-30 16:33:25 [INFO] __main__: 盯盘引擎已启动
[16:33:25] [引擎] 2026-07-30 16:33:25 [INFO] __main__: ==================================================
[16:33:25] [引擎] 2026-07-30 16:33:25 [INFO] __main__: 盯盘引擎已启动！
[16:33:25] [引擎] 2026-07-30 16:33:25 [INFO] __main__: 状态文件: /root/maneki-agent/plays/watchdog/data/state.json
[16:33:25] [引擎] 2026-07-30 16:33:25 [INFO] __main__: 扫描间隔: 60s
[16:33:25] [引擎] 2026-07-30 16:33:25 [INFO] __main__: 盯盘上限: 20 只
[16:33:25] [引擎] 2026-07-30 16:33:25 [INFO] __main__: ==================================================
[16:33:25] [引擎] 2026-07-30 16:33:25 [INFO] __main__: 通过飞书发送指令: 盯/停/盯盘列表/清盯盘
[16:34:25] [引擎] 2026-07-30 16:34:25 [INFO] __main__: 收盘退出（15:05），明日由 cron 重新拉起
[16:34:25] [引擎] 2026-07-30 16:34:25 [INFO] __main__: 盯盘循环退出
[16:34:25] [引擎] 2026-07-30 16:34:25 [INFO] __main__: 盯盘引擎已停止
[16:34:33] [引擎] 启动 watchdog...
[16:34:33] [引擎] PID=3207272
[16:34:35] [引擎] 2026-07-30 16:34:35 [INFO] __main__: 加载盯盘状态: 2 只
[16:34:35] [引擎] 2026-07-30 16:34:35 [INFO] __main__: 盯盘循环启动
[16:34:35] [引擎] 2026-07-30 16:34:35 [INFO] __main__: 盯盘引擎已启动
[16:34:35] [引擎] 2026-07-30 16:34:35 [INFO] __main__: ==================================================
[16:34:35] [引擎] 2026-07-30 16:34:35 [INFO] __main__: 盯盘引擎已启动！
[16:34:35] [引擎] 2026-07-30 16:34:35 [INFO] __main__: 状态文件: /root/maneki-agent/plays/watchdog/data/state.json
[16:34:35] [引擎] 2026-07-30 16:34:35 [INFO] __main__: 扫描间隔: 60s
[16:34:35] [引擎] 2026-07-30 16:34:35 [INFO] __main__: 盯盘上限: 20 只
[16:34:35] [引擎] 2026-07-30 16:34:35 [INFO] __main__: ==================================================
[16:34:35] [引擎] 2026-07-30 16:34:35 [INFO] __main__: 通过飞书发送指令: 盯/停/盯盘列表/清盯盘
[16:35:35] [引擎] 2026-07-30 16:35:35 [INFO] __main__: 收盘退出（15:05），明日由 cron 重新拉起
[16:35:35] [引擎] 2026-07-30 16:35:35 [INFO] __main__: 盯盘循环退出
[16:35:35] [引擎] 2026-07-30 16:35:35 [INFO] __main__: 盯盘引擎已停止
[16:35:43] [引擎] 启动 watchdog...
[16:35:43] [引擎] PID=3207284
[16:35:45] [引擎] 2026-07-30 16:35:45 [INFO] __main__: 加载盯盘状态: 2 只
[16:35:45] [引擎] 2026-07-30 16:35:45 [INFO] __main__: 盯盘循环启动
[16:35:45] [引擎] 2026-07-30 16:35:45 [INFO] __main__: 盯盘引擎已启动
[16:35:45] [引擎] 2026-07-30 16:35:45 [INFO] __main__: ==================================================
[16:35:45] [引擎] 2026-07-30 16:35:45 [INFO] __main__: 盯盘引擎已启动！
[16:35:45] [引擎] 2026-07-30 16:35:45 [INFO] __main__: 状态文件: /root/maneki-agent/plays/watchdog/data/state.json
[16:35:45] [引擎] 2026-07-30 16:35:45 [INFO] __main__: 扫描间隔: 60s
[16:35:45] [引擎] 2026-07-30 16:35:45 [INFO] __main__: 盯盘上限: 20 只
[16:35:45] [引擎] 2026-07-30 16:35:45 [INFO] __main__: ==================================================
[16:35:45] [引擎] 2026-07-30 16:35:45 [INFO] __main__: 通过飞书发送指令: 盯/停/盯盘列表/清盯盘
[16:36:45] [引擎] 2026-07-30 16:36:45 [INFO] __main__: 收盘退出（15:05），明日由 cron 重新拉起
[16:36:45] [引擎] 2026-07-30 16:36:45 [INFO] __main__: 盯盘循环退出
[16:36:45] [引擎] 2026-07-30 16:36:45 [INFO] __main__: 盯盘引擎已停止
[16:36:53] [引擎] 启动 watchdog...
[16:36:53] [引擎] PID=3207292
[16:36:55] [引擎] 2026-07-30 16:36:55 [INFO] __main__: 加载盯盘状态: 2 只
[16:36:55] [引擎] 2026-07-30 16:36:55 [INFO] __main__: 盯盘循环启动
[16:36:55] [引擎] 2026-07-30 16:36:55 [INFO] __main__: 盯盘引擎已启动
[16:36:55] [引擎] 2026-07-30 16:36:55 [INFO] __main__: ==================================================
[16:36:55] [引擎] 2026-07-30 16:36:55 [INFO] __main__: 盯盘引擎已启动！
[16:36:55] [引擎] 2026-07-30 16:36:55 [INFO] __main__: 状态文件: /root/maneki-agent/plays/watchdog/data/state.json
[16:36:55] [引擎] 2026-07-30 16:36:55 [INFO] __main__: 扫描间隔: 60s
[16:36:55] [引擎] 2026-07-30 16:36:55 [INFO] __main__: 盯盘上限: 20 只
[16:36:55] [引擎] 2026-07-30 16:36:55 [INFO] __main__: ==================================================
[16:36:55] [引擎] 2026-07-30 16:36:55 [INFO] __main__: 通过飞书发送指令: 盯/停/盯盘列表/清盯盘
[16:37:55] [引擎] 2026-07-30 16:37:55 [INFO] __main__: 收盘退出（15:05），明日由 cron 重新拉起
[16:37:55] [引擎] 2026-07-30 16:37:55 [INFO] __main__: 盯盘循环退出
[16:37:55] [引擎] 2026-07-30 16:37:55 [INFO] __main__: 盯盘引擎已停止
[16:38:03] [引擎] 启动 watchdog...
[16:38:03] [引擎] PID=3207301
[16:38:05] [引擎] 2026-07-30 16:38:05 [INFO] __main__: 加载盯盘状态: 2 只
[16:38:05] [引擎] 2026-07-30 16:38:05 [INFO] __main__: 盯盘循环启动
[16:38:05] [引擎] 2026-07-30 16:38:05 [INFO] __main__: 盯盘引擎已启动
[16:38:05] [引擎] 2026-07-30 16:38:05 [INFO] __main__: ==================================================
[16:38:05] [引擎] 2026-07-30 16:38:05 [INFO] __main__: 盯盘引擎已启动！
[16:38:05] [引擎] 2026-07-30 16:38:05 [INFO] __main__: 状态文件: /root/maneki-agent/plays/watchdog/data/state.json
[16:38:05] [引擎] 2026-07-30 16:38:05 [INFO] __main__: 扫描间隔: 60s
[16:38:05] [引擎] 2026-07-30 16:38:05 [INFO] __main__: 盯盘上限: 20 只
[16:38:05] [引擎] 2026-07-30 16:38:05 [INFO] __main__: ==================================================
[16:38:05] [引擎] 2026-07-30 16:38:05 [INFO] __main__: 通过飞书发送指令: 盯/停/盯盘列表/清盯盘
[16:39:05] [引擎] 2026-07-30 16:39:05 [INFO] __main__: 收盘退出（15:05），明日由 cron 重新拉起
[16:39:05] [引擎] 2026-07-30 16:39:05 [INFO] __main__: 盯盘循环退出
[16:39:05] [引擎] 2026-07-30 16:39:05 [INFO] __main__: 盯盘引擎已停止
[16:39:13] [引擎] 启动 watchdog...
[16:39:13] [引擎] PID=3207311
[16:39:15] [引擎] 2026-07-30 16:39:15 [INFO] __main__: 加载盯盘状态: 2 只
[16:39:15] [引擎] 2026-07-30 16:39:15 [INFO] __main__: 盯盘循环启动
[16:39:15] [引擎] 2026-07-30 16:39:15 [INFO] __main__: 盯盘引擎已启动
[16:39:15] [引擎] 2026-07-30 16:39:15 [INFO] __main__: ==================================================
[16:39:15] [引擎] 2026-07-30 16:39:15 [INFO] __main__: 盯盘引擎已启动！
[16:39:15] [引擎] 2026-07-30 16:39:15 [INFO] __main__: 状态文件: /root/maneki-agent/plays/watchdog/data/state.json
[16:39:15] [引擎] 2026-07-30 16:39:15 [INFO] __main__: 扫描间隔: 60s
[16:39:15] [引擎] 2026-07-30 16:39:15 [INFO] __main__: 盯盘上限: 20 只
[16:39:15] [引擎] 2026-07-30 16:39:15 [INFO] __main__: ==================================================
[16:39:15] [引擎] 2026-07-30 16:39:15 [INFO] __main__: 通过飞书发送指令: 盯/停/盯盘列表/清盯盘
[16:40:15] [引擎] 2026-07-30 16:40:15 [INFO] __main__: 收盘退出（15:05），明日由 cron 重新拉起
[16:40:15] [引擎] 2026-07-30 16:40:15 [INFO] __main__: 盯盘循环退出
[16:40:15] [引擎] 2026-07-30 16:40:15 [INFO] __main__: 盯盘引擎已停止
[16:40:23] [引擎] 启动 watchdog...
[16:40:23] [引擎] PID=3207322
[16:40:25] [引擎] 2026-07-30 16:40:25 [INFO] __main__: 加载盯盘状态: 2 只
[16:40:25] [引擎] 2026-07-30 16:40:25 [INFO] __main__: 盯盘循环启动
[16:40:25] [引擎] 2026-07-30 16:40:25 [INFO] __main__: 盯盘引擎已启动
[16:40:25] [引擎] 2026-07-30 16:40:25 [INFO] __main__: ==================================================
[16:40:25] [引擎] 2026-07-30 16:40:25 [INFO] __main__: 盯盘引擎已启动！
[16:40:25] [引擎] 2026-07-30 16:40:25 [INFO] __main__: 状态文件: /root/maneki-agent/plays/watchdog/data/state.json
[16:40:25] [引擎] 2026-07-30 16:40:25 [INFO] __main__: 扫描间隔: 60s
[16:40:25] [引擎] 2026-07-30 16:40:25 [INFO] __main__: 盯盘上限: 20 只
[16:40:25] [引擎] 2026-07-30 16:40:25 [INFO] __main__: ==================================================
[16:40:25] [引擎] 2026-07-30 16:40:25 [INFO] __main__: 通过飞书发送指令: 盯/停/盯盘列表/清盯盘
[16:41:25] [引擎] 2026-07-30 16:41:25 [INFO] __main__: 收盘退出（15:05），明日由 cron 重新拉起
[16:41:25] [引擎] 2026-07-30 16:41:25 [INFO] __main__: 盯盘循环退出
[16:41:25] [引擎] 2026-07-30 16:41:25 [INFO] __main__: 盯盘引擎已停止
[16:41:33] [引擎] 启动 watchdog...
[16:41:33] [引擎] PID=3207330
[16:41:35] [引擎] 2026-07-30 16:41:35 [INFO] __main__: 加载盯盘状态: 2 只
[16:41:35] [引擎] 2026-07-30 16:41:35 [INFO] __main__: 盯盘循环启动
[16:41:35] [引擎] 2026-07-30 16:41:35 [INFO] __main__: 盯盘引擎已启动
[16:41:35] [引擎] 2026-07-30 16:41:35 [INFO] __main__: ==================================================
[16:41:35] [引擎] 2026-07-30 16:41:35 [INFO] __main__: 盯盘引擎已启动！
[16:41:35] [引擎] 2026-07-30 16:41:35 [INFO] __main__: 状态文件: /root/maneki-agent/plays/watchdog/data/state.json
[16:41:35] [引擎] 2026-07-30 16:41:35 [INFO] __main__: 扫描间隔: 60s
[16:41:35] [引擎] 2026-07-30 16:41:35 [INFO] __main__: 盯盘上限: 20 只
[16:41:35] [引擎] 2026-07-30 16:41:35 [INFO] __main__: ==================================================
[16:41:35] [引擎] 2026-07-30 16:41:35 [INFO] __main__: 通过飞书发送指令: 盯/停/盯盘列表/清盯盘
[16:42:35] [引擎] 2026-07-30 16:42:35 [INFO] __main__: 收盘退出（15:05），明日由 cron 重新拉起
[16:42:35] [引擎] 2026-07-30 16:42:35 [INFO] __main__: 盯盘循环退出
[16:42:35] [引擎] 2026-07-30 16:42:35 [INFO] __main__: 盯盘引擎已停止
[16:42:43] [引擎] 启动 watchdog...
[16:42:43] [引擎] PID=3207339
[16:42:45] [引擎] 2026-07-30 16:42:45 [INFO] __main__: 加载盯盘状态: 2 只
[16:42:45] [引擎] 2026-07-30 16:42:45 [INFO] __main__: 盯盘循环启动
[16:42:45] [引擎] 2026-07-30 16:42:45 [INFO] __main__: 盯盘引擎已启动
[16:42:45] [引擎] 2026-07-30 16:42:45 [INFO] __main__: ==================================================
[16:42:45] [引擎] 2026-07-30 16:42:45 [INFO] __main__: 盯盘引擎已启动！
[16:42:45] [引擎] 2026-07-30 16:42:45 [INFO] __main__: 状态文件: /root/maneki-agent/plays/watchdog/data/state.json
[16:42:45] [引擎] 2026-07-30 16:42:45 [INFO] __main__: 扫描间隔: 60s
[16:42:45] [引擎] 2026-07-30 16:42:45 [INFO] __main__: 盯盘上限: 20 只
[16:42:45] [引擎] 2026-07-30 16:42:45 [INFO] __main__: ==================================================
[16:42:45] [引擎] 2026-07-30 16:42:45 [INFO] __main__: 通过飞书发送指令: 盯/停/盯盘列表/清盯盘
[16:43:45] [引擎] 2026-07-30 16:43:45 [INFO] __main__: 收盘退出（15:05），明日由 cron 重新拉起
[16:43:45] [引擎] 2026-07-30 16:43:45 [INFO] __main__: 盯盘循环退出
[16:43:45] [引擎] 2026-07-30 16:43:45 [INFO] __main__: 盯盘引擎已停止
[16:43:53] [引擎] 启动 watchdog...
[16:43:53] [引擎] PID=3207348
[16:43:55] [引擎] 2026-07-30 16:43:55 [INFO] __main__: 加载盯盘状态: 2 只
[16:43:55] [引擎] 2026-07-30 16:43:55 [INFO] __main__: 盯盘循环启动
[16:43:55] [引擎] 2026-07-30 16:43:55 [INFO] __main__: 盯盘引擎已启动
[16:43:55] [引擎] 2026-07-30 16:43:55 [INFO] __main__: ==================================================
[16:43:55] [引擎] 2026-07-30 16:43:55 [INFO] __main__: 盯盘引擎已启动！
[16:43:55] [引擎] 2026-07-30 16:43:55 [INFO] __main__: 状态文件: /root/maneki-agent/plays/watchdog/data/state.json
[16:43:55] [引擎] 2026-07-30 16:43:55 [INFO] __main__: 扫描间隔: 60s
[16:43:55] [引擎] 2026-07-30 16:43:55 [INFO] __main__: 盯盘上限: 20 只
[16:43:55] [引擎] 2026-07-30 16:43:55 [INFO] __main__: ==================================================
[16:43:55] [引擎] 2026-07-30 16:43:55 [INFO] __main__: 通过飞书发送指令: 盯/停/盯盘列表/清盯盘
[16:44:55] [引擎] 2026-07-30 16:44:55 [INFO] __main__: 收盘退出（15:05），明日由 cron 重新拉起
[16:44:55] [引擎] 2026-07-30 16:44:55 [INFO] __main__: 盯盘循环退出
[16:44:55] [引擎] 2026-07-30 16:44:55 [INFO] __main__: 盯盘引擎已停止
[16:45:03] [引擎] 启动 watchdog...
[16:45:03] [引擎] PID=3207370
[16:45:05] [引擎] 2026-07-30 16:45:05 [INFO] __main__: 加载盯盘状态: 2 只
[16:45:05] [引擎] 2026-07-30 16:45:05 [INFO] __main__: 盯盘循环启动
[16:45:05] [引擎] 2026-07-30 16:45:05 [INFO] __main__: 盯盘引擎已启动
[16:45:05] [引擎] 2026-07-30 16:45:05 [INFO] __main__: ==================================================
[16:45:05] [引擎] 2026-07-30 16:45:05 [INFO] __main__: 盯盘引擎已启动！
[16:45:05] [引擎] 2026-07-30 16:45:05 [INFO] __main__: 状态文件: /root/maneki-agent/plays/watchdog/data/state.json
[16:45:05] [引擎] 2026-07-30 16:45:05 [INFO] __main__: 扫描间隔: 60s
[16:45:05] [引擎] 2026-07-30 16:45:05 [INFO] __main__: 盯盘上限: 20 只
[16:45:05] [引擎] 2026-07-30 16:45:05 [INFO] __main__: ==================================================
[16:45:05] [引擎] 2026-07-30 16:45:05 [INFO] __main__: 通过飞书发送指令: 盯/停/盯盘列表/清盯盘
[16:46:05] [引擎] 2026-07-30 16:46:05 [INFO] __main__: 收盘退出（15:05），明日由 cron 重新拉起
[16:46:05] [引擎] 2026-07-30 16:46:05 [INFO] __main__: 盯盘循环退出
[16:46:05] [引擎] 2026-07-30 16:46:05 [INFO] __main__: 盯盘引擎已停止
[16:46:13] [引擎] 启动 watchdog...
[16:46:13] [引擎] PID=3207379
[16:46:15] [引擎] 2026-07-30 16:46:15 [INFO] __main__: 加载盯盘状态: 2 只
[16:46:15] [引擎] 2026-07-30 16:46:15 [INFO] __main__: 盯盘循环启动
[16:46:15] [引擎] 2026-07-30 16:46:15 [INFO] __main__: 盯盘引擎已启动
[16:46:15] [引擎] 2026-07-30 16:46:15 [INFO] __main__: ==================================================
[16:46:15] [引擎] 2026-07-30 16:46:15 [INFO] __main__: 盯盘引擎已启动！
[16:46:15] [引擎] 2026-07-30 16:46:15 [INFO] __main__: 状态文件: /root/maneki-agent/plays/watchdog/data/state.json
[16:46:15] [引擎] 2026-07-30 16:46:15 [INFO] __main__: 扫描间隔: 60s
[16:46:15] [引擎] 2026-07-30 16:46:15 [INFO] __main__: 盯盘上限: 20 只
[16:46:15] [引擎] 2026-07-30 16:46:15 [INFO] __main__: ==================================================
[16:46:15] [引擎] 2026-07-30 16:46:15 [INFO] __main__: 通过飞书发送指令: 盯/停/盯盘列表/清盯盘
[16:47:15] [引擎] 2026-07-30 16:47:15 [INFO] __main__: 收盘退出（15:05），明日由 cron 重新拉起
[16:47:15] [引擎] 2026-07-30 16:47:15 [INFO] __main__: 盯盘循环退出
[16:47:15] [引擎] 2026-07-30 16:47:15 [INFO] __main__: 盯盘引擎已停止
[16:47:23] [引擎] 启动 watchdog...
[16:47:23] [引擎] PID=3207410
[16:47:25] [引擎] 2026-07-30 16:47:25 [INFO] __main__: 加载盯盘状态: 2 只
[16:47:25] [引擎] 2026-07-30 16:47:25 [INFO] __main__: 盯盘循环启动
[16:47:25] [引擎] 2026-07-30 16:47:25 [INFO] __main__: 盯盘引擎已启动
[16:47:25] [引擎] 2026-07-30 16:47:25 [INFO] __main__: ==================================================
[16:47:25] [引擎] 2026-07-30 16:47:25 [INFO] __main__: 盯盘引擎已启动！
[16:47:25] [引擎] 2026-07-30 16:47:25 [INFO] __main__: 状态文件: /root/maneki-agent/plays/watchdog/data/state.json
[16:47:25] [引擎] 2026-07-30 16:47:25 [INFO] __main__: 扫描间隔: 60s
[16:47:25] [引擎] 2026-07-30 16:47:25 [INFO] __main__: 盯盘上限: 20 只
[16:47:25] [引擎] 2026-07-30 16:47:25 [INFO] __main__: ==================================================
[16:47:25] [引擎] 2026-07-30 16:47:25 [INFO] __main__: 通过飞书发送指令: 盯/停/盯盘列表/清盯盘
[16:48:25] [引擎] 2026-07-30 16:48:25 [INFO] __main__: 收盘退出（15:05），明日由 cron 重新拉起
[16:48:25] [引擎] 2026-07-30 16:48:25 [INFO] __main__: 盯盘循环退出
[16:48:25] [引擎] 2026-07-30 16:48:25 [INFO] __main__: 盯盘引擎已停止
[16:48:33] [引擎] 启动 watchdog...
[16:48:33] [引擎] PID=3207419
[16:48:35] [引擎] 2026-07-30 16:48:35 [INFO] __main__: 加载盯盘状态: 2 只
[16:48:35] [引擎] 2026-07-30 16:48:35 [INFO] __main__: 盯盘循环启动
[16:48:35] [引擎] 2026-07-30 16:48:35 [INFO] __main__: 盯盘引擎已启动
[16:48:35] [引擎] 2026-07-30 16:48:35 [INFO] __main__: ==================================================
[16:48:35] [引擎] 2026-07-30 16:48:35 [INFO] __main__: 盯盘引擎已启动！
[16:48:35] [引擎] 2026-07-30 16:48:35 [INFO] __main__: 状态文件: /root/maneki-agent/plays/watchdog/data/state.json
[16:48:35] [引擎] 2026-07-30 16:48:35 [INFO] __main__: 扫描间隔: 60s
[16:48:35] [引擎] 2026-07-30 16:48:35 [INFO] __main__: 盯盘上限: 20 只
[16:48:35] [引擎] 2026-07-30 16:48:35 [INFO] __main__: ==================================================
[16:48:35] [引擎] 2026-07-30 16:48:35 [INFO] __main__: 通过飞书发送指令: 盯/停/盯盘列表/清盯盘
[16:49:35] [引擎] 2026-07-30 16:49:35 [INFO] __main__: 收盘退出（15:05），明日由 cron 重新拉起
[16:49:35] [引擎] 2026-07-30 16:49:35 [INFO] __main__: 盯盘循环退出
[16:49:35] [引擎] 2026-07-30 16:49:35 [INFO] __main__: 盯盘引擎已停止
[16:49:43] [引擎] 启动 watchdog...
[16:49:43] [引擎] PID=3207430
[16:49:45] [引擎] 2026-07-30 16:49:45 [INFO] __main__: 加载盯盘状态: 2 只
[16:49:45] [引擎] 2026-07-30 16:49:45 [INFO] __main__: 盯盘循环启动
[16:49:45] [引擎] 2026-07-30 16:49:45 [INFO] __main__: 盯盘引擎已启动
[16:49:45] [引擎] 2026-07-30 16:49:45 [INFO] __main__: ==================================================
[16:49:45] [引擎] 2026-07-30 16:49:45 [INFO] __main__: 盯盘引擎已启动！
[16:49:45] [引擎] 2026-07-30 16:49:45 [INFO] __main__: 状态文件: /root/maneki-agent/plays/watchdog/data/state.json
[16:49:45] [引擎] 2026-07-30 16:49:45 [INFO] __main__: 扫描间隔: 60s
[16:49:45] [引擎] 2026-07-30 16:49:45 [INFO] __main__: 盯盘上限: 20 只
[16:49:45] [引擎] 2026-07-30 16:49:45 [INFO] __main__: ==================================================
[16:49:45] [引擎] 2026-07-30 16:49:45 [INFO] __main__: 通过飞书发送指令: 盯/停/盯盘列表/清盯盘
[16:50:45] [引擎] 2026-07-30 16:50:45 [INFO] __main__: 收盘退出（15:05），明日由 cron 重新拉起
[16:50:45] [引擎] 2026-07-30 16:50:45 [INFO] __main__: 盯盘循环退出
[16:50:45] [引擎] 2026-07-30 16:50:45 [INFO] __main__: 盯盘引擎已停止
[16:50:53] [引擎] 启动 watchdog...
[16:50:53] [引擎] PID=3207438
[16:50:55] [引擎] 2026-07-30 16:50:55 [INFO] __main__: 加载盯盘状态: 2 只
[16:50:55] [引擎] 2026-07-30 16:50:55 [INFO] __main__: 盯盘循环启动
[16:50:55] [引擎] 2026-07-30 16:50:55 [INFO] __main__: 盯盘引擎已启动
[16:50:55] [引擎] 2026-07-30 16:50:55 [INFO] __main__: ==================================================
[16:50:55] [引擎] 2026-07-30 16:50:55 [INFO] __main__: 盯盘引擎已启动！
[16:50:55] [引擎] 2026-07-30 16:50:55 [INFO] __main__: 状态文件: /root/maneki-agent/plays/watchdog/data/state.json
[16:50:55] [引擎] 2026-07-30 16:50:55 [INFO] __main__: 扫描间隔: 60s
[16:50:55] [引擎] 2026-07-30 16:50:55 [INFO] __main__: 盯盘上限: 20 只
[16:50:55] [引擎] 2026-07-30 16:50:55 [INFO] __main__: ==================================================
[16:50:55] [引擎] 2026-07-30 16:50:55 [INFO] __main__: 通过飞书发送指令: 盯/停/盯盘列表/清盯盘
[16:51:55] [引擎] 2026-07-30 16:51:55 [INFO] __main__: 收盘退出（15:05），明日由 cron 重新拉起
[16:51:55] [引擎] 2026-07-30 16:51:55 [INFO] __main__: 盯盘循环退出
[16:51:55] [引擎] 2026-07-30 16:51:55 [INFO] __main__: 盯盘引擎已停止
[16:52:03] [引擎] 启动 watchdog...
[16:52:03] [引擎] PID=3207447
[16:52:05] [引擎] 2026-07-30 16:52:05 [INFO] __main__: 加载盯盘状态: 2 只
[16:52:05] [引擎] 2026-07-30 16:52:05 [INFO] __main__: 盯盘循环启动
[16:52:05] [引擎] 2026-07-30 16:52:05 [INFO] __main__: 盯盘引擎已启动
[16:52:05] [引擎] 2026-07-30 16:52:05 [INFO] __main__: ==================================================
[16:52:05] [引擎] 2026-07-30 16:52:05 [INFO] __main__: 盯盘引擎已启动！
[16:52:05] [引擎] 2026-07-30 16:52:05 [INFO] __main__: 状态文件: /root/maneki-agent/plays/watchdog/data/state.json
[16:52:05] [引擎] 2026-07-30 16:52:05 [INFO] __main__: 扫描间隔: 60s
[16:52:05] [引擎] 2026-07-30 16:52:05 [INFO] __main__: 盯盘上限: 20 只
[16:52:05] [引擎] 2026-07-30 16:52:05 [INFO] __main__: ==================================================
[16:52:05] [引擎] 2026-07-30 16:52:05 [INFO] __main__: 通过飞书发送指令: 盯/停/盯盘列表/清盯盘
[16:53:05] [引擎] 2026-07-30 16:53:05 [INFO] __main__: 收盘退出（15:05），明日由 cron 重新拉起
[16:53:05] [引擎] 2026-07-30 16:53:05 [INFO] __main__: 盯盘循环退出
[16:53:05] [引擎] 2026-07-30 16:53:05 [INFO] __main__: 盯盘引擎已停止
[16:53:13] [引擎] 启动 watchdog...
[16:53:13] [引擎] PID=3207456
[16:53:15] [引擎] 2026-07-30 16:53:15 [INFO] __main__: 加载盯盘状态: 2 只
[16:53:15] [引擎] 2026-07-30 16:53:15 [INFO] __main__: 盯盘循环启动
[16:53:15] [引擎] 2026-07-30 16:53:15 [INFO] __main__: 盯盘引擎已启动
[16:53:15] [引擎] 2026-07-30 16:53:15 [INFO] __main__: ==================================================
[16:53:15] [引擎] 2026-07-30 16:53:15 [INFO] __main__: 盯盘引擎已启动！
[16:53:15] [引擎] 2026-07-30 16:53:15 [INFO] __main__: 状态文件: /root/maneki-agent/plays/watchdog/data/state.json
[16:53:15] [引擎] 2026-07-30 16:53:15 [INFO] __main__: 扫描间隔: 60s
[16:53:15] [引擎] 2026-07-30 16:53:15 [INFO] __main__: 盯盘上限: 20 只
[16:53:15] [引擎] 2026-07-30 16:53:15 [INFO] __main__: ==================================================
[16:53:15] [引擎] 2026-07-30 16:53:15 [INFO] __main__: 通过飞书发送指令: 盯/停/盯盘列表/清盯盘
[16:54:15] [引擎] 2026-07-30 16:54:15 [INFO] __main__: 收盘退出（15:05），明日由 cron 重新拉起
[16:54:15] [引擎] 2026-07-30 16:54:15 [INFO] __main__: 盯盘循环退出
[16:54:15] [引擎] 2026-07-30 16:54:15 [INFO] __main__: 盯盘引擎已停止
[16:54:23] [引擎] 启动 watchdog...
[16:54:23] [引擎] PID=3207465
[16:54:25] [引擎] 2026-07-30 16:54:25 [INFO] __main__: 加载盯盘状态: 2 只
[16:54:25] [引擎] 2026-07-30 16:54:25 [INFO] __main__: 盯盘循环启动
[16:54:25] [引擎] 2026-07-30 16:54:25 [INFO] __main__: 盯盘引擎已启动
[16:54:25] [引擎] 2026-07-30 16:54:25 [INFO] __main__: ==================================================
[16:54:25] [引擎] 2026-07-30 16:54:25 [INFO] __main__: 盯盘引擎已启动！
[16:54:25] [引擎] 2026-07-30 16:54:25 [INFO] __main__: 状态文件: /root/maneki-agent/plays/watchdog/data/state.json
[16:54:25] [引擎] 2026-07-30 16:54:25 [INFO] __main__: 扫描间隔: 60s
[16:54:25] [引擎] 2026-07-30 16:54:25 [INFO] __main__: 盯盘上限: 20 只
[16:54:25] [引擎] 2026-07-30 16:54:25 [INFO] __main__: ==================================================
[16:54:25] [引擎] 2026-07-30 16:54:25 [INFO] __main__: 通过飞书发送指令: 盯/停/盯盘列表/清盯盘
[16:55:25] [引擎] 2026-07-30 16:55:25 [INFO] __main__: 收盘退出（15:05），明日由 cron 重新拉起
[16:55:25] [引擎] 2026-07-30 16:55:25 [INFO] __main__: 盯盘循环退出
[16:55:25] [引擎] 2026-07-30 16:55:25 [INFO] __main__: 盯盘引擎已停止
[16:55:34] [引擎] 启动 watchdog...
[16:55:34] [引擎] PID=3207477
[16:55:35] [引擎] 2026-07-30 16:55:35 [INFO] __main__: 加载盯盘状态: 2 只
[16:55:35] [引擎] 2026-07-30 16:55:35 [INFO] __main__: 盯盘循环启动
[16:55:35] [引擎] 2026-07-30 16:55:35 [INFO] __main__: 盯盘引擎已启动
[16:55:35] [引擎] 2026-07-30 16:55:35 [INFO] __main__: ==================================================
[16:55:35] [引擎] 2026-07-30 16:55:35 [INFO] __main__: 盯盘引擎已启动！
[16:55:35] [引擎] 2026-07-30 16:55:35 [INFO] __main__: 状态文件: /root/maneki-agent/plays/watchdog/data/state.json
[16:55:35] [引擎] 2026-07-30 16:55:35 [INFO] __main__: 扫描间隔: 60s
[16:55:35] [引擎] 2026-07-30 16:55:35 [INFO] __main__: 盯盘上限: 20 只
[16:55:35] [引擎] 2026-07-30 16:55:35 [INFO] __main__: ==================================================
[16:55:35] [引擎] 2026-07-30 16:55:35 [INFO] __main__: 通过飞书发送指令: 盯/停/盯盘列表/清盯盘
[16:56:35] [引擎] 2026-07-30 16:56:35 [INFO] __main__: 收盘退出（15:05），明日由 cron 重新拉起
[16:56:35] [引擎] 2026-07-30 16:56:35 [INFO] __main__: 盯盘循环退出
[16:56:35] [引擎] 2026-07-30 16:56:35 [INFO] __main__: 盯盘引擎已停止
[16:56:44] [引擎] 启动 watchdog...
[16:56:44] [引擎] PID=3207485
[16:56:45] [引擎] 2026-07-30 16:56:45 [INFO] __main__: 加载盯盘状态: 2 只
[16:56:45] [引擎] 2026-07-30 16:56:45 [INFO] __main__: 盯盘循环启动
[16:56:45] [引擎] 2026-07-30 16:56:45 [INFO] __main__: 盯盘引擎已启动
[16:56:45] [引擎] 2026-07-30 16:56:45 [INFO] __main__: ==================================================
[16:56:45] [引擎] 2026-07-30 16:56:45 [INFO] __main__: 盯盘引擎已启动！
[16:56:45] [引擎] 2026-07-30 16:56:45 [INFO] __main__: 状态文件: /root/maneki-agent/plays/watchdog/data/state.json
[16:56:45] [引擎] 2026-07-30 16:56:45 [INFO] __main__: 扫描间隔: 60s
[16:56:45] [引擎] 2026-07-30 16:56:45 [INFO] __main__: 盯盘上限: 20 只
[16:56:45] [引擎] 2026-07-30 16:56:45 [INFO] __main__: ==================================================
[16:56:45] [引擎] 2026-07-30 16:56:45 [INFO] __main__: 通过飞书发送指令: 盯/停/盯盘列表/清盯盘
[16:57:45] [引擎] 2026-07-30 16:57:45 [INFO] __main__: 收盘退出（15:05），明日由 cron 重新拉起
[16:57:45] [引擎] 2026-07-30 16:57:45 [INFO] __main__: 盯盘循环退出
[16:57:45] [引擎] 2026-07-30 16:57:45 [INFO] __main__: 盯盘引擎已停止
[16:57:54] [引擎] 启动 watchdog...
[16:57:54] [引擎] PID=3207494
[16:57:55] [引擎] 2026-07-30 16:57:55 [INFO] __main__: 加载盯盘状态: 2 只
[16:57:55] [引擎] 2026-07-30 16:57:55 [INFO] __main__: 盯盘循环启动
[16:57:55] [引擎] 2026-07-30 16:57:55 [INFO] __main__: 盯盘引擎已启动
[16:57:55] [引擎] 2026-07-30 16:57:55 [INFO] __main__: ==================================================
[16:57:55] [引擎] 2026-07-30 16:57:55 [INFO] __main__: 盯盘引擎已启动！
[16:57:55] [引擎] 2026-07-30 16:57:55 [INFO] __main__: 状态文件: /root/maneki-agent/plays/watchdog/data/state.json
[16:57:55] [引擎] 2026-07-30 16:57:55 [INFO] __main__: 扫描间隔: 60s
[16:57:55] [引擎] 2026-07-30 16:57:55 [INFO] __main__: 盯盘上限: 20 只
[16:57:55] [引擎] 2026-07-30 16:57:55 [INFO] __main__: ==================================================
[16:57:55] [引擎] 2026-07-30 16:57:55 [INFO] __main__: 通过飞书发送指令: 盯/停/盯盘列表/清盯盘
[16:58:55] [引擎] 2026-07-30 16:58:55 [INFO] __main__: 收盘退出（15:05），明日由 cron 重新拉起
[16:58:55] [引擎] 2026-07-30 16:58:55 [INFO] __main__: 盯盘循环退出
[16:58:55] [引擎] 2026-07-30 16:58:55 [INFO] __main__: 盯盘引擎已停止
[16:59:04] [引擎] 启动 watchdog...
[16:59:04] [引擎] PID=3207510
[16:59:05] [引擎] 2026-07-30 16:59:05 [INFO] __main__: 加载盯盘状态: 2 只
[16:59:05] [引擎] 2026-07-30 16:59:05 [INFO] __main__: 盯盘循环启动
[16:59:05] [引擎] 2026-07-30 16:59:05 [INFO] __main__: 盯盘引擎已启动
[16:59:05] [引擎] 2026-07-30 16:59:05 [INFO] __main__: ==================================================
[16:59:05] [引擎] 2026-07-30 16:59:05 [INFO] __main__: 盯盘引擎已启动！
[16:59:05] [引擎] 2026-07-30 16:59:05 [INFO] __main__: 状态文件: /root/maneki-agent/plays/watchdog/data/state.json
[16:59:05] [引擎] 2026-07-30 16:59:05 [INFO] __main__: 扫描间隔: 60s
[16:59:05] [引擎] 2026-07-30 16:59:05 [INFO] __main__: 盯盘上限: 20 只
[16:59:05] [引擎] 2026-07-30 16:59:05 [INFO] __main__: ==================================================
[16:59:05] [引擎] 2026-07-30 16:59:05 [INFO] __main__: 通过飞书发送指令: 盯/停/盯盘列表/清盯盘
[17:05:05] [引擎] 2026-07-30 17:05:05 [INFO] __main__: 收盘退出（15:05），明日由 cron 重新拉起
[17:05:05] [引擎] 2026-07-30 17:05:05 [INFO] __main__: 盯盘循环退出
[17:05:05] [引擎] 2026-07-30 17:05:05 [INFO] __main__: 盯盘引擎已停止
[17:05:14] [引擎] 启动 watchdog...
[17:05:14] [引擎] PID=3207526
[17:05:15] [引擎] 2026-07-30 17:05:15 [INFO] __main__: 加载盯盘状态: 2 只
[17:05:15] [引擎] 2026-07-30 17:05:15 [INFO] __main__: 盯盘循环启动
[17:05:15] [引擎] 2026-07-30 17:05:15 [INFO] __main__: 盯盘引擎已启动
[17:05:15] [引擎] 2026-07-30 17:05:15 [INFO] __main__: ==================================================
[17:05:15] [引擎] 2026-07-30 17:05:15 [INFO] __main__: 盯盘引擎已启动！
[17:05:15] [引擎] 2026-07-30 17:05:15 [INFO] __main__: 状态文件: /root/maneki-agent/plays/watchdog/data/state.json
[17:05:15] [引擎] 2026-07-30 17:05:15 [INFO] __main__: 扫描间隔: 60s
[17:05:15] [引擎] 2026-07-30 17:05:15 [INFO] __main__: 盯盘上限: 20 只
[17:05:15] [引擎] 2026-07-30 17:05:15 [INFO] __main__: ==================================================
[17:05:15] [引擎] 2026-07-30 17:05:15 [INFO] __main__: 通过飞书发送指令: 盯/停/盯盘列表/清盯盘
[17:06:15] [引擎] 2026-07-30 17:06:15 [INFO] __main__: 收盘退出（15:05），明日由 cron 重新拉起
[17:06:15] [引擎] 2026-07-30 17:06:15 [INFO] __main__: 盯盘循环退出
[17:06:15] [引擎] 2026-07-30 17:06:15 [INFO] __main__: 盯盘引擎已停止
[17:06:24] [引擎] 启动 watchdog...
[17:06:24] [引擎] PID=3207534
[17:06:25] [引擎] 2026-07-30 17:06:25 [INFO] __main__: 加载盯盘状态: 2 只
[17:06:25] [引擎] 2026-07-30 17:06:25 [INFO] __main__: 盯盘循环启动
[17:06:25] [引擎] 2026-07-30 17:06:25 [INFO] __main__: 盯盘引擎已启动
[17:06:25] [引擎] 2026-07-30 17:06:25 [INFO] __main__: ==================================================
[17:06:25] [引擎] 2026-07-30 17:06:25 [INFO] __main__: 盯盘引擎已启动！
[17:06:25] [引擎] 2026-07-30 17:06:25 [INFO] __main__: 状态文件: /root/maneki-agent/plays/watchdog/data/state.json
[17:06:25] [引擎] 2026-07-30 17:06:25 [INFO] __main__: 扫描间隔: 60s
[17:06:25] [引擎] 2026-07-30 17:06:25 [INFO] __main__: 盯盘上限: 20 只
[17:06:25] [引擎] 2026-07-30 17:06:25 [INFO] __main__: ==================================================
[17:06:25] [引擎] 2026-07-30 17:06:25 [INFO] __main__: 通过飞书发送指令: 盯/停/盯盘列表/清盯盘
[17:07:25] [引擎] 2026-07-30 17:07:25 [INFO] __main__: 收盘退出（15:05），明日由 cron 重新拉起
[17:07:25] [引擎] 2026-07-30 17:07:25 [INFO] __main__: 盯盘循环退出
[17:07:25] [引擎] 2026-07-30 17:07:25 [INFO] __main__: 盯盘引擎已停止
[17:07:34] [引擎] 启动 watchdog...
[17:07:34] [引擎] PID=3207543
[17:07:35] [引擎] 2026-07-30 17:07:35 [INFO] __main__: 加载盯盘状态: 2 只
[17:07:35] [引擎] 2026-07-30 17:07:35 [INFO] __main__: 盯盘循环启动
[17:07:35] [引擎] 2026-07-30 17:07:35 [INFO] __main__: 盯盘引擎已启动
[17:07:35] [引擎] 2026-07-30 17:07:35 [INFO] __main__: ==================================================
[17:07:35] [引擎] 2026-07-30 17:07:35 [INFO] __main__: 盯盘引擎已启动！
[17:07:35] [引擎] 2026-07-30 17:07:35 [INFO] __main__: 状态文件: /root/maneki-agent/plays/watchdog/data/state.json
[17:07:35] [引擎] 2026-07-30 17:07:35 [INFO] __main__: 扫描间隔: 60s
[17:07:35] [引擎] 2026-07-30 17:07:35 [INFO] __main__: 盯盘上限: 20 只
[17:07:35] [引擎] 2026-07-30 17:07:35 [INFO] __main__: ==================================================
[17:07:35] [引擎] 2026-07-30 17:07:35 [INFO] __main__: 通过飞书发送指令: 盯/停/盯盘列表/清盯盘
[17:08:35] [引擎] 2026-07-30 17:08:35 [INFO] __main__: 收盘退出（15:05），明日由 cron 重新拉起
[17:08:35] [引擎] 2026-07-30 17:08:35 [INFO] __main__: 盯盘循环退出
[17:08:35] [引擎] 2026-07-30 17:08:35 [INFO] __main__: 盯盘引擎已停止
[17:08:44] [引擎] 启动 watchdog...
[17:08:44] [引擎] PID=3207552
[17:08:45] [引擎] 2026-07-30 17:08:45 [INFO] __main__: 加载盯盘状态: 2 只
[17:08:45] [引擎] 2026-07-30 17:08:45 [INFO] __main__: 盯盘循环启动
[17:08:45] [引擎] 2026-07-30 17:08:45 [INFO] __main__: 盯盘引擎已启动
[17:08:45] [引擎] 2026-07-30 17:08:45 [INFO] __main__: ==================================================
[17:08:45] [引擎] 2026-07-30 17:08:45 [INFO] __main__: 盯盘引擎已启动！
[17:08:45] [引擎] 2026-07-30 17:08:45 [INFO] __main__: 状态文件: /root/maneki-agent/plays/watchdog/data/state.json
[17:08:45] [引擎] 2026-07-30 17:08:45 [INFO] __main__: 扫描间隔: 60s
[17:08:45] [引擎] 2026-07-30 17:08:45 [INFO] __main__: 盯盘上限: 20 只
[17:08:45] [引擎] 2026-07-30 17:08:45 [INFO] __main__: ==================================================
[17:08:45] [引擎] 2026-07-30 17:08:45 [INFO] __main__: 通过飞书发送指令: 盯/停/盯盘列表/清盯盘
[17:09:45] [引擎] 2026-07-30 17:09:45 [INFO] __main__: 收盘退出（15:05），明日由 cron 重新拉起
[17:09:45] [引擎] 2026-07-30 17:09:45 [INFO] __main__: 盯盘循环退出
[17:09:45] [引擎] 2026-07-30 17:09:45 [INFO] __main__: 盯盘引擎已停止
[17:09:54] [引擎] 启动 watchdog...
[17:09:54] [引擎] PID=3207562
[17:09:55] [引擎] 2026-07-30 17:09:55 [INFO] __main__: 加载盯盘状态: 2 只
[17:09:55] [引擎] 2026-07-30 17:09:55 [INFO] __main__: 盯盘循环启动
[17:09:55] [引擎] 2026-07-30 17:09:55 [INFO] __main__: 盯盘引擎已启动
[17:09:55] [引擎] 2026-07-30 17:09:55 [INFO] __main__: ==================================================
[17:09:55] [引擎] 2026-07-30 17:09:55 [INFO] __main__: 盯盘引擎已启动！
[17:09:55] [引擎] 2026-07-30 17:09:55 [INFO] __main__: 状态文件: /root/maneki-agent/plays/watchdog/data/state.json
[17:09:55] [引擎] 2026-07-30 17:09:55 [INFO] __main__: 扫描间隔: 60s
[17:09:55] [引擎] 2026-07-30 17:09:55 [INFO] __main__: 盯盘上限: 20 只
[17:09:55] [引擎] 2026-07-30 17:09:55 [INFO] __main__: ==================================================
[17:09:55] [引擎] 2026-07-30 17:09:55 [INFO] __main__: 通过飞书发送指令: 盯/停/盯盘列表/清盯盘
[17:10:55] [引擎] 2026-07-30 17:10:55 [INFO] __main__: 收盘退出（15:05），明日由 cron 重新拉起
[17:10:55] [引擎] 2026-07-30 17:10:55 [INFO] __main__: 盯盘循环退出
[17:10:55] [引擎] 2026-07-30 17:10:55 [INFO] __main__: 盯盘引擎已停止
[17:11:04] [引擎] 启动 watchdog...
[17:11:04] [引擎] PID=3207572
[17:11:05] [引擎] 2026-07-30 17:11:05 [INFO] __main__: 加载盯盘状态: 2 只
[17:11:05] [引擎] 2026-07-30 17:11:05 [INFO] __main__: 盯盘循环启动
[17:11:05] [引擎] 2026-07-30 17:11:05 [INFO] __main__: 盯盘引擎已启动
[17:11:05] [引擎] 2026-07-30 17:11:05 [INFO] __main__: ==================================================
[17:11:05] [引擎] 2026-07-30 17:11:05 [INFO] __main__: 盯盘引擎已启动！
[17:11:05] [引擎] 2026-07-30 17:11:05 [INFO] __main__: 状态文件: /root/maneki-agent/plays/watchdog/data/state.json
[17:11:05] [引擎] 2026-07-30 17:11:05 [INFO] __main__: 扫描间隔: 60s
[17:11:05] [引擎] 2026-07-30 17:11:05 [INFO] __main__: 盯盘上限: 20 只
[17:11:05] [引擎] 2026-07-30 17:11:05 [INFO] __main__: ==================================================
[17:11:05] [引擎] 2026-07-30 17:11:05 [INFO] __main__: 通过飞书发送指令: 盯/停/盯盘列表/清盯盘
[17:12:05] [引擎] 2026-07-30 17:12:05 [INFO] __main__: 收盘退出（15:05），明日由 cron 重新拉起
[17:12:05] [引擎] 2026-07-30 17:12:05 [INFO] __main__: 盯盘循环退出
[17:12:05] [引擎] 2026-07-30 17:12:05 [INFO] __main__: 盯盘引擎已停止
[17:12:14] [引擎] 启动 watchdog...
[17:12:14] [引擎] PID=3207581
[17:12:15] [引擎] 2026-07-30 17:12:15 [INFO] __main__: 加载盯盘状态: 2 只
[17:12:15] [引擎] 2026-07-30 17:12:15 [INFO] __main__: 盯盘循环启动
[17:12:15] [引擎] 2026-07-30 17:12:15 [INFO] __main__: 盯盘引擎已启动
[17:12:15] [引擎] 2026-07-30 17:12:15 [INFO] __main__: ==================================================
[17:12:15] [引擎] 2026-07-30 17:12:15 [INFO] __main__: 盯盘引擎已启动！
[17:12:15] [引擎] 2026-07-30 17:12:15 [INFO] __main__: 状态文件: /root/maneki-agent/plays/watchdog/data/state.json
[17:12:15] [引擎] 2026-07-30 17:12:15 [INFO] __main__: 扫描间隔: 60s
[17:12:15] [引擎] 2026-07-30 17:12:15 [INFO] __main__: 盯盘上限: 20 只
[17:12:15] [引擎] 2026-07-30 17:12:15 [INFO] __main__: ==================================================
[17:12:15] [引擎] 2026-07-30 17:12:15 [INFO] __main__: 通过飞书发送指令: 盯/停/盯盘列表/清盯盘
[17:13:15] [引擎] 2026-07-30 17:13:15 [INFO] __main__: 收盘退出（15:05），明日由 cron 重新拉起
[17:13:15] [引擎] 2026-07-30 17:13:15 [INFO] __main__: 盯盘循环退出
[17:13:15] [引擎] 2026-07-30 17:13:15 [INFO] __main__: 盯盘引擎已停止
[17:13:24] [引擎] 启动 watchdog...
[17:13:24] [引擎] PID=3207590
[17:13:25] [引擎] 2026-07-30 17:13:25 [INFO] __main__: 加载盯盘状态: 2 只
[17:13:25] [引擎] 2026-07-30 17:13:25 [INFO] __main__: 盯盘循环启动
[17:13:25] [引擎] 2026-07-30 17:13:25 [INFO] __main__: 盯盘引擎已启动
[17:13:25] [引擎] 2026-07-30 17:13:25 [INFO] __main__: ==================================================
[17:13:25] [引擎] 2026-07-30 17:13:25 [INFO] __main__: 盯盘引擎已启动！
[17:13:25] [引擎] 2026-07-30 17:13:25 [INFO] __main__: 状态文件: /root/maneki-agent/plays/watchdog/data/state.json
[17:13:25] [引擎] 2026-07-30 17:13:25 [INFO] __main__: 扫描间隔: 60s
[17:13:25] [引擎] 2026-07-30 17:13:25 [INFO] __main__: 盯盘上限: 20 只
[17:13:25] [引擎] 2026-07-30 17:13:25 [INFO] __main__: ==================================================
[17:13:25] [引擎] 2026-07-30 17:13:25 [INFO] __main__: 通过飞书发送指令: 盯/停/盯盘列表/清盯盘
[17:14:25] [引擎] 2026-07-30 17:14:25 [INFO] __main__: 收盘退出（15:05），明日由 cron 重新拉起
[17:14:25] [引擎] 2026-07-30 17:14:25 [INFO] __main__: 盯盘循环退出
[17:14:25] [引擎] 2026-07-30 17:14:25 [INFO] __main__: 盯盘引擎已停止
[17:14:34] [引擎] 启动 watchdog...
[17:14:34] [引擎] PID=3207598
[17:14:35] [引擎] 2026-07-30 17:14:35 [INFO] __main__: 加载盯盘状态: 2 只
[17:14:35] [引擎] 2026-07-30 17:14:35 [INFO] __main__: 盯盘循环启动
[17:14:35] [引擎] 2026-07-30 17:14:35 [INFO] __main__: 盯盘引擎已启动
[17:14:35] [引擎] 2026-07-30 17:14:35 [INFO] __main__: ==================================================
[17:14:35] [引擎] 2026-07-30 17:14:35 [INFO] __main__: 盯盘引擎已启动！
[17:14:35] [引擎] 2026-07-30 17:14:35 [INFO] __main__: 状态文件: /root/maneki-agent/plays/watchdog/data/state.json
[17:14:35] [引擎] 2026-07-30 17:14:35 [INFO] __main__: 扫描间隔: 60s
[17:14:35] [引擎] 2026-07-30 17:14:35 [INFO] __main__: 盯盘上限: 20 只
[17:14:35] [引擎] 2026-07-30 17:14:35 [INFO] __main__: ==================================================
[17:14:35] [引擎] 2026-07-30 17:14:35 [INFO] __main__: 通过飞书发送指令: 盯/停/盯盘列表/清盯盘
[17:15:35] [引擎] 2026-07-30 17:15:35 [INFO] __main__: 收盘退出（15:05），明日由 cron 重新拉起
[17:15:35] [引擎] 2026-07-30 17:15:35 [INFO] __main__: 盯盘循环退出
[17:15:35] [引擎] 2026-07-30 17:15:35 [INFO] __main__: 盯盘引擎已停止
[17:15:44] [引擎] 启动 watchdog...
[17:15:44] [引擎] PID=3207610
[17:15:45] [引擎] 2026-07-30 17:15:45 [INFO] __main__: 加载盯盘状态: 2 只
[17:15:45] [引擎] 2026-07-30 17:15:45 [INFO] __main__: 盯盘循环启动
[17:15:45] [引擎] 2026-07-30 17:15:45 [INFO] __main__: 盯盘引擎已启动
[17:15:45] [引擎] 2026-07-30 17:15:45 [INFO] __main__: ==================================================
[17:15:45] [引擎] 2026-07-30 17:15:45 [INFO] __main__: 盯盘引擎已启动！
[17:15:45] [引擎] 2026-07-30 17:15:45 [INFO] __main__: 状态文件: /root/maneki-agent/plays/watchdog/data/state.json
[17:15:45] [引擎] 2026-07-30 17:15:45 [INFO] __main__: 扫描间隔: 60s
[17:15:45] [引擎] 2026-07-30 17:15:45 [INFO] __main__: 盯盘上限: 20 只
[17:15:45] [引擎] 2026-07-30 17:15:45 [INFO] __main__: ==================================================
[17:15:45] [引擎] 2026-07-30 17:15:45 [INFO] __main__: 通过飞书发送指令: 盯/停/盯盘列表/清盯盘
[17:16:45] [引擎] 2026-07-30 17:16:45 [INFO] __main__: 收盘退出（15:05），明日由 cron 重新拉起
[17:16:45] [引擎] 2026-07-30 17:16:45 [INFO] __main__: 盯盘循环退出
[17:16:45] [引擎] 2026-07-30 17:16:45 [INFO] __main__: 盯盘引擎已停止
[17:16:54] [引擎] 启动 watchdog...
[17:16:54] [引擎] PID=3207619
[17:16:55] [引擎] 2026-07-30 17:16:55 [INFO] __main__: 加载盯盘状态: 2 只
[17:16:55] [引擎] 2026-07-30 17:16:55 [INFO] __main__: 盯盘循环启动
[17:16:55] [引擎] 2026-07-30 17:16:55 [INFO] __main__: 盯盘引擎已启动
[17:16:55] [引擎] 2026-07-30 17:16:55 [INFO] __main__: ==================================================
[17:16:55] [引擎] 2026-07-30 17:16:55 [INFO] __main__: 盯盘引擎已启动！
[17:16:55] [引擎] 2026-07-30 17:16:55 [INFO] __main__: 状态文件: /root/maneki-agent/plays/watchdog/data/state.json
[17:16:55] [引擎] 2026-07-30 17:16:55 [INFO] __main__: 扫描间隔: 60s
[17:16:55] [引擎] 2026-07-30 17:16:55 [INFO] __main__: 盯盘上限: 20 只
[17:16:55] [引擎] 2026-07-30 17:16:55 [INFO] __main__: ==================================================
[17:16:55] [引擎] 2026-07-30 17:16:55 [INFO] __main__: 通过飞书发送指令: 盯/停/盯盘列表/清盯盘
[17:17:55] [引擎] 2026-07-30 17:17:55 [INFO] __main__: 收盘退出（15:05），明日由 cron 重新拉起
[17:17:55] [引擎] 2026-07-30 17:17:55 [INFO] __main__: 盯盘循环退出
[17:17:55] [引擎] 2026-07-30 17:17:55 [INFO] __main__: 盯盘引擎已停止
[17:18:04] [引擎] 启动 watchdog...
[17:18:04] [引擎] PID=3207628
[17:18:05] [引擎] 2026-07-30 17:18:05 [INFO] __main__: 加载盯盘状态: 2 只
[17:18:05] [引擎] 2026-07-30 17:18:05 [INFO] __main__: 盯盘循环启动
[17:18:05] [引擎] 2026-07-30 17:18:05 [INFO] __main__: 盯盘引擎已启动
[17:18:05] [引擎] 2026-07-30 17:18:05 [INFO] __main__: ==================================================
[17:18:05] [引擎] 2026-07-30 17:18:05 [INFO] __main__: 盯盘引擎已启动！
[17:18:05] [引擎] 2026-07-30 17:18:05 [INFO] __main__: 状态文件: /root/maneki-agent/plays/watchdog/data/state.json
[17:18:05] [引擎] 2026-07-30 17:18:05 [INFO] __main__: 扫描间隔: 60s
[17:18:05] [引擎] 2026-07-30 17:18:05 [INFO] __main__: 盯盘上限: 20 只
[17:18:05] [引擎] 2026-07-30 17:18:05 [INFO] __main__: ==================================================
[17:18:05] [引擎] 2026-07-30 17:18:05 [INFO] __main__: 通过飞书发送指令: 盯/停/盯盘列表/清盯盘
[17:19:05] [引擎] 2026-07-30 17:19:05 [INFO] __main__: 收盘退出（15:05），明日由 cron 重新拉起
[17:19:05] [引擎] 2026-07-30 17:19:05 [INFO] __main__: 盯盘循环退出
[17:19:05] [引擎] 2026-07-30 17:19:05 [INFO] __main__: 盯盘引擎已停止
[17:19:14] [引擎] 启动 watchdog...
[17:19:14] [引擎] PID=3207639
[17:19:15] [引擎] 2026-07-30 17:19:15 [INFO] __main__: 加载盯盘状态: 2 只
[17:19:15] [引擎] 2026-07-30 17:19:15 [INFO] __main__: 盯盘循环启动
[17:19:15] [引擎] 2026-07-30 17:19:15 [INFO] __main__: 盯盘引擎已启动
[17:19:15] [引擎] 2026-07-30 17:19:15 [INFO] __main__: ==================================================
[17:19:15] [引擎] 2026-07-30 17:19:15 [INFO] __main__: 盯盘引擎已启动！
[17:19:15] [引擎] 2026-07-30 17:19:15 [INFO] __main__: 状态文件: /root/maneki-agent/plays/watchdog/data/state.json
[17:19:15] [引擎] 2026-07-30 17:19:15 [INFO] __main__: 扫描间隔: 60s
[17:19:15] [引擎] 2026-07-30 17:19:15 [INFO] __main__: 盯盘上限: 20 只
[17:19:15] [引擎] 2026-07-30 17:19:15 [INFO] __main__: ==================================================
[17:19:15] [引擎] 2026-07-30 17:19:15 [INFO] __main__: 通过飞书发送指令: 盯/停/盯盘列表/清盯盘
[17:20:15] [引擎] 2026-07-30 17:20:15 [INFO] __main__: 收盘退出（15:05），明日由 cron 重新拉起
[17:20:15] [引擎] 2026-07-30 17:20:15 [INFO] __main__: 盯盘循环退出
[17:20:15] [引擎] 2026-07-30 17:20:15 [INFO] __main__: 盯盘引擎已停止
[17:20:24] [引擎] 启动 watchdog...
[17:20:24] [引擎] PID=3207648
[17:20:25] [引擎] 2026-07-30 17:20:25 [INFO] __main__: 加载盯盘状态: 2 只
[17:20:25] [引擎] 2026-07-30 17:20:25 [INFO] __main__: 盯盘循环启动
[17:20:25] [引擎] 2026-07-30 17:20:25 [INFO] __main__: 盯盘引擎已启动
[17:20:25] [引擎] 2026-07-30 17:20:25 [INFO] __main__: ==================================================
[17:20:25] [引擎] 2026-07-30 17:20:25 [INFO] __main__: 盯盘引擎已启动！
[17:20:25] [引擎] 2026-07-30 17:20:25 [INFO] __main__: 状态文件: /root/maneki-agent/plays/watchdog/data/state.json
[17:20:25] [引擎] 2026-07-30 17:20:25 [INFO] __main__: 扫描间隔: 60s
[17:20:25] [引擎] 2026-07-30 17:20:25 [INFO] __main__: 盯盘上限: 20 只
[17:20:25] [引擎] 2026-07-30 17:20:25 [INFO] __main__: ==================================================
[17:20:25] [引擎] 2026-07-30 17:20:25 [INFO] __main__: 通过飞书发送指令: 盯/停/盯盘列表/清盯盘
[17:21:25] [引擎] 2026-07-30 17:21:25 [INFO] __main__: 收盘退出（15:05），明日由 cron 重新拉起
[17:21:25] [引擎] 2026-07-30 17:21:25 [INFO] __main__: 盯盘循环退出
[17:21:25] [引擎] 2026-07-30 17:21:25 [INFO] __main__: 盯盘引擎已停止
[17:21:34] [引擎] 启动 watchdog...
[17:21:34] [引擎] PID=3207659
[17:21:35] [引擎] 2026-07-30 17:21:35 [INFO] __main__: 加载盯盘状态: 2 只
[17:21:35] [引擎] 2026-07-30 17:21:35 [INFO] __main__: 盯盘循环启动
[17:21:35] [引擎] 2026-07-30 17:21:35 [INFO] __main__: 盯盘引擎已启动
[17:21:35] [引擎] 2026-07-30 17:21:35 [INFO] __main__: ==================================================
[17:21:35] [引擎] 2026-07-30 17:21:35 [INFO] __main__: 盯盘引擎已启动！
[17:21:35] [引擎] 2026-07-30 17:21:35 [INFO] __main__: 状态文件: /root/maneki-agent/plays/watchdog/data/state.json
[17:21:35] [引擎] 2026-07-30 17:21:35 [INFO] __main__: 扫描间隔: 60s
[17:21:35] [引擎] 2026-07-30 17:21:35 [INFO] __main__: 盯盘上限: 20 只
[17:21:35] [引擎] 2026-07-30 17:21:35 [INFO] __main__: ==================================================
[17:21:35] [引擎] 2026-07-30 17:21:35 [INFO] __main__: 通过飞书发送指令: 盯/停/盯盘列表/清盯盘
[17:22:35] [引擎] 2026-07-30 17:22:35 [INFO] __main__: 收盘退出（15:05），明日由 cron 重新拉起
[17:22:35] [引擎] 2026-07-30 17:22:35 [INFO] __main__: 盯盘循环退出
[17:22:35] [引擎] 2026-07-30 17:22:35 [INFO] __main__: 盯盘引擎已停止
[17:22:44] [引擎] 启动 watchdog...
[17:22:44] [引擎] PID=3207668
[17:22:45] [引擎] 2026-07-30 17:22:45 [INFO] __main__: 加载盯盘状态: 2 只
[17:22:45] [引擎] 2026-07-30 17:22:45 [INFO] __main__: 盯盘循环启动
[17:22:45] [引擎] 2026-07-30 17:22:45 [INFO] __main__: 盯盘引擎已启动
[17:22:45] [引擎] 2026-07-30 17:22:45 [INFO] __main__: ==================================================
[17:22:45] [引擎] 2026-07-30 17:22:45 [INFO] __main__: 盯盘引擎已启动！
[17:22:45] [引擎] 2026-07-30 17:22:45 [INFO] __main__: 状态文件: /root/maneki-agent/plays/watchdog/data/state.json
[17:22:45] [引擎] 2026-07-30 17:22:45 [INFO] __main__: 扫描间隔: 60s
[17:22:45] [引擎] 2026-07-30 17:22:45 [INFO] __main__: 盯盘上限: 20 只
[17:22:45] [引擎] 2026-07-30 17:22:45 [INFO] __main__: ==================================================
[17:22:45] [引擎] 2026-07-30 17:22:45 [INFO] __main__: 通过飞书发送指令: 盯/停/盯盘列表/清盯盘
[17:23:45] [引擎] 2026-07-30 17:23:45 [INFO] __main__: 收盘退出（15:05），明日由 cron 重新拉起
[17:23:45] [引擎] 2026-07-30 17:23:45 [INFO] __main__: 盯盘循环退出
[17:23:45] [引擎] 2026-07-30 17:23:45 [INFO] __main__: 盯盘引擎已停止
[17:23:54] [引擎] 启动 watchdog...
[17:23:54] [引擎] PID=3207676
[17:23:55] [引擎] 2026-07-30 17:23:55 [INFO] __main__: 加载盯盘状态: 2 只
[17:23:55] [引擎] 2026-07-30 17:23:55 [INFO] __main__: 盯盘循环启动
[17:23:55] [引擎] 2026-07-30 17:23:55 [INFO] __main__: 盯盘引擎已启动
[17:23:55] [引擎] 2026-07-30 17:23:55 [INFO] __main__: ==================================================
[17:23:55] [引擎] 2026-07-30 17:23:55 [INFO] __main__: 盯盘引擎已启动！
[17:23:55] [引擎] 2026-07-30 17:23:55 [INFO] __main__: 状态文件: /root/maneki-agent/plays/watchdog/data/state.json
[17:23:55] [引擎] 2026-07-30 17:23:55 [INFO] __main__: 扫描间隔: 60s
[17:23:55] [引擎] 2026-07-30 17:23:55 [INFO] __main__: 盯盘上限: 20 只
[17:23:55] [引擎] 2026-07-30 17:23:55 [INFO] __main__: ==================================================
[17:23:55] [引擎] 2026-07-30 17:23:55 [INFO] __main__: 通过飞书发送指令: 盯/停/盯盘列表/清盯盘
[17:24:55] [引擎] 2026-07-30 17:24:55 [INFO] __main__: 收盘退出（15:05），明日由 cron 重新拉起
[17:24:55] [引擎] 2026-07-30 17:24:55 [INFO] __main__: 盯盘循环退出
[17:24:55] [引擎] 2026-07-30 17:24:55 [INFO] __main__: 盯盘引擎已停止
[17:25:04] [引擎] 启动 watchdog...
[17:25:04] [引擎] PID=3207688
[17:25:05] [引擎] 2026-07-30 17:25:05 [INFO] __main__: 加载盯盘状态: 2 只
[17:25:05] [引擎] 2026-07-30 17:25:05 [INFO] __main__: 盯盘循环启动
[17:25:05] [引擎] 2026-07-30 17:25:05 [INFO] __main__: 盯盘引擎已启动
[17:25:05] [引擎] 2026-07-30 17:25:05 [INFO] __main__: ==================================================
[17:25:05] [引擎] 2026-07-30 17:25:05 [INFO] __main__: 盯盘引擎已启动！
[17:25:05] [引擎] 2026-07-30 17:25:05 [INFO] __main__: 状态文件: /root/maneki-agent/plays/watchdog/data/state.json
[17:25:05] [引擎] 2026-07-30 17:25:05 [INFO] __main__: 扫描间隔: 60s
[17:25:05] [引擎] 2026-07-30 17:25:05 [INFO] __main__: 盯盘上限: 20 只
[17:25:05] [引擎] 2026-07-30 17:25:05 [INFO] __main__: ==================================================
[17:25:05] [引擎] 2026-07-30 17:25:05 [INFO] __main__: 通过飞书发送指令: 盯/停/盯盘列表/清盯盘
[17:26:05] [引擎] 2026-07-30 17:26:05 [INFO] __main__: 收盘退出（15:05），明日由 cron 重新拉起
[17:26:05] [引擎] 2026-07-30 17:26:05 [INFO] __main__: 盯盘循环退出
[17:26:05] [引擎] 2026-07-30 17:26:05 [INFO] __main__: 盯盘引擎已停止
[17:26:14] [引擎] 启动 watchdog...
[17:26:14] [引擎] PID=3207697
[17:26:15] [引擎] 2026-07-30 17:26:15 [INFO] __main__: 加载盯盘状态: 2 只
[17:26:15] [引擎] 2026-07-30 17:26:15 [INFO] __main__: 盯盘循环启动
[17:26:15] [引擎] 2026-07-30 17:26:15 [INFO] __main__: 盯盘引擎已启动
[17:26:15] [引擎] 2026-07-30 17:26:15 [INFO] __main__: ==================================================
[17:26:15] [引擎] 2026-07-30 17:26:15 [INFO] __main__: 盯盘引擎已启动！
[17:26:15] [引擎] 2026-07-30 17:26:15 [INFO] __main__: 状态文件: /root/maneki-agent/plays/watchdog/data/state.json
[17:26:15] [引擎] 2026-07-30 17:26:15 [INFO] __main__: 扫描间隔: 60s
[17:26:15] [引擎] 2026-07-30 17:26:15 [INFO] __main__: 盯盘上限: 20 只
[17:26:15] [引擎] 2026-07-30 17:26:15 [INFO] __main__: ==================================================
[17:26:15] [引擎] 2026-07-30 17:26:15 [INFO] __main__: 通过飞书发送指令: 盯/停/盯盘列表/清盯盘
[17:27:15] [引擎] 2026-07-30 17:27:15 [INFO] __main__: 收盘退出（15:05），明日由 cron 重新拉起
[17:27:15] [引擎] 2026-07-30 17:27:15 [INFO] __main__: 盯盘循环退出
[17:27:15] [引擎] 2026-07-30 17:27:15 [INFO] __main__: 盯盘引擎已停止
[17:27:24] [引擎] 启动 watchdog...
[17:27:24] [引擎] PID=3207707
[17:27:25] [引擎] 2026-07-30 17:27:25 [INFO] __main__: 加载盯盘状态: 2 只
[17:27:25] [引擎] 2026-07-30 17:27:25 [INFO] __main__: 盯盘循环启动
[17:27:25] [引擎] 2026-07-30 17:27:25 [INFO] __main__: 盯盘引擎已启动
[17:27:25] [引擎] 2026-07-30 17:27:25 [INFO] __main__: ==================================================
[17:27:25] [引擎] 2026-07-30 17:27:25 [INFO] __main__: 盯盘引擎已启动！
[17:27:25] [引擎] 2026-07-30 17:27:25 [INFO] __main__: 状态文件: /root/maneki-agent/plays/watchdog/data/state.json
[17:27:25] [引擎] 2026-07-30 17:27:25 [INFO] __main__: 扫描间隔: 60s
[17:27:25] [引擎] 2026-07-30 17:27:25 [INFO] __main__: 盯盘上限: 20 只
[17:27:25] [引擎] 2026-07-30 17:27:25 [INFO] __main__: ==================================================
[17:27:25] [引擎] 2026-07-30 17:27:25 [INFO] __main__: 通过飞书发送指令: 盯/停/盯盘列表/清盯盘
[17:28:25] [引擎] 2026-07-30 17:28:25 [INFO] __main__: 收盘退出（15:05），明日由 cron 重新拉起
[17:28:25] [引擎] 2026-07-30 17:28:25 [INFO] __main__: 盯盘循环退出
[17:28:25] [引擎] 2026-07-30 17:28:25 [INFO] __main__: 盯盘引擎已停止
[17:28:34] [引擎] 启动 watchdog...
[17:28:34] [引擎] PID=3207716
[17:28:35] [引擎] 2026-07-30 17:28:35 [INFO] __main__: 加载盯盘状态: 2 只
[17:28:35] [引擎] 2026-07-30 17:28:35 [INFO] __main__: 盯盘循环启动
[17:28:35] [引擎] 2026-07-30 17:28:35 [INFO] __main__: 盯盘引擎已启动
[17:28:35] [引擎] 2026-07-30 17:28:35 [INFO] __main__: ==================================================
[17:28:35] [引擎] 2026-07-30 17:28:35 [INFO] __main__: 盯盘引擎已启动！
[17:28:35] [引擎] 2026-07-30 17:28:35 [INFO] __main__: 状态文件: /root/maneki-agent/plays/watchdog/data/state.json
[17:28:35] [引擎] 2026-07-30 17:28:35 [INFO] __main__: 扫描间隔: 60s
[17:28:35] [引擎] 2026-07-30 17:28:35 [INFO] __main__: 盯盘上限: 20 只
[17:28:35] [引擎] 2026-07-30 17:28:35 [INFO] __main__: ==================================================
[17:28:35] [引擎] 2026-07-30 17:28:35 [INFO] __main__: 通过飞书发送指令: 盯/停/盯盘列表/清盯盘
[17:29:35] [引擎] 2026-07-30 17:29:35 [INFO] __main__: 收盘退出（15:05），明日由 cron 重新拉起
[17:29:35] [引擎] 2026-07-30 17:29:35 [INFO] __main__: 盯盘循环退出
[17:29:35] [引擎] 2026-07-30 17:29:35 [INFO] __main__: 盯盘引擎已停止
[17:29:44] [引擎] 启动 watchdog...
[17:29:44] [引擎] PID=3207725
[17:29:45] [引擎] 2026-07-30 17:29:45 [INFO] __main__: 加载盯盘状态: 2 只
[17:29:45] [引擎] 2026-07-30 17:29:45 [INFO] __main__: 盯盘循环启动
[17:29:45] [引擎] 2026-07-30 17:29:45 [INFO] __main__: 盯盘引擎已启动
[17:29:45] [引擎] 2026-07-30 17:29:45 [INFO] __main__: ==================================================
[17:29:45] [引擎] 2026-07-30 17:29:45 [INFO] __main__: 盯盘引擎已启动！
[17:29:45] [引擎] 2026-07-30 17:29:45 [INFO] __main__: 状态文件: /root/maneki-agent/plays/watchdog/data/state.json
[17:29:45] [引擎] 2026-07-30 17:29:45 [INFO] __main__: 扫描间隔: 60s
[17:29:45] [引擎] 2026-07-30 17:29:45 [INFO] __main__: 盯盘上限: 20 只
[17:29:45] [引擎] 2026-07-30 17:29:45 [INFO] __main__: ==================================================
[17:29:45] [引擎] 2026-07-30 17:29:45 [INFO] __main__: 通过飞书发送指令: 盯/停/盯盘列表/清盯盘
[17:30:45] [引擎] 2026-07-30 17:30:45 [INFO] __main__: 收盘退出（15:05），明日由 cron 重新拉起
[17:30:45] [引擎] 2026-07-30 17:30:45 [INFO] __main__: 盯盘循环退出
[17:30:45] [引擎] 2026-07-30 17:30:45 [INFO] __main__: 盯盘引擎已停止
[17:30:54] [引擎] 启动 watchdog...
[17:30:54] [引擎] PID=3207734
[17:30:55] [引擎] 2026-07-30 17:30:55 [INFO] __main__: 加载盯盘状态: 2 只
[17:30:55] [引擎] 2026-07-30 17:30:55 [INFO] __main__: 盯盘循环启动
[17:30:55] [引擎] 2026-07-30 17:30:55 [INFO] __main__: 盯盘引擎已启动
[17:30:55] [引擎] 2026-07-30 17:30:55 [INFO] __main__: ==================================================
[17:30:55] [引擎] 2026-07-30 17:30:55 [INFO] __main__: 盯盘引擎已启动！
[17:30:55] [引擎] 2026-07-30 17:30:55 [INFO] __main__: 状态文件: /root/maneki-agent/plays/watchdog/data/state.json
[17:30:55] [引擎] 2026-07-30 17:30:55 [INFO] __main__: 扫描间隔: 60s
[17:30:55] [引擎] 2026-07-30 17:30:55 [INFO] __main__: 盯盘上限: 20 只
[17:30:55] [引擎] 2026-07-30 17:30:55 [INFO] __main__: ==================================================
[17:30:55] [引擎] 2026-07-30 17:30:55 [INFO] __main__: 通过飞书发送指令: 盯/停/盯盘列表/清盯盘
[17:31:55] [引擎] 2026-07-30 17:31:55 [INFO] __main__: 收盘退出（15:05），明日由 cron 重新拉起
[17:31:55] [引擎] 2026-07-30 17:31:55 [INFO] __main__: 盯盘循环退出
[17:31:55] [引擎] 2026-07-30 17:31:55 [INFO] __main__: 盯盘引擎已停止
[17:32:04] [引擎] 启动 watchdog...
[17:32:04] [引擎] PID=3207743
[17:32:06] [引擎] 2026-07-30 17:32:06 [INFO] __main__: 加载盯盘状态: 2 只
[17:32:06] [引擎] 2026-07-30 17:32:06 [INFO] __main__: 盯盘循环启动
[17:32:06] [引擎] 2026-07-30 17:32:06 [INFO] __main__: 盯盘引擎已启动
[17:32:06] [引擎] 2026-07-30 17:32:06 [INFO] __main__: ==================================================
[17:32:06] [引擎] 2026-07-30 17:32:06 [INFO] __main__: 盯盘引擎已启动！
[17:32:06] [引擎] 2026-07-30 17:32:06 [INFO] __main__: 状态文件: /root/maneki-agent/plays/watchdog/data/state.json
[17:32:06] [引擎] 2026-07-30 17:32:06 [INFO] __main__: 扫描间隔: 60s
[17:32:06] [引擎] 2026-07-30 17:32:06 [INFO] __main__: 盯盘上限: 20 只
[17:32:06] [引擎] 2026-07-30 17:32:06 [INFO] __main__: ==================================================
[17:32:06] [引擎] 2026-07-30 17:32:06 [INFO] __main__: 通过飞书发送指令: 盯/停/盯盘列表/清盯盘
[17:33:06] [引擎] 2026-07-30 17:33:06 [INFO] __main__: 收盘退出（15:05），明日由 cron 重新拉起
[17:33:06] [引擎] 2026-07-30 17:33:06 [INFO] __main__: 盯盘循环退出
[17:33:06] [引擎] 2026-07-30 17:33:06 [INFO] __main__: 盯盘引擎已停止
[17:33:14] [引擎] 启动 watchdog...
[17:33:14] [引擎] PID=3207752
[17:33:15] [引擎] 2026-07-30 17:33:15 [INFO] __main__: 加载盯盘状态: 2 只
[17:33:15] [引擎] 2026-07-30 17:33:15 [INFO] __main__: 盯盘循环启动
[17:33:15] [引擎] 2026-07-30 17:33:15 [INFO] __main__: 盯盘引擎已启动
[17:33:15] [引擎] 2026-07-30 17:33:15 [INFO] __main__: ==================================================
[17:33:15] [引擎] 2026-07-30 17:33:15 [INFO] __main__: 盯盘引擎已启动！
[17:33:15] [引擎] 2026-07-30 17:33:15 [INFO] __main__: 状态文件: /root/maneki-agent/plays/watchdog/data/state.json
[17:33:15] [引擎] 2026-07-30 17:33:15 [INFO] __main__: 扫描间隔: 60s
[17:33:15] [引擎] 2026-07-30 17:33:15 [INFO] __main__: 盯盘上限: 20 只
[17:33:15] [引擎] 2026-07-30 17:33:15 [INFO] __main__: ==================================================
[17:33:15] [引擎] 2026-07-30 17:33:15 [INFO] __main__: 通过飞书发送指令: 盯/停/盯盘列表/清盯盘
[17:34:15] [引擎] 2026-07-30 17:34:15 [INFO] __main__: 收盘退出（15:05），明日由 cron 重新拉起
[17:34:15] [引擎] 2026-07-30 17:34:15 [INFO] __main__: 盯盘循环退出
[17:34:15] [引擎] 2026-07-30 17:34:15 [INFO] __main__: 盯盘引擎已停止
[17:34:24] [引擎] 启动 watchdog...
[17:34:24] [引擎] PID=3207762
[17:34:25] [引擎] 2026-07-30 17:34:25 [INFO] __main__: 加载盯盘状态: 2 只
[17:34:25] [引擎] 2026-07-30 17:34:25 [INFO] __main__: 盯盘循环启动
[17:34:25] [引擎] 2026-07-30 17:34:25 [INFO] __main__: 盯盘引擎已启动
[17:34:25] [引擎] 2026-07-30 17:34:25 [INFO] __main__: ==================================================
[17:34:25] [引擎] 2026-07-30 17:34:25 [INFO] __main__: 盯盘引擎已启动！
[17:34:25] [引擎] 2026-07-30 17:34:25 [INFO] __main__: 状态文件: /root/maneki-agent/plays/watchdog/data/state.json
[17:34:25] [引擎] 2026-07-30 17:34:25 [INFO] __main__: 扫描间隔: 60s
[17:34:25] [引擎] 2026-07-30 17:34:25 [INFO] __main__: 盯盘上限: 20 只
[17:34:25] [引擎] 2026-07-30 17:34:25 [INFO] __main__: ==================================================
[17:34:25] [引擎] 2026-07-30 17:34:25 [INFO] __main__: 通过飞书发送指令: 盯/停/盯盘列表/清盯盘
[17:35:25] [引擎] 2026-07-30 17:35:25 [INFO] __main__: 收盘退出（15:05），明日由 cron 重新拉起
[17:35:25] [引擎] 2026-07-30 17:35:25 [INFO] __main__: 盯盘循环退出
[17:35:25] [引擎] 2026-07-30 17:35:25 [INFO] __main__: 盯盘引擎已停止
[17:35:34] [引擎] 启动 watchdog...
[17:35:34] [引擎] PID=3207773
[17:35:35] [引擎] 2026-07-30 17:35:35 [INFO] __main__: 加载盯盘状态: 2 只
[17:35:35] [引擎] 2026-07-30 17:35:35 [INFO] __main__: 盯盘循环启动
[17:35:35] [引擎] 2026-07-30 17:35:35 [INFO] __main__: 盯盘引擎已启动
[17:35:35] [引擎] 2026-07-30 17:35:35 [INFO] __main__: ==================================================
[17:35:35] [引擎] 2026-07-30 17:35:35 [INFO] __main__: 盯盘引擎已启动！
[17:35:35] [引擎] 2026-07-30 17:35:35 [INFO] __main__: 状态文件: /root/maneki-agent/plays/watchdog/data/state.json
[17:35:35] [引擎] 2026-07-30 17:35:35 [INFO] __main__: 扫描间隔: 60s
[17:35:35] [引擎] 2026-07-30 17:35:35 [INFO] __main__: 盯盘上限: 20 只
[17:35:35] [引擎] 2026-07-30 17:35:35 [INFO] __main__: ==================================================
[17:35:35] [引擎] 2026-07-30 17:35:35 [INFO] __main__: 通过飞书发送指令: 盯/停/盯盘列表/清盯盘
[17:36:35] [引擎] 2026-07-30 17:36:35 [INFO] __main__: 收盘退出（15:05），明日由 cron 重新拉起
[17:36:35] [引擎] 2026-07-30 17:36:35 [INFO] __main__: 盯盘循环退出
[17:36:35] [引擎] 2026-07-30 17:36:35 [INFO] __main__: 盯盘引擎已停止
[17:36:44] [引擎] 启动 watchdog...
[17:36:44] [引擎] PID=3207782
[17:36:45] [引擎] 2026-07-30 17:36:45 [INFO] __main__: 加载盯盘状态: 2 只
[17:36:45] [引擎] 2026-07-30 17:36:45 [INFO] __main__: 盯盘循环启动
[17:36:45] [引擎] 2026-07-30 17:36:45 [INFO] __main__: 盯盘引擎已启动
[17:36:45] [引擎] 2026-07-30 17:36:45 [INFO] __main__: ==================================================
[17:36:45] [引擎] 2026-07-30 17:36:45 [INFO] __main__: 盯盘引擎已启动！
[17:36:45] [引擎] 2026-07-30 17:36:45 [INFO] __main__: 状态文件: /root/maneki-agent/plays/watchdog/data/state.json
[17:36:45] [引擎] 2026-07-30 17:36:45 [INFO] __main__: 扫描间隔: 60s
[17:36:45] [引擎] 2026-07-30 17:36:45 [INFO] __main__: 盯盘上限: 20 只
[17:36:45] [引擎] 2026-07-30 17:36:45 [INFO] __main__: ==================================================
[17:36:45] [引擎] 2026-07-30 17:36:45 [INFO] __main__: 通过飞书发送指令: 盯/停/盯盘列表/清盯盘
[17:37:45] [引擎] 2026-07-30 17:37:45 [INFO] __main__: 收盘退出（15:05），明日由 cron 重新拉起
[17:37:45] [引擎] 2026-07-30 17:37:45 [INFO] __main__: 盯盘循环退出
[17:37:45] [引擎] 2026-07-30 17:37:45 [INFO] __main__: 盯盘引擎已停止
[17:37:54] [引擎] 启动 watchdog...
[17:37:54] [引擎] PID=3207791
[17:37:55] [引擎] 2026-07-30 17:37:55 [INFO] __main__: 加载盯盘状态: 2 只
[17:37:55] [引擎] 2026-07-30 17:37:55 [INFO] __main__: 盯盘循环启动
[17:37:55] [引擎] 2026-07-30 17:37:55 [INFO] __main__: 盯盘引擎已启动
[17:37:55] [引擎] 2026-07-30 17:37:55 [INFO] __main__: ==================================================
[17:37:55] [引擎] 2026-07-30 17:37:55 [INFO] __main__: 盯盘引擎已启动！
[17:37:55] [引擎] 2026-07-30 17:37:55 [INFO] __main__: 状态文件: /root/maneki-agent/plays/watchdog/data/state.json
[17:37:55] [引擎] 2026-07-30 17:37:55 [INFO] __main__: 扫描间隔: 60s
[17:37:55] [引擎] 2026-07-30 17:37:55 [INFO] __main__: 盯盘上限: 20 只
[17:37:55] [引擎] 2026-07-30 17:37:55 [INFO] __main__: ==================================================
[17:37:55] [引擎] 2026-07-30 17:37:55 [INFO] __main__: 通过飞书发送指令: 盯/停/盯盘列表/清盯盘
[17:38:55] [引擎] 2026-07-30 17:38:55 [INFO] __main__: 收盘退出（15:05），明日由 cron 重新拉起
[17:38:55] [引擎] 2026-07-30 17:38:55 [INFO] __main__: 盯盘循环退出
[17:38:55] [引擎] 2026-07-30 17:38:55 [INFO] __main__: 盯盘引擎已停止
[17:39:04] [引擎] 启动 watchdog...
[17:39:04] [引擎] PID=3207801
[17:39:05] [引擎] 2026-07-30 17:39:05 [INFO] __main__: 加载盯盘状态: 2 只
[17:39:05] [引擎] 2026-07-30 17:39:05 [INFO] __main__: 盯盘循环启动
[17:39:05] [引擎] 2026-07-30 17:39:05 [INFO] __main__: 盯盘引擎已启动
[17:39:05] [引擎] 2026-07-30 17:39:05 [INFO] __main__: ==================================================
[17:39:05] [引擎] 2026-07-30 17:39:05 [INFO] __main__: 盯盘引擎已启动！
[17:39:05] [引擎] 2026-07-30 17:39:05 [INFO] __main__: 状态文件: /root/maneki-agent/plays/watchdog/data/state.json
[17:39:05] [引擎] 2026-07-30 17:39:05 [INFO] __main__: 扫描间隔: 60s
[17:39:05] [引擎] 2026-07-30 17:39:05 [INFO] __main__: 盯盘上限: 20 只
[17:39:05] [引擎] 2026-07-30 17:39:05 [INFO] __main__: ==================================================
[17:39:05] [引擎] 2026-07-30 17:39:05 [INFO] __main__: 通过飞书发送指令: 盯/停/盯盘列表/清盯盘
[17:40:05] [引擎] 2026-07-30 17:40:05 [INFO] __main__: 收盘退出（15:05），明日由 cron 重新拉起
[17:40:05] [引擎] 2026-07-30 17:40:05 [INFO] __main__: 盯盘循环退出
[17:40:05] [引擎] 2026-07-30 17:40:05 [INFO] __main__: 盯盘引擎已停止
[17:40:14] [引擎] 启动 watchdog...
[17:40:14] [引擎] PID=3207810
[17:40:15] [引擎] 2026-07-30 17:40:15 [INFO] __main__: 加载盯盘状态: 2 只
[17:40:15] [引擎] 2026-07-30 17:40:15 [INFO] __main__: 盯盘循环启动
[17:40:15] [引擎] 2026-07-30 17:40:15 [INFO] __main__: 盯盘引擎已启动
[17:40:15] [引擎] 2026-07-30 17:40:15 [INFO] __main__: ==================================================
[17:40:15] [引擎] 2026-07-30 17:40:15 [INFO] __main__: 盯盘引擎已启动！
[17:40:15] [引擎] 2026-07-30 17:40:15 [INFO] __main__: 状态文件: /root/maneki-agent/plays/watchdog/data/state.json
[17:40:15] [引擎] 2026-07-30 17:40:15 [INFO] __main__: 扫描间隔: 60s
[17:40:15] [引擎] 2026-07-30 17:40:15 [INFO] __main__: 盯盘上限: 20 只
[17:40:15] [引擎] 2026-07-30 17:40:15 [INFO] __main__: ==================================================
[17:40:15] [引擎] 2026-07-30 17:40:15 [INFO] __main__: 通过飞书发送指令: 盯/停/盯盘列表/清盯盘
[17:41:15] [引擎] 2026-07-30 17:41:15 [INFO] __main__: 收盘退出（15:05），明日由 cron 重新拉起
[17:41:15] [引擎] 2026-07-30 17:41:15 [INFO] __main__: 盯盘循环退出
[17:41:15] [引擎] 2026-07-30 17:41:15 [INFO] __main__: 盯盘引擎已停止
[17:41:24] [引擎] 启动 watchdog...
[17:41:24] [引擎] PID=3207819
[17:41:25] [引擎] 2026-07-30 17:41:25 [INFO] __main__: 加载盯盘状态: 2 只
[17:41:25] [引擎] 2026-07-30 17:41:25 [INFO] __main__: 盯盘循环启动
[17:41:25] [引擎] 2026-07-30 17:41:25 [INFO] __main__: 盯盘引擎已启动
[17:41:25] [引擎] 2026-07-30 17:41:25 [INFO] __main__: ==================================================
[17:41:25] [引擎] 2026-07-30 17:41:25 [INFO] __main__: 盯盘引擎已启动！
[17:41:25] [引擎] 2026-07-30 17:41:25 [INFO] __main__: 状态文件: /root/maneki-agent/plays/watchdog/data/state.json
[17:41:25] [引擎] 2026-07-30 17:41:25 [INFO] __main__: 扫描间隔: 60s
[17:41:25] [引擎] 2026-07-30 17:41:25 [INFO] __main__: 盯盘上限: 20 只
[17:41:25] [引擎] 2026-07-30 17:41:25 [INFO] __main__: ==================================================
[17:41:25] [引擎] 2026-07-30 17:41:25 [INFO] __main__: 通过飞书发送指令: 盯/停/盯盘列表/清盯盘
[17:42:25] [引擎] 2026-07-30 17:42:25 [INFO] __main__: 收盘退出（15:05），明日由 cron 重新拉起
[17:42:25] [引擎] 2026-07-30 17:42:25 [INFO] __main__: 盯盘循环退出
[17:42:25] [引擎] 2026-07-30 17:42:25 [INFO] __main__: 盯盘引擎已停止
[17:42:34] [引擎] 启动 watchdog...
[17:42:34] [引擎] PID=3207829
[17:42:35] [引擎] 2026-07-30 17:42:35 [INFO] __main__: 加载盯盘状态: 2 只
[17:42:35] [引擎] 2026-07-30 17:42:35 [INFO] __main__: 盯盘循环启动
[17:42:35] [引擎] 2026-07-30 17:42:35 [INFO] __main__: 盯盘引擎已启动
[17:42:35] [引擎] 2026-07-30 17:42:35 [INFO] __main__: ==================================================
[17:42:35] [引擎] 2026-07-30 17:42:35 [INFO] __main__: 盯盘引擎已启动！
[17:42:35] [引擎] 2026-07-30 17:42:35 [INFO] __main__: 状态文件: /root/maneki-agent/plays/watchdog/data/state.json
[17:42:35] [引擎] 2026-07-30 17:42:35 [INFO] __main__: 扫描间隔: 60s
[17:42:35] [引擎] 2026-07-30 17:42:35 [INFO] __main__: 盯盘上限: 20 只
[17:42:35] [引擎] 2026-07-30 17:42:35 [INFO] __main__: ==================================================
[17:42:35] [引擎] 2026-07-30 17:42:35 [INFO] __main__: 通过飞书发送指令: 盯/停/盯盘列表/清盯盘
[17:43:35] [引擎] 2026-07-30 17:43:35 [INFO] __main__: 收盘退出（15:05），明日由 cron 重新拉起
[17:43:35] [引擎] 2026-07-30 17:43:35 [INFO] __main__: 盯盘循环退出
[17:43:35] [引擎] 2026-07-30 17:43:35 [INFO] __main__: 盯盘引擎已停止
[17:43:44] [引擎] 启动 watchdog...
[17:43:44] [引擎] PID=3207838
[17:43:45] [引擎] 2026-07-30 17:43:45 [INFO] __main__: 加载盯盘状态: 2 只
[17:43:45] [引擎] 2026-07-30 17:43:45 [INFO] __main__: 盯盘循环启动
[17:43:45] [引擎] 2026-07-30 17:43:45 [INFO] __main__: 盯盘引擎已启动
[17:43:45] [引擎] 2026-07-30 17:43:45 [INFO] __main__: ==================================================
[17:43:45] [引擎] 2026-07-30 17:43:45 [INFO] __main__: 盯盘引擎已启动！
[17:43:45] [引擎] 2026-07-30 17:43:45 [INFO] __main__: 状态文件: /root/maneki-agent/plays/watchdog/data/state.json
[17:43:45] [引擎] 2026-07-30 17:43:45 [INFO] __main__: 扫描间隔: 60s
[17:43:45] [引擎] 2026-07-30 17:43:45 [INFO] __main__: 盯盘上限: 20 只
[17:43:45] [引擎] 2026-07-30 17:43:45 [INFO] __main__: ==================================================
[17:43:45] [引擎] 2026-07-30 17:43:45 [INFO] __main__: 通过飞书发送指令: 盯/停/盯盘列表/清盯盘
[17:44:45] [引擎] 2026-07-30 17:44:45 [INFO] __main__: 收盘退出（15:05），明日由 cron 重新拉起
[17:44:45] [引擎] 2026-07-30 17:44:45 [INFO] __main__: 盯盘循环退出
[17:44:45] [引擎] 2026-07-30 17:44:45 [INFO] __main__: 盯盘引擎已停止
[17:44:54] [引擎] 启动 watchdog...
[17:44:54] [引擎] PID=3207846
[17:44:55] [引擎] 2026-07-30 17:44:55 [INFO] __main__: 加载盯盘状态: 2 只
[17:44:55] [引擎] 2026-07-30 17:44:55 [INFO] __main__: 盯盘循环启动
[17:44:55] [引擎] 2026-07-30 17:44:55 [INFO] __main__: 盯盘引擎已启动
[17:44:55] [引擎] 2026-07-30 17:44:55 [INFO] __main__: ==================================================
[17:44:55] [引擎] 2026-07-30 17:44:55 [INFO] __main__: 盯盘引擎已启动！
[17:44:55] [引擎] 2026-07-30 17:44:55 [INFO] __main__: 状态文件: /root/maneki-agent/plays/watchdog/data/state.json
[17:44:55] [引擎] 2026-07-30 17:44:55 [INFO] __main__: 扫描间隔: 60s
[17:44:55] [引擎] 2026-07-30 17:44:55 [INFO] __main__: 盯盘上限: 20 只
[17:44:55] [引擎] 2026-07-30 17:44:55 [INFO] __main__: ==================================================
[17:44:55] [引擎] 2026-07-30 17:44:55 [INFO] __main__: 通过飞书发送指令: 盯/停/盯盘列表/清盯盘
[17:45:55] [引擎] 2026-07-30 17:45:55 [INFO] __main__: 收盘退出（15:05），明日由 cron 重新拉起
[17:45:55] [引擎] 2026-07-30 17:45:55 [INFO] __main__: 盯盘循环退出
[17:45:55] [引擎] 2026-07-30 17:45:55 [INFO] __main__: 盯盘引擎已停止
[17:46:04] [引擎] 启动 watchdog...
[17:46:04] [引擎] PID=3207858
[17:46:05] [引擎] 2026-07-30 17:46:05 [INFO] __main__: 加载盯盘状态: 2 只
[17:46:05] [引擎] 2026-07-30 17:46:05 [INFO] __main__: 盯盘循环启动
[17:46:05] [引擎] 2026-07-30 17:46:05 [INFO] __main__: 盯盘引擎已启动
[17:46:05] [引擎] 2026-07-30 17:46:05 [INFO] __main__: ==================================================
[17:46:05] [引擎] 2026-07-30 17:46:05 [INFO] __main__: 盯盘引擎已启动！
[17:46:05] [引擎] 2026-07-30 17:46:05 [INFO] __main__: 状态文件: /root/maneki-agent/plays/watchdog/data/state.json
[17:46:05] [引擎] 2026-07-30 17:46:05 [INFO] __main__: 扫描间隔: 60s
[17:46:05] [引擎] 2026-07-30 17:46:05 [INFO] __main__: 盯盘上限: 20 只
[17:46:05] [引擎] 2026-07-30 17:46:05 [INFO] __main__: ==================================================
[17:46:05] [引擎] 2026-07-30 17:46:05 [INFO] __main__: 通过飞书发送指令: 盯/停/盯盘列表/清盯盘
[17:47:05] [引擎] 2026-07-30 17:47:05 [INFO] __main__: 收盘退出（15:05），明日由 cron 重新拉起
[17:47:05] [引擎] 2026-07-30 17:47:05 [INFO] __main__: 盯盘循环退出
[17:47:05] [引擎] 2026-07-30 17:47:05 [INFO] __main__: 盯盘引擎已停止
[17:47:14] [引擎] 启动 watchdog...
[17:47:14] [引擎] PID=3207868
[17:47:15] [引擎] 2026-07-30 17:47:15 [INFO] __main__: 加载盯盘状态: 2 只
[17:47:15] [引擎] 2026-07-30 17:47:15 [INFO] __main__: 盯盘循环启动
[17:47:15] [引擎] 2026-07-30 17:47:15 [INFO] __main__: 盯盘引擎已启动
[17:47:15] [引擎] 2026-07-30 17:47:15 [INFO] __main__: ==================================================
[17:47:15] [引擎] 2026-07-30 17:47:15 [INFO] __main__: 盯盘引擎已启动！
[17:47:15] [引擎] 2026-07-30 17:47:15 [INFO] __main__: 状态文件: /root/maneki-agent/plays/watchdog/data/state.json
[17:47:15] [引擎] 2026-07-30 17:47:15 [INFO] __main__: 扫描间隔: 60s
[17:47:15] [引擎] 2026-07-30 17:47:15 [INFO] __main__: 盯盘上限: 20 只
[17:47:15] [引擎] 2026-07-30 17:47:15 [INFO] __main__: ==================================================
[17:47:15] [引擎] 2026-07-30 17:47:15 [INFO] __main__: 通过飞书发送指令: 盯/停/盯盘列表/清盯盘
[17:48:15] [引擎] 2026-07-30 17:48:15 [INFO] __main__: 收盘退出（15:05），明日由 cron 重新拉起
[17:48:15] [引擎] 2026-07-30 17:48:15 [INFO] __main__: 盯盘循环退出
[17:48:15] [引擎] 2026-07-30 17:48:15 [INFO] __main__: 盯盘引擎已停止
[17:48:24] [引擎] 启动 watchdog...
[17:48:24] [引擎] PID=3207882
[17:48:25] [引擎] 2026-07-30 17:48:25 [INFO] __main__: 加载盯盘状态: 2 只
[17:48:25] [引擎] 2026-07-30 17:48:25 [INFO] __main__: 盯盘循环启动
[17:48:25] [引擎] 2026-07-30 17:48:25 [INFO] __main__: 盯盘引擎已启动
[17:48:25] [引擎] 2026-07-30 17:48:25 [INFO] __main__: ==================================================
[17:48:25] [引擎] 2026-07-30 17:48:25 [INFO] __main__: 盯盘引擎已启动！
[17:48:25] [引擎] 2026-07-30 17:48:25 [INFO] __main__: 状态文件: /root/maneki-agent/plays/watchdog/data/state.json
[17:48:25] [引擎] 2026-07-30 17:48:25 [INFO] __main__: 扫描间隔: 60s
[17:48:25] [引擎] 2026-07-30 17:48:25 [INFO] __main__: 盯盘上限: 20 只
[17:48:25] [引擎] 2026-07-30 17:48:25 [INFO] __main__: ==================================================
[17:48:25] [引擎] 2026-07-30 17:48:25 [INFO] __main__: 通过飞书发送指令: 盯/停/盯盘列表/清盯盘
[17:49:25] [引擎] 2026-07-30 17:49:25 [INFO] __main__: 收盘退出（15:05），明日由 cron 重新拉起
[17:49:25] [引擎] 2026-07-30 17:49:25 [INFO] __main__: 盯盘循环退出
[17:49:25] [引擎] 2026-07-30 17:49:25 [INFO] __main__: 盯盘引擎已停止
[17:49:34] [引擎] 启动 watchdog...
[17:49:34] [引擎] PID=3207893
[17:49:35] [引擎] 2026-07-30 17:49:35 [INFO] __main__: 加载盯盘状态: 2 只
[17:49:35] [引擎] 2026-07-30 17:49:35 [INFO] __main__: 盯盘循环启动
[17:49:35] [引擎] 2026-07-30 17:49:35 [INFO] __main__: 盯盘引擎已启动
[17:49:35] [引擎] 2026-07-30 17:49:35 [INFO] __main__: ==================================================
[17:49:35] [引擎] 2026-07-30 17:49:35 [INFO] __main__: 盯盘引擎已启动！
[17:49:35] [引擎] 2026-07-30 17:49:35 [INFO] __main__: 状态文件: /root/maneki-agent/plays/watchdog/data/state.json
[17:49:35] [引擎] 2026-07-30 17:49:35 [INFO] __main__: 扫描间隔: 60s
[17:49:35] [引擎] 2026-07-30 17:49:35 [INFO] __main__: 盯盘上限: 20 只
[17:49:35] [引擎] 2026-07-30 17:49:35 [INFO] __main__: ==================================================
[17:49:35] [引擎] 2026-07-30 17:49:35 [INFO] __main__: 通过飞书发送指令: 盯/停/盯盘列表/清盯盘
[17:50:35] [引擎] 2026-07-30 17:50:35 [INFO] __main__: 收盘退出（15:05），明日由 cron 重新拉起
[17:50:35] [引擎] 2026-07-30 17:50:35 [INFO] __main__: 盯盘循环退出
[17:50:35] [引擎] 2026-07-30 17:50:35 [INFO] __main__: 盯盘引擎已停止
[17:50:44] [引擎] 启动 watchdog...
[17:50:44] [引擎] PID=3207902
[17:50:45] [引擎] 2026-07-30 17:50:45 [INFO] __main__: 加载盯盘状态: 2 只
[17:50:45] [引擎] 2026-07-30 17:50:45 [INFO] __main__: 盯盘循环启动
[17:50:45] [引擎] 2026-07-30 17:50:45 [INFO] __main__: 盯盘引擎已启动
[17:50:45] [引擎] 2026-07-30 17:50:45 [INFO] __main__: ==================================================
[17:50:45] [引擎] 2026-07-30 17:50:45 [INFO] __main__: 盯盘引擎已启动！
[17:50:45] [引擎] 2026-07-30 17:50:45 [INFO] __main__: 状态文件: /root/maneki-agent/plays/watchdog/data/state.json
[17:50:45] [引擎] 2026-07-30 17:50:45 [INFO] __main__: 扫描间隔: 60s
[17:50:45] [引擎] 2026-07-30 17:50:45 [INFO] __main__: 盯盘上限: 20 只
[17:50:45] [引擎] 2026-07-30 17:50:45 [INFO] __main__: ==================================================
[17:50:45] [引擎] 2026-07-30 17:50:45 [INFO] __main__: 通过飞书发送指令: 盯/停/盯盘列表/清盯盘
[17:51:45] [引擎] 2026-07-30 17:51:45 [INFO] __main__: 收盘退出（15:05），明日由 cron 重新拉起
[17:51:45] [引擎] 2026-07-30 17:51:45 [INFO] __main__: 盯盘循环退出
[17:51:45] [引擎] 2026-07-30 17:51:45 [INFO] __main__: 盯盘引擎已停止
[17:51:54] [引擎] 启动 watchdog...
[17:51:54] [引擎] PID=3207911
[17:51:55] [引擎] 2026-07-30 17:51:55 [INFO] __main__: 加载盯盘状态: 2 只
[17:51:55] [引擎] 2026-07-30 17:51:55 [INFO] __main__: 盯盘循环启动
[17:51:55] [引擎] 2026-07-30 17:51:55 [INFO] __main__: 盯盘引擎已启动
[17:51:55] [引擎] 2026-07-30 17:51:55 [INFO] __main__: ==================================================
[17:51:55] [引擎] 2026-07-30 17:51:55 [INFO] __main__: 盯盘引擎已启动！
[17:51:55] [引擎] 2026-07-30 17:51:55 [INFO] __main__: 状态文件: /root/maneki-agent/plays/watchdog/data/state.json
[17:51:55] [引擎] 2026-07-30 17:51:55 [INFO] __main__: 扫描间隔: 60s
[17:51:55] [引擎] 2026-07-30 17:51:55 [INFO] __main__: 盯盘上限: 20 只
[17:51:55] [引擎] 2026-07-30 17:51:55 [INFO] __main__: ==================================================
[17:51:55] [引擎] 2026-07-30 17:51:55 [INFO] __main__: 通过飞书发送指令: 盯/停/盯盘列表/清盯盘
[17:52:55] [引擎] 2026-07-30 17:52:55 [INFO] __main__: 收盘退出（15:05），明日由 cron 重新拉起
[17:52:55] [引擎] 2026-07-30 17:52:55 [INFO] __main__: 盯盘循环退出
[17:52:55] [引擎] 2026-07-30 17:52:55 [INFO] __main__: 盯盘引擎已停止
[17:53:04] [引擎] 启动 watchdog...
[17:53:04] [引擎] PID=3207920
[17:53:05] [引擎] 2026-07-30 17:53:05 [INFO] __main__: 加载盯盘状态: 2 只
[17:53:05] [引擎] 2026-07-30 17:53:05 [INFO] __main__: 盯盘循环启动
[17:53:05] [引擎] 2026-07-30 17:53:05 [INFO] __main__: 盯盘引擎已启动
[17:53:05] [引擎] 2026-07-30 17:53:05 [INFO] __main__: ==================================================
[17:53:05] [引擎] 2026-07-30 17:53:05 [INFO] __main__: 盯盘引擎已启动！
[17:53:05] [引擎] 2026-07-30 17:53:05 [INFO] __main__: 状态文件: /root/maneki-agent/plays/watchdog/data/state.json
[17:53:05] [引擎] 2026-07-30 17:53:05 [INFO] __main__: 扫描间隔: 60s
[17:53:05] [引擎] 2026-07-30 17:53:05 [INFO] __main__: 盯盘上限: 20 只
[17:53:05] [引擎] 2026-07-30 17:53:05 [INFO] __main__: ==================================================
[17:53:05] [引擎] 2026-07-30 17:53:05 [INFO] __main__: 通过飞书发送指令: 盯/停/盯盘列表/清盯盘
[17:54:05] [引擎] 2026-07-30 17:54:05 [INFO] __main__: 收盘退出（15:05），明日由 cron 重新拉起
[17:54:05] [引擎] 2026-07-30 17:54:05 [INFO] __main__: 盯盘循环退出
[17:54:05] [引擎] 2026-07-30 17:54:05 [INFO] __main__: 盯盘引擎已停止
[17:54:14] [引擎] 启动 watchdog...
[17:54:14] [引擎] PID=3207930
[17:54:15] [引擎] 2026-07-30 17:54:15 [INFO] __main__: 加载盯盘状态: 2 只
[17:54:15] [引擎] 2026-07-30 17:54:15 [INFO] __main__: 盯盘循环启动
[17:54:15] [引擎] 2026-07-30 17:54:15 [INFO] __main__: 盯盘引擎已启动
[17:54:15] [引擎] 2026-07-30 17:54:15 [INFO] __main__: ==================================================
[17:54:15] [引擎] 2026-07-30 17:54:15 [INFO] __main__: 盯盘引擎已启动！
[17:54:15] [引擎] 2026-07-30 17:54:15 [INFO] __main__: 状态文件: /root/maneki-agent/plays/watchdog/data/state.json
[17:54:15] [引擎] 2026-07-30 17:54:15 [INFO] __main__: 扫描间隔: 60s
[17:54:15] [引擎] 2026-07-30 17:54:15 [INFO] __main__: 盯盘上限: 20 只
[17:54:15] [引擎] 2026-07-30 17:54:15 [INFO] __main__: ==================================================
[17:54:15] [引擎] 2026-07-30 17:54:15 [INFO] __main__: 通过飞书发送指令: 盯/停/盯盘列表/清盯盘
[17:55:15] [引擎] 2026-07-30 17:55:15 [INFO] __main__: 收盘退出（15:05），明日由 cron 重新拉起
[17:55:15] [引擎] 2026-07-30 17:55:15 [INFO] __main__: 盯盘循环退出
[17:55:15] [引擎] 2026-07-30 17:55:15 [INFO] __main__: 盯盘引擎已停止
[17:55:24] [引擎] 启动 watchdog...
[17:55:24] [引擎] PID=3207942
[17:55:25] [引擎] 2026-07-30 17:55:25 [INFO] __main__: 加载盯盘状态: 2 只
[17:55:25] [引擎] 2026-07-30 17:55:25 [INFO] __main__: 盯盘循环启动
[17:55:25] [引擎] 2026-07-30 17:55:25 [INFO] __main__: 盯盘引擎已启动
[17:55:25] [引擎] 2026-07-30 17:55:25 [INFO] __main__: ==================================================
[17:55:25] [引擎] 2026-07-30 17:55:25 [INFO] __main__: 盯盘引擎已启动！
[17:55:25] [引擎] 2026-07-30 17:55:25 [INFO] __main__: 状态文件: /root/maneki-agent/plays/watchdog/data/state.json
[17:55:25] [引擎] 2026-07-30 17:55:25 [INFO] __main__: 扫描间隔: 60s
[17:55:25] [引擎] 2026-07-30 17:55:25 [INFO] __main__: 盯盘上限: 20 只
[17:55:25] [引擎] 2026-07-30 17:55:25 [INFO] __main__: ==================================================
[17:55:25] [引擎] 2026-07-30 17:55:25 [INFO] __main__: 通过飞书发送指令: 盯/停/盯盘列表/清盯盘
[17:56:25] [引擎] 2026-07-30 17:56:25 [INFO] __main__: 收盘退出（15:05），明日由 cron 重新拉起
[17:56:25] [引擎] 2026-07-30 17:56:25 [INFO] __main__: 盯盘循环退出
[17:56:25] [引擎] 2026-07-30 17:56:25 [INFO] __main__: 盯盘引擎已停止
[17:56:34] [引擎] 启动 watchdog...
[17:56:34] [引擎] PID=3207951
[17:56:35] [引擎] 2026-07-30 17:56:35 [INFO] __main__: 加载盯盘状态: 2 只
[17:56:35] [引擎] 2026-07-30 17:56:35 [INFO] __main__: 盯盘循环启动
[17:56:35] [引擎] 2026-07-30 17:56:35 [INFO] __main__: 盯盘引擎已启动
[17:56:35] [引擎] 2026-07-30 17:56:35 [INFO] __main__: ==================================================
[17:56:35] [引擎] 2026-07-30 17:56:35 [INFO] __main__: 盯盘引擎已启动！
[17:56:35] [引擎] 2026-07-30 17:56:35 [INFO] __main__: 状态文件: /root/maneki-agent/plays/watchdog/data/state.json
[17:56:35] [引擎] 2026-07-30 17:56:35 [INFO] __main__: 扫描间隔: 60s
[17:56:35] [引擎] 2026-07-30 17:56:35 [INFO] __main__: 盯盘上限: 20 只
[17:56:35] [引擎] 2026-07-30 17:56:35 [INFO] __main__: ==================================================
[17:56:35] [引擎] 2026-07-30 17:56:35 [INFO] __main__: 通过飞书发送指令: 盯/停/盯盘列表/清盯盘
[17:57:35] [引擎] 2026-07-30 17:57:35 [INFO] __main__: 收盘退出（15:05），明日由 cron 重新拉起
[17:57:35] [引擎] 2026-07-30 17:57:35 [INFO] __main__: 盯盘循环退出
[17:57:35] [引擎] 2026-07-30 17:57:35 [INFO] __main__: 盯盘引擎已停止
[17:57:44] [引擎] 启动 watchdog...
[17:57:44] [引擎] PID=3207961
[17:57:45] [引擎] 2026-07-30 17:57:45 [INFO] __main__: 加载盯盘状态: 2 只
[17:57:45] [引擎] 2026-07-30 17:57:45 [INFO] __main__: 盯盘循环启动
[17:57:45] [引擎] 2026-07-30 17:57:45 [INFO] __main__: 盯盘引擎已启动
[17:57:45] [引擎] 2026-07-30 17:57:45 [INFO] __main__: ==================================================
[17:57:45] [引擎] 2026-07-30 17:57:45 [INFO] __main__: 盯盘引擎已启动！
[17:57:45] [引擎] 2026-07-30 17:57:45 [INFO] __main__: 状态文件: /root/maneki-agent/plays/watchdog/data/state.json
[17:57:45] [引擎] 2026-07-30 17:57:45 [INFO] __main__: 扫描间隔: 60s
[17:57:45] [引擎] 2026-07-30 17:57:45 [INFO] __main__: 盯盘上限: 20 只
[17:57:45] [引擎] 2026-07-30 17:57:45 [INFO] __main__: ==================================================
[17:57:45] [引擎] 2026-07-30 17:57:45 [INFO] __main__: 通过飞书发送指令: 盯/停/盯盘列表/清盯盘
[17:58:45] [引擎] 2026-07-30 17:58:45 [INFO] __main__: 收盘退出（15:05），明日由 cron 重新拉起
[17:58:45] [引擎] 2026-07-30 17:58:45 [INFO] __main__: 盯盘循环退出
[17:58:45] [引擎] 2026-07-30 17:58:45 [INFO] __main__: 盯盘引擎已停止
[17:58:54] [引擎] 启动 watchdog...
[17:58:54] [引擎] PID=3207974
[17:58:55] [引擎] 2026-07-30 17:58:55 [INFO] __main__: 加载盯盘状态: 2 只
[17:58:55] [引擎] 2026-07-30 17:58:55 [INFO] __main__: 盯盘循环启动
[17:58:55] [引擎] 2026-07-30 17:58:55 [INFO] __main__: 盯盘引擎已启动
[17:58:55] [引擎] 2026-07-30 17:58:55 [INFO] __main__: ==================================================
[17:58:55] [引擎] 2026-07-30 17:58:55 [INFO] __main__: 盯盘引擎已启动！
[17:58:55] [引擎] 2026-07-30 17:58:55 [INFO] __main__: 状态文件: /root/maneki-agent/plays/watchdog/data/state.json
[17:58:55] [引擎] 2026-07-30 17:58:55 [INFO] __main__: 扫描间隔: 60s
[17:58:55] [引擎] 2026-07-30 17:58:55 [INFO] __main__: 盯盘上限: 20 只
[17:58:55] [引擎] 2026-07-30 17:58:55 [INFO] __main__: ==================================================
[17:58:55] [引擎] 2026-07-30 17:58:55 [INFO] __main__: 通过飞书发送指令: 盯/停/盯盘列表/清盯盘
[17:59:55] [引擎] 2026-07-30 17:59:55 [INFO] __main__: 收盘退出（15:05），明日由 cron 重新拉起
[17:59:55] [引擎] 2026-07-30 17:59:55 [INFO] __main__: 盯盘循环退出
[17:59:55] [引擎] 2026-07-30 17:59:55 [INFO] __main__: 盯盘引擎已停止
[18:00:04] [引擎] 启动 watchdog...
[18:00:04] [引擎] PID=3207984
[18:00:09] [引擎] 2026-07-30 18:00:09 [INFO] __main__: 加载盯盘状态: 2 只
[18:00:09] [引擎] 2026-07-30 18:00:09 [INFO] __main__: 盯盘循环启动
[18:00:09] [引擎] 2026-07-30 18:00:09 [INFO] __main__: 盯盘引擎已启动
[18:00:09] [引擎] 2026-07-30 18:00:09 [INFO] __main__: ==================================================
[18:00:09] [引擎] 2026-07-30 18:00:09 [INFO] __main__: 盯盘引擎已启动！
[18:00:09] [引擎] 2026-07-30 18:00:09 [INFO] __main__: 状态文件: /root/maneki-agent/plays/watchdog/data/state.json
[18:00:09] [引擎] 2026-07-30 18:00:09 [INFO] __main__: 扫描间隔: 60s
[18:00:09] [引擎] 2026-07-30 18:00:09 [INFO] __main__: 盯盘上限: 20 只
[18:00:09] [引擎] 2026-07-30 18:00:09 [INFO] __main__: ==================================================
[18:00:09] [引擎] 2026-07-30 18:00:09 [INFO] __main__: 通过飞书发送指令: 盯/停/盯盘列表/清盯盘
[18:05:09] [引擎] 2026-07-30 18:05:09 [INFO] __main__: 收盘退出（15:05），明日由 cron 重新拉起
[18:05:09] [引擎] 2026-07-30 18:05:09 [INFO] __main__: 盯盘循环退出
[18:05:09] [引擎] 2026-07-30 18:05:09 [INFO] __main__: 盯盘引擎已停止
[18:05:14] [引擎] 启动 watchdog...
[18:05:14] [引擎] PID=3208071
[18:05:16] [引擎] 2026-07-30 18:05:16 [INFO] __main__: 加载盯盘状态: 2 只
[18:05:16] [引擎] 2026-07-30 18:05:16 [INFO] __main__: 盯盘循环启动
[18:05:16] [引擎] 2026-07-30 18:05:16 [INFO] __main__: 盯盘引擎已启动
[18:05:16] [引擎] 2026-07-30 18:05:16 [INFO] __main__: ==================================================
[18:05:16] [引擎] 2026-07-30 18:05:16 [INFO] __main__: 盯盘引擎已启动！
[18:05:16] [引擎] 2026-07-30 18:05:16 [INFO] __main__: 状态文件: /root/maneki-agent/plays/watchdog/data/state.json
[18:05:16] [引擎] 2026-07-30 18:05:16 [INFO] __main__: 扫描间隔: 60s
[18:05:16] [引擎] 2026-07-30 18:05:16 [INFO] __main__: 盯盘上限: 20 只
[18:05:16] [引擎] 2026-07-30 18:05:16 [INFO] __main__: ==================================================
[18:05:16] [引擎] 2026-07-30 18:05:16 [INFO] __main__: 通过飞书发送指令: 盯/停/盯盘列表/清盯盘
[18:06:16] [引擎] 2026-07-30 18:06:16 [INFO] __main__: 收盘退出（15:05），明日由 cron 重新拉起
[18:06:16] [引擎] 2026-07-30 18:06:16 [INFO] __main__: 盯盘循环退出
[18:06:16] [引擎] 2026-07-30 18:06:16 [INFO] __main__: 盯盘引擎已停止
[18:06:24] [引擎] 启动 watchdog...
[18:06:24] [引擎] PID=3208111
[18:06:26] [引擎] 2026-07-30 18:06:26 [INFO] __main__: 加载盯盘状态: 2 只
[18:06:26] [引擎] 2026-07-30 18:06:26 [INFO] __main__: 盯盘循环启动
[18:06:26] [引擎] 2026-07-30 18:06:26 [INFO] __main__: 盯盘引擎已启动
[18:06:26] [引擎] 2026-07-30 18:06:26 [INFO] __main__: ==================================================
[18:06:26] [引擎] 2026-07-30 18:06:26 [INFO] __main__: 盯盘引擎已启动！
[18:06:26] [引擎] 2026-07-30 18:06:26 [INFO] __main__: 状态文件: /root/maneki-agent/plays/watchdog/data/state.json
[18:06:26] [引擎] 2026-07-30 18:06:26 [INFO] __main__: 扫描间隔: 60s
[18:06:26] [引擎] 2026-07-30 18:06:26 [INFO] __main__: 盯盘上限: 20 只
[18:06:26] [引擎] 2026-07-30 18:06:26 [INFO] __main__: ==================================================
[18:06:26] [引擎] 2026-07-30 18:06:26 [INFO] __main__: 通过飞书发送指令: 盯/停/盯盘列表/清盯盘
[18:07:26] [引擎] 2026-07-30 18:07:26 [INFO] __main__: 收盘退出（15:05），明日由 cron 重新拉起
[18:07:26] [引擎] 2026-07-30 18:07:26 [INFO] __main__: 盯盘循环退出
[18:07:26] [引擎] 2026-07-30 18:07:26 [INFO] __main__: 盯盘引擎已停止
[18:07:34] [引擎] 启动 watchdog...
[18:07:34] [引擎] PID=3208142
[18:07:36] [引擎] 2026-07-30 18:07:36 [INFO] __main__: 加载盯盘状态: 2 只
[18:07:36] [引擎] 2026-07-30 18:07:36 [INFO] __main__: 盯盘循环启动
[18:07:36] [引擎] 2026-07-30 18:07:36 [INFO] __main__: 盯盘引擎已启动
[18:07:36] [引擎] 2026-07-30 18:07:36 [INFO] __main__: ==================================================
[18:07:36] [引擎] 2026-07-30 18:07:36 [INFO] __main__: 盯盘引擎已启动！
[18:07:36] [引擎] 2026-07-30 18:07:36 [INFO] __main__: 状态文件: /root/maneki-agent/plays/watchdog/data/state.json
[18:07:36] [引擎] 2026-07-30 18:07:36 [INFO] __main__: 扫描间隔: 60s
[18:07:36] [引擎] 2026-07-30 18:07:36 [INFO] __main__: 盯盘上限: 20 只
[18:07:36] [引擎] 2026-07-30 18:07:36 [INFO] __main__: ==================================================
[18:07:36] [引擎] 2026-07-30 18:07:36 [INFO] __main__: 通过飞书发送指令: 盯/停/盯盘列表/清盯盘
[18:08:36] [引擎] 2026-07-30 18:08:36 [INFO] __main__: 收盘退出（15:05），明日由 cron 重新拉起
[18:08:36] [引擎] 2026-07-30 18:08:36 [INFO] __main__: 盯盘循环退出
[18:08:36] [引擎] 2026-07-30 18:08:36 [INFO] __main__: 盯盘引擎已停止
[18:08:44] [引擎] 启动 watchdog...
[18:08:44] [引擎] PID=3208230
[18:08:46] [引擎] 2026-07-30 18:08:46 [INFO] __main__: 加载盯盘状态: 2 只
[18:08:46] [引擎] 2026-07-30 18:08:46 [INFO] __main__: 盯盘循环启动
[18:08:46] [引擎] 2026-07-30 18:08:46 [INFO] __main__: 盯盘引擎已启动
[18:08:46] [引擎] 2026-07-30 18:08:46 [INFO] __main__: ==================================================
[18:08:46] [引擎] 2026-07-30 18:08:46 [INFO] __main__: 盯盘引擎已启动！
[18:08:46] [引擎] 2026-07-30 18:08:46 [INFO] __main__: 状态文件: /root/maneki-agent/plays/watchdog/data/state.json
[18:08:46] [引擎] 2026-07-30 18:08:46 [INFO] __main__: 扫描间隔: 60s
[18:08:46] [引擎] 2026-07-30 18:08:46 [INFO] __main__: 盯盘上限: 20 只
[18:08:46] [引擎] 2026-07-30 18:08:46 [INFO] __main__: ==================================================
[18:08:46] [引擎] 2026-07-30 18:08:46 [INFO] __main__: 通过飞书发送指令: 盯/停/盯盘列表/清盯盘
[18:09:46] [引擎] 2026-07-30 18:09:46 [INFO] __main__: 收盘退出（15:05），明日由 cron 重新拉起
[18:09:46] [引擎] 2026-07-30 18:09:46 [INFO] __main__: 盯盘循环退出
[18:09:46] [引擎] 2026-07-30 18:09:46 [INFO] __main__: 盯盘引擎已停止
[18:09:54] [引擎] 启动 watchdog...
[18:09:54] [引擎] PID=3208324
[18:09:56] [引擎] 2026-07-30 18:09:56 [INFO] __main__: 加载盯盘状态: 2 只
[18:09:56] [引擎] 2026-07-30 18:09:56 [INFO] __main__: 盯盘循环启动
[18:09:56] [引擎] 2026-07-30 18:09:56 [INFO] __main__: 盯盘引擎已启动
[18:09:56] [引擎] 2026-07-30 18:09:56 [INFO] __main__: ==================================================
[18:09:56] [引擎] 2026-07-30 18:09:56 [INFO] __main__: 盯盘引擎已启动！
[18:09:56] [引擎] 2026-07-30 18:09:56 [INFO] __main__: 状态文件: /root/maneki-agent/plays/watchdog/data/state.json
[18:09:56] [引擎] 2026-07-30 18:09:56 [INFO] __main__: 扫描间隔: 60s
[18:09:56] [引擎] 2026-07-30 18:09:56 [INFO] __main__: 盯盘上限: 20 只
[18:09:56] [引擎] 2026-07-30 18:09:56 [INFO] __main__: ==================================================
[18:09:56] [引擎] 2026-07-30 18:09:56 [INFO] __main__: 通过飞书发送指令: 盯/停/盯盘列表/清盯盘
[18:10:56] [引擎] 2026-07-30 18:10:56 [INFO] __main__: 收盘退出（15:05），明日由 cron 重新拉起
[18:10:56] [引擎] 2026-07-30 18:10:56 [INFO] __main__: 盯盘循环退出
[18:10:56] [引擎] 2026-07-30 18:10:56 [INFO] __main__: 盯盘引擎已停止
[18:11:04] [引擎] 启动 watchdog...
[18:11:04] [引擎] PID=3208410
[18:11:06] [引擎] 2026-07-30 18:11:06 [INFO] __main__: 加载盯盘状态: 2 只
[18:11:06] [引擎] 2026-07-30 18:11:06 [INFO] __main__: 盯盘循环启动
[18:11:06] [引擎] 2026-07-30 18:11:06 [INFO] __main__: 盯盘引擎已启动
[18:11:06] [引擎] 2026-07-30 18:11:06 [INFO] __main__: ==================================================
[18:11:06] [引擎] 2026-07-30 18:11:06 [INFO] __main__: 盯盘引擎已启动！
[18:11:06] [引擎] 2026-07-30 18:11:06 [INFO] __main__: 状态文件: /root/maneki-agent/plays/watchdog/data/state.json
[18:11:06] [引擎] 2026-07-30 18:11:06 [INFO] __main__: 扫描间隔: 60s
[18:11:06] [引擎] 2026-07-30 18:11:06 [INFO] __main__: 盯盘上限: 20 只
[18:11:06] [引擎] 2026-07-30 18:11:06 [INFO] __main__: ==================================================
[18:11:06] [引擎] 2026-07-30 18:11:06 [INFO] __main__: 通过飞书发送指令: 盯/停/盯盘列表/清盯盘
[18:12:06] [引擎] 2026-07-30 18:12:06 [INFO] __main__: 收盘退出（15:05），明日由 cron 重新拉起
[18:12:06] [引擎] 2026-07-30 18:12:06 [INFO] __main__: 盯盘循环退出
[18:12:06] [引擎] 2026-07-30 18:12:06 [INFO] __main__: 盯盘引擎已停止
[18:12:14] [引擎] 启动 watchdog...
[18:12:14] [引擎] PID=3208536
[18:12:16] [引擎] 2026-07-30 18:12:16 [INFO] __main__: 加载盯盘状态: 2 只
[18:12:16] [引擎] 2026-07-30 18:12:16 [INFO] __main__: 盯盘循环启动
[18:12:16] [引擎] 2026-07-30 18:12:16 [INFO] __main__: 盯盘引擎已启动
[18:12:16] [引擎] 2026-07-30 18:12:16 [INFO] __main__: ==================================================
[18:12:16] [引擎] 2026-07-30 18:12:16 [INFO] __main__: 盯盘引擎已启动！
[18:12:16] [引擎] 2026-07-30 18:12:16 [INFO] __main__: 状态文件: /root/maneki-agent/plays/watchdog/data/state.json
[18:12:16] [引擎] 2026-07-30 18:12:16 [INFO] __main__: 扫描间隔: 60s
[18:12:16] [引擎] 2026-07-30 18:12:16 [INFO] __main__: 盯盘上限: 20 只
[18:12:16] [引擎] 2026-07-30 18:12:16 [INFO] __main__: ==================================================
[18:12:16] [引擎] 2026-07-30 18:12:16 [INFO] __main__: 通过飞书发送指令: 盯/停/盯盘列表/清盯盘
[18:13:16] [引擎] 2026-07-30 18:13:16 [INFO] __main__: 收盘退出（15:05），明日由 cron 重新拉起
[18:13:16] [引擎] 2026-07-30 18:13:16 [INFO] __main__: 盯盘循环退出
[18:13:16] [引擎] 2026-07-30 18:13:16 [INFO] __main__: 盯盘引擎已停止
[18:13:24] [引擎] 启动 watchdog...
[18:13:24] [引擎] PID=3208609
[18:13:26] [引擎] 2026-07-30 18:13:26 [INFO] __main__: 加载盯盘状态: 2 只
[18:13:26] [引擎] 2026-07-30 18:13:26 [INFO] __main__: 盯盘循环启动
[18:13:26] [引擎] 2026-07-30 18:13:26 [INFO] __main__: 盯盘引擎已启动
[18:13:26] [引擎] 2026-07-30 18:13:26 [INFO] __main__: ==================================================
[18:13:26] [引擎] 2026-07-30 18:13:26 [INFO] __main__: 盯盘引擎已启动！
[18:13:26] [引擎] 2026-07-30 18:13:26 [INFO] __main__: 状态文件: /root/maneki-agent/plays/watchdog/data/state.json
[18:13:26] [引擎] 2026-07-30 18:13:26 [INFO] __main__: 扫描间隔: 60s
[18:13:26] [引擎] 2026-07-30 18:13:26 [INFO] __main__: 盯盘上限: 20 只
[18:13:26] [引擎] 2026-07-30 18:13:26 [INFO] __main__: ==================================================
[18:13:26] [引擎] 2026-07-30 18:13:26 [INFO] __main__: 通过飞书发送指令: 盯/停/盯盘列表/清盯盘
[18:14:26] [引擎] 2026-07-30 18:14:26 [INFO] __main__: 收盘退出（15:05），明日由 cron 重新拉起
[18:14:26] [引擎] 2026-07-30 18:14:26 [INFO] __main__: 盯盘循环退出
[18:14:26] [引擎] 2026-07-30 18:14:26 [INFO] __main__: 盯盘引擎已停止
[18:14:34] [引擎] 启动 watchdog...
[18:14:34] [引擎] PID=3208618
[18:14:36] [引擎] 2026-07-30 18:14:36 [INFO] __main__: 加载盯盘状态: 2 只
[18:14:36] [引擎] 2026-07-30 18:14:36 [INFO] __main__: 盯盘循环启动
[18:14:36] [引擎] 2026-07-30 18:14:36 [INFO] __main__: 盯盘引擎已启动
[18:14:36] [引擎] 2026-07-30 18:14:36 [INFO] __main__: ==================================================
[18:14:36] [引擎] 2026-07-30 18:14:36 [INFO] __main__: 盯盘引擎已启动！
[18:14:36] [引擎] 2026-07-30 18:14:36 [INFO] __main__: 状态文件: /root/maneki-agent/plays/watchdog/data/state.json
[18:14:36] [引擎] 2026-07-30 18:14:36 [INFO] __main__: 扫描间隔: 60s
[18:14:36] [引擎] 2026-07-30 18:14:36 [INFO] __main__: 盯盘上限: 20 只
[18:14:36] [引擎] 2026-07-30 18:14:36 [INFO] __main__: ==================================================
[18:14:36] [引擎] 2026-07-30 18:14:36 [INFO] __main__: 通过飞书发送指令: 盯/停/盯盘列表/清盯盘
[18:15:36] [引擎] 2026-07-30 18:15:36 [INFO] __main__: 收盘退出（15:05），明日由 cron 重新拉起
[18:15:36] [引擎] 2026-07-30 18:15:36 [INFO] __main__: 盯盘循环退出
[18:15:36] [引擎] 2026-07-30 18:15:36 [INFO] __main__: 盯盘引擎已停止
[18:15:44] [引擎] 启动 watchdog...
[18:15:44] [引擎] PID=3208631
[18:15:46] [引擎] 2026-07-30 18:15:46 [INFO] __main__: 加载盯盘状态: 2 只
[18:15:46] [引擎] 2026-07-30 18:15:46 [INFO] __main__: 盯盘循环启动
[18:15:46] [引擎] 2026-07-30 18:15:46 [INFO] __main__: 盯盘引擎已启动
[18:15:46] [引擎] 2026-07-30 18:15:46 [INFO] __main__: ==================================================
[18:15:46] [引擎] 2026-07-30 18:15:46 [INFO] __main__: 盯盘引擎已启动！
[18:15:46] [引擎] 2026-07-30 18:15:46 [INFO] __main__: 状态文件: /root/maneki-agent/plays/watchdog/data/state.json
[18:15:46] [引擎] 2026-07-30 18:15:46 [INFO] __main__: 扫描间隔: 60s
[18:15:46] [引擎] 2026-07-30 18:15:46 [INFO] __main__: 盯盘上限: 20 只
[18:15:46] [引擎] 2026-07-30 18:15:46 [INFO] __main__: ==================================================
[18:15:46] [引擎] 2026-07-30 18:15:46 [INFO] __main__: 通过飞书发送指令: 盯/停/盯盘列表/清盯盘
[18:16:46] [引擎] 2026-07-30 18:16:46 [INFO] __main__: 收盘退出（15:05），明日由 cron 重新拉起
[18:16:46] [引擎] 2026-07-30 18:16:46 [INFO] __main__: 盯盘循环退出
[18:16:46] [引擎] 2026-07-30 18:16:46 [INFO] __main__: 盯盘引擎已停止
[18:16:54] [引擎] 启动 watchdog...
[18:16:54] [引擎] PID=3208640
[18:16:56] [引擎] 2026-07-30 18:16:56 [INFO] __main__: 加载盯盘状态: 2 只
[18:16:56] [引擎] 2026-07-30 18:16:56 [INFO] __main__: 盯盘循环启动
[18:16:56] [引擎] 2026-07-30 18:16:56 [INFO] __main__: 盯盘引擎已启动
[18:16:56] [引擎] 2026-07-30 18:16:56 [INFO] __main__: ==================================================
[18:16:56] [引擎] 2026-07-30 18:16:56 [INFO] __main__: 盯盘引擎已启动！
[18:16:56] [引擎] 2026-07-30 18:16:56 [INFO] __main__: 状态文件: /root/maneki-agent/plays/watchdog/data/state.json
[18:16:56] [引擎] 2026-07-30 18:16:56 [INFO] __main__: 扫描间隔: 60s
[18:16:56] [引擎] 2026-07-30 18:16:56 [INFO] __main__: 盯盘上限: 20 只
[18:16:56] [引擎] 2026-07-30 18:16:56 [INFO] __main__: ==================================================
[18:16:56] [引擎] 2026-07-30 18:16:56 [INFO] __main__: 通过飞书发送指令: 盯/停/盯盘列表/清盯盘
[18:17:56] [引擎] 2026-07-30 18:17:56 [INFO] __main__: 收盘退出（15:05），明日由 cron 重新拉起
[18:17:56] [引擎] 2026-07-30 18:17:56 [INFO] __main__: 盯盘循环退出
[18:17:56] [引擎] 2026-07-30 18:17:56 [INFO] __main__: 盯盘引擎已停止
[18:18:04] [引擎] 启动 watchdog...
[18:18:04] [引擎] PID=3208649
[18:18:06] [引擎] 2026-07-30 18:18:06 [INFO] __main__: 加载盯盘状态: 2 只
[18:18:06] [引擎] 2026-07-30 18:18:06 [INFO] __main__: 盯盘循环启动
[18:18:06] [引擎] 2026-07-30 18:18:06 [INFO] __main__: 盯盘引擎已启动
[18:18:06] [引擎] 2026-07-30 18:18:06 [INFO] __main__: ==================================================
[18:18:06] [引擎] 2026-07-30 18:18:06 [INFO] __main__: 盯盘引擎已启动！
[18:18:06] [引擎] 2026-07-30 18:18:06 [INFO] __main__: 状态文件: /root/maneki-agent/plays/watchdog/data/state.json
[18:18:06] [引擎] 2026-07-30 18:18:06 [INFO] __main__: 扫描间隔: 60s
[18:18:06] [引擎] 2026-07-30 18:18:06 [INFO] __main__: 盯盘上限: 20 只
[18:18:06] [引擎] 2026-07-30 18:18:06 [INFO] __main__: ==================================================
[18:18:06] [引擎] 2026-07-30 18:18:06 [INFO] __main__: 通过飞书发送指令: 盯/停/盯盘列表/清盯盘
[18:19:06] [引擎] 2026-07-30 18:19:06 [INFO] __main__: 收盘退出（15:05），明日由 cron 重新拉起
[18:19:06] [引擎] 2026-07-30 18:19:06 [INFO] __main__: 盯盘循环退出
[18:19:06] [引擎] 2026-07-30 18:19:06 [INFO] __main__: 盯盘引擎已停止
[18:19:14] [引擎] 启动 watchdog...
[18:19:14] [引擎] PID=3208658
[18:19:16] [引擎] 2026-07-30 18:19:16 [INFO] __main__: 加载盯盘状态: 2 只
[18:19:16] [引擎] 2026-07-30 18:19:16 [INFO] __main__: 盯盘循环启动
[18:19:16] [引擎] 2026-07-30 18:19:16 [INFO] __main__: 盯盘引擎已启动
[18:19:16] [引擎] 2026-07-30 18:19:16 [INFO] __main__: ==================================================
[18:19:16] [引擎] 2026-07-30 18:19:16 [INFO] __main__: 盯盘引擎已启动！
[18:19:16] [引擎] 2026-07-30 18:19:16 [INFO] __main__: 状态文件: /root/maneki-agent/plays/watchdog/data/state.json
[18:19:16] [引擎] 2026-07-30 18:19:16 [INFO] __main__: 扫描间隔: 60s
[18:19:16] [引擎] 2026-07-30 18:19:16 [INFO] __main__: 盯盘上限: 20 只
[18:19:16] [引擎] 2026-07-30 18:19:16 [INFO] __main__: ==================================================
[18:19:16] [引擎] 2026-07-30 18:19:16 [INFO] __main__: 通过飞书发送指令: 盯/停/盯盘列表/清盯盘
[18:20:16] [引擎] 2026-07-30 18:20:16 [INFO] __main__: 收盘退出（15:05），明日由 cron 重新拉起
[18:20:16] [引擎] 2026-07-30 18:20:16 [INFO] __main__: 盯盘循环退出
[18:20:16] [引擎] 2026-07-30 18:20:16 [INFO] __main__: 盯盘引擎已停止
[18:20:24] [引擎] 启动 watchdog...
[18:20:24] [引擎] PID=3208668
[18:20:26] [引擎] 2026-07-30 18:20:26 [INFO] __main__: 加载盯盘状态: 2 只
[18:20:26] [引擎] 2026-07-30 18:20:26 [INFO] __main__: 盯盘循环启动
[18:20:26] [引擎] 2026-07-30 18:20:26 [INFO] __main__: 盯盘引擎已启动
[18:20:26] [引擎] 2026-07-30 18:20:26 [INFO] __main__: ==================================================
[18:20:26] [引擎] 2026-07-30 18:20:26 [INFO] __main__: 盯盘引擎已启动！
[18:20:26] [引擎] 2026-07-30 18:20:26 [INFO] __main__: 状态文件: /root/maneki-agent/plays/watchdog/data/state.json
[18:20:26] [引擎] 2026-07-30 18:20:26 [INFO] __main__: 扫描间隔: 60s
[18:20:26] [引擎] 2026-07-30 18:20:26 [INFO] __main__: 盯盘上限: 20 只
[18:20:26] [引擎] 2026-07-30 18:20:26 [INFO] __main__: ==================================================
[18:20:26] [引擎] 2026-07-30 18:20:26 [INFO] __main__: 通过飞书发送指令: 盯/停/盯盘列表/清盯盘
[18:21:26] [引擎] 2026-07-30 18:21:26 [INFO] __main__: 收盘退出（15:05），明日由 cron 重新拉起
[18:21:26] [引擎] 2026-07-30 18:21:26 [INFO] __main__: 盯盘循环退出
[18:21:26] [引擎] 2026-07-30 18:21:26 [INFO] __main__: 盯盘引擎已停止
[18:21:34] [引擎] 启动 watchdog...
[18:21:34] [引擎] PID=3208678
[18:21:36] [引擎] 2026-07-30 18:21:36 [INFO] __main__: 加载盯盘状态: 2 只
[18:21:36] [引擎] 2026-07-30 18:21:36 [INFO] __main__: 盯盘循环启动
[18:21:36] [引擎] 2026-07-30 18:21:36 [INFO] __main__: 盯盘引擎已启动
[18:21:36] [引擎] 2026-07-30 18:21:36 [INFO] __main__: ==================================================
[18:21:36] [引擎] 2026-07-30 18:21:36 [INFO] __main__: 盯盘引擎已启动！
[18:21:36] [引擎] 2026-07-30 18:21:36 [INFO] __main__: 状态文件: /root/maneki-agent/plays/watchdog/data/state.json
[18:21:36] [引擎] 2026-07-30 18:21:36 [INFO] __main__: 扫描间隔: 60s
[18:21:36] [引擎] 2026-07-30 18:21:36 [INFO] __main__: 盯盘上限: 20 只
[18:21:36] [引擎] 2026-07-30 18:21:36 [INFO] __main__: ==================================================
[18:21:36] [引擎] 2026-07-30 18:21:36 [INFO] __main__: 通过飞书发送指令: 盯/停/盯盘列表/清盯盘
[18:22:36] [引擎] 2026-07-30 18:22:36 [INFO] __main__: 收盘退出（15:05），明日由 cron 重新拉起
[18:22:36] [引擎] 2026-07-30 18:22:36 [INFO] __main__: 盯盘循环退出
[18:22:36] [引擎] 2026-07-30 18:22:36 [INFO] __main__: 盯盘引擎已停止
[18:22:44] [引擎] 启动 watchdog...
[18:22:44] [引擎] PID=3208687
[18:22:46] [引擎] 2026-07-30 18:22:46 [INFO] __main__: 加载盯盘状态: 2 只
[18:22:46] [引擎] 2026-07-30 18:22:46 [INFO] __main__: 盯盘循环启动
[18:22:46] [引擎] 2026-07-30 18:22:46 [INFO] __main__: 盯盘引擎已启动
[18:22:46] [引擎] 2026-07-30 18:22:46 [INFO] __main__: ==================================================
[18:22:46] [引擎] 2026-07-30 18:22:46 [INFO] __main__: 盯盘引擎已启动！
[18:22:46] [引擎] 2026-07-30 18:22:46 [INFO] __main__: 状态文件: /root/maneki-agent/plays/watchdog/data/state.json
[18:22:46] [引擎] 2026-07-30 18:22:46 [INFO] __main__: 扫描间隔: 60s
[18:22:46] [引擎] 2026-07-30 18:22:46 [INFO] __main__: 盯盘上限: 20 只
[18:22:46] [引擎] 2026-07-30 18:22:46 [INFO] __main__: ==================================================
[18:22:46] [引擎] 2026-07-30 18:22:46 [INFO] __main__: 通过飞书发送指令: 盯/停/盯盘列表/清盯盘
[18:23:46] [引擎] 2026-07-30 18:23:46 [INFO] __main__: 收盘退出（15:05），明日由 cron 重新拉起
[18:23:46] [引擎] 2026-07-30 18:23:46 [INFO] __main__: 盯盘循环退出
[18:23:46] [引擎] 2026-07-30 18:23:46 [INFO] __main__: 盯盘引擎已停止
[18:23:54] [引擎] 启动 watchdog...
[18:23:54] [引擎] PID=3208696
[18:23:56] [引擎] 2026-07-30 18:23:56 [INFO] __main__: 加载盯盘状态: 2 只
[18:23:56] [引擎] 2026-07-30 18:23:56 [INFO] __main__: 盯盘循环启动
[18:23:56] [引擎] 2026-07-30 18:23:56 [INFO] __main__: 盯盘引擎已启动
[18:23:56] [引擎] 2026-07-30 18:23:56 [INFO] __main__: ==================================================
[18:23:56] [引擎] 2026-07-30 18:23:56 [INFO] __main__: 盯盘引擎已启动！
[18:23:56] [引擎] 2026-07-30 18:23:56 [INFO] __main__: 状态文件: /root/maneki-agent/plays/watchdog/data/state.json
[18:23:56] [引擎] 2026-07-30 18:23:56 [INFO] __main__: 扫描间隔: 60s
[18:23:56] [引擎] 2026-07-30 18:23:56 [INFO] __main__: 盯盘上限: 20 只
[18:23:56] [引擎] 2026-07-30 18:23:56 [INFO] __main__: ==================================================
[18:23:56] [引擎] 2026-07-30 18:23:56 [INFO] __main__: 通过飞书发送指令: 盯/停/盯盘列表/清盯盘
[18:24:56] [引擎] 2026-07-30 18:24:56 [INFO] __main__: 收盘退出（15:05），明日由 cron 重新拉起
[18:24:56] [引擎] 2026-07-30 18:24:56 [INFO] __main__: 盯盘循环退出
[18:24:56] [引擎] 2026-07-30 18:24:56 [INFO] __main__: 盯盘引擎已停止
[18:25:04] [引擎] 启动 watchdog...
[18:25:04] [引擎] PID=3208708
[18:25:06] [引擎] 2026-07-30 18:25:06 [INFO] __main__: 加载盯盘状态: 2 只
[18:25:06] [引擎] 2026-07-30 18:25:06 [INFO] __main__: 盯盘循环启动
[18:25:06] [引擎] 2026-07-30 18:25:06 [INFO] __main__: 盯盘引擎已启动
[18:25:06] [引擎] 2026-07-30 18:25:06 [INFO] __main__: ==================================================
[18:25:06] [引擎] 2026-07-30 18:25:06 [INFO] __main__: 盯盘引擎已启动！
[18:25:06] [引擎] 2026-07-30 18:25:06 [INFO] __main__: 状态文件: /root/maneki-agent/plays/watchdog/data/state.json
[18:25:06] [引擎] 2026-07-30 18:25:06 [INFO] __main__: 扫描间隔: 60s
[18:25:06] [引擎] 2026-07-30 18:25:06 [INFO] __main__: 盯盘上限: 20 只
[18:25:06] [引擎] 2026-07-30 18:25:06 [INFO] __main__: ==================================================
[18:25:06] [引擎] 2026-07-30 18:25:06 [INFO] __main__: 通过飞书发送指令: 盯/停/盯盘列表/清盯盘
[18:26:06] [引擎] 2026-07-30 18:26:06 [INFO] __main__: 收盘退出（15:05），明日由 cron 重新拉起
[18:26:06] [引擎] 2026-07-30 18:26:06 [INFO] __main__: 盯盘循环退出
[18:26:06] [引擎] 2026-07-30 18:26:06 [INFO] __main__: 盯盘引擎已停止
[18:26:14] [引擎] 启动 watchdog...
[18:26:14] [引擎] PID=3208717
[18:26:16] [引擎] 2026-07-30 18:26:16 [INFO] __main__: 加载盯盘状态: 2 只
[18:26:16] [引擎] 2026-07-30 18:26:16 [INFO] __main__: 盯盘循环启动
[18:26:16] [引擎] 2026-07-30 18:26:16 [INFO] __main__: 盯盘引擎已启动
[18:26:16] [引擎] 2026-07-30 18:26:16 [INFO] __main__: ==================================================
[18:26:16] [引擎] 2026-07-30 18:26:16 [INFO] __main__: 盯盘引擎已启动！
[18:26:16] [引擎] 2026-07-30 18:26:16 [INFO] __main__: 状态文件: /root/maneki-agent/plays/watchdog/data/state.json
[18:26:16] [引擎] 2026-07-30 18:26:16 [INFO] __main__: 扫描间隔: 60s
[18:26:16] [引擎] 2026-07-30 18:26:16 [INFO] __main__: 盯盘上限: 20 只
[18:26:16] [引擎] 2026-07-30 18:26:16 [INFO] __main__: ==================================================
[18:26:16] [引擎] 2026-07-30 18:26:16 [INFO] __main__: 通过飞书发送指令: 盯/停/盯盘列表/清盯盘
[18:27:16] [引擎] 2026-07-30 18:27:16 [INFO] __main__: 收盘退出（15:05），明日由 cron 重新拉起
[18:27:16] [引擎] 2026-07-30 18:27:16 [INFO] __main__: 盯盘循环退出
[18:27:16] [引擎] 2026-07-30 18:27:16 [INFO] __main__: 盯盘引擎已停止
[18:27:24] [引擎] 启动 watchdog...
[18:27:24] [引擎] PID=3208727
[18:27:26] [引擎] 2026-07-30 18:27:26 [INFO] __main__: 加载盯盘状态: 2 只
[18:27:26] [引擎] 2026-07-30 18:27:26 [INFO] __main__: 盯盘循环启动
[18:27:26] [引擎] 2026-07-30 18:27:26 [INFO] __main__: 盯盘引擎已启动
[18:27:26] [引擎] 2026-07-30 18:27:26 [INFO] __main__: ==================================================
[18:27:26] [引擎] 2026-07-30 18:27:26 [INFO] __main__: 盯盘引擎已启动！
[18:27:26] [引擎] 2026-07-30 18:27:26 [INFO] __main__: 状态文件: /root/maneki-agent/plays/watchdog/data/state.json
[18:27:26] [引擎] 2026-07-30 18:27:26 [INFO] __main__: 扫描间隔: 60s
[18:27:26] [引擎] 2026-07-30 18:27:26 [INFO] __main__: 盯盘上限: 20 只
[18:27:26] [引擎] 2026-07-30 18:27:26 [INFO] __main__: ==================================================
[18:27:26] [引擎] 2026-07-30 18:27:26 [INFO] __main__: 通过飞书发送指令: 盯/停/盯盘列表/清盯盘
[18:28:26] [引擎] 2026-07-30 18:28:26 [INFO] __main__: 收盘退出（15:05），明日由 cron 重新拉起
[18:28:26] [引擎] 2026-07-30 18:28:26 [INFO] __main__: 盯盘循环退出
[18:28:26] [引擎] 2026-07-30 18:28:26 [INFO] __main__: 盯盘引擎已停止
[18:28:34] [引擎] 启动 watchdog...
[18:28:34] [引擎] PID=3208735
[18:28:36] [引擎] 2026-07-30 18:28:36 [INFO] __main__: 加载盯盘状态: 2 只
[18:28:36] [引擎] 2026-07-30 18:28:36 [INFO] __main__: 盯盘循环启动
[18:28:36] [引擎] 2026-07-30 18:28:36 [INFO] __main__: 盯盘引擎已启动
[18:28:36] [引擎] 2026-07-30 18:28:36 [INFO] __main__: ==================================================
[18:28:36] [引擎] 2026-07-30 18:28:36 [INFO] __main__: 盯盘引擎已启动！
[18:28:36] [引擎] 2026-07-30 18:28:36 [INFO] __main__: 状态文件: /root/maneki-agent/plays/watchdog/data/state.json
[18:28:36] [引擎] 2026-07-30 18:28:36 [INFO] __main__: 扫描间隔: 60s
[18:28:36] [引擎] 2026-07-30 18:28:36 [INFO] __main__: 盯盘上限: 20 只
[18:28:36] [引擎] 2026-07-30 18:28:36 [INFO] __main__: ==================================================
[18:28:36] [引擎] 2026-07-30 18:28:36 [INFO] __main__: 通过飞书发送指令: 盯/停/盯盘列表/清盯盘
[18:29:36] [引擎] 2026-07-30 18:29:36 [INFO] __main__: 收盘退出（15:05），明日由 cron 重新拉起
[18:29:36] [引擎] 2026-07-30 18:29:36 [INFO] __main__: 盯盘循环退出
[18:29:36] [引擎] 2026-07-30 18:29:36 [INFO] __main__: 盯盘引擎已停止
[18:29:44] [引擎] 启动 watchdog...
[18:29:44] [引擎] PID=3208747
[18:29:46] [引擎] 2026-07-30 18:29:46 [INFO] __main__: 加载盯盘状态: 2 只
[18:29:46] [引擎] 2026-07-30 18:29:46 [INFO] __main__: 盯盘循环启动
[18:29:46] [引擎] 2026-07-30 18:29:46 [INFO] __main__: 盯盘引擎已启动
[18:29:46] [引擎] 2026-07-30 18:29:46 [INFO] __main__: ==================================================
[18:29:46] [引擎] 2026-07-30 18:29:46 [INFO] __main__: 盯盘引擎已启动！
[18:29:46] [引擎] 2026-07-30 18:29:46 [INFO] __main__: 状态文件: /root/maneki-agent/plays/watchdog/data/state.json
[18:29:46] [引擎] 2026-07-30 18:29:46 [INFO] __main__: 扫描间隔: 60s
[18:29:46] [引擎] 2026-07-30 18:29:46 [INFO] __main__: 盯盘上限: 20 只
[18:29:46] [引擎] 2026-07-30 18:29:46 [INFO] __main__: ==================================================
[18:29:46] [引擎] 2026-07-30 18:29:46 [INFO] __main__: 通过飞书发送指令: 盯/停/盯盘列表/清盯盘
[18:30:46] [引擎] 2026-07-30 18:30:46 [INFO] __main__: 收盘退出（15:05），明日由 cron 重新拉起
[18:30:46] [引擎] 2026-07-30 18:30:46 [INFO] __main__: 盯盘循环退出
[18:30:46] [引擎] 2026-07-30 18:30:46 [INFO] __main__: 盯盘引擎已停止
[18:30:54] [引擎] 启动 watchdog...
[18:30:54] [引擎] PID=3208758
[18:30:56] [引擎] 2026-07-30 18:30:56 [INFO] __main__: 加载盯盘状态: 2 只
[18:30:56] [引擎] 2026-07-30 18:30:56 [INFO] __main__: 盯盘循环启动
[18:30:56] [引擎] 2026-07-30 18:30:56 [INFO] __main__: 盯盘引擎已启动
[18:30:56] [引擎] 2026-07-30 18:30:56 [INFO] __main__: ==================================================
[18:30:56] [引擎] 2026-07-30 18:30:56 [INFO] __main__: 盯盘引擎已启动！
[18:30:56] [引擎] 2026-07-30 18:30:56 [INFO] __main__: 状态文件: /root/maneki-agent/plays/watchdog/data/state.json
[18:30:56] [引擎] 2026-07-30 18:30:56 [INFO] __main__: 扫描间隔: 60s
[18:30:56] [引擎] 2026-07-30 18:30:56 [INFO] __main__: 盯盘上限: 20 只
[18:30:56] [引擎] 2026-07-30 18:30:56 [INFO] __main__: ==================================================
[18:30:56] [引擎] 2026-07-30 18:30:56 [INFO] __main__: 通过飞书发送指令: 盯/停/盯盘列表/清盯盘
[18:31:56] [引擎] 2026-07-30 18:31:56 [INFO] __main__: 收盘退出（15:05），明日由 cron 重新拉起
[18:31:56] [引擎] 2026-07-30 18:31:56 [INFO] __main__: 盯盘循环退出
[18:31:56] [引擎] 2026-07-30 18:31:56 [INFO] __main__: 盯盘引擎已停止
[18:32:04] [引擎] 启动 watchdog...
[18:32:04] [引擎] PID=3208767
[18:32:06] [引擎] 2026-07-30 18:32:06 [INFO] __main__: 加载盯盘状态: 2 只
[18:32:06] [引擎] 2026-07-30 18:32:06 [INFO] __main__: 盯盘循环启动
[18:32:06] [引擎] 2026-07-30 18:32:06 [INFO] __main__: 盯盘引擎已启动
[18:32:06] [引擎] 2026-07-30 18:32:06 [INFO] __main__: ==================================================
[18:32:06] [引擎] 2026-07-30 18:32:06 [INFO] __main__: 盯盘引擎已启动！
[18:32:06] [引擎] 2026-07-30 18:32:06 [INFO] __main__: 状态文件: /root/maneki-agent/plays/watchdog/data/state.json
[18:32:06] [引擎] 2026-07-30 18:32:06 [INFO] __main__: 扫描间隔: 60s
[18:32:06] [引擎] 2026-07-30 18:32:06 [INFO] __main__: 盯盘上限: 20 只
[18:32:06] [引擎] 2026-07-30 18:32:06 [INFO] __main__: ==================================================
[18:32:06] [引擎] 2026-07-30 18:32:06 [INFO] __main__: 通过飞书发送指令: 盯/停/盯盘列表/清盯盘
[18:33:06] [引擎] 2026-07-30 18:33:06 [INFO] __main__: 收盘退出（15:05），明日由 cron 重新拉起
[18:33:06] [引擎] 2026-07-30 18:33:06 [INFO] __main__: 盯盘循环退出
[18:33:06] [引擎] 2026-07-30 18:33:06 [INFO] __main__: 盯盘引擎已停止
[18:33:14] [引擎] 启动 watchdog...
[18:33:14] [引擎] PID=3208775
[18:33:16] [引擎] 2026-07-30 18:33:16 [INFO] __main__: 加载盯盘状态: 2 只
[18:33:16] [引擎] 2026-07-30 18:33:16 [INFO] __main__: 盯盘循环启动
[18:33:16] [引擎] 2026-07-30 18:33:16 [INFO] __main__: 盯盘引擎已启动
[18:33:16] [引擎] 2026-07-30 18:33:16 [INFO] __main__: ==================================================
[18:33:16] [引擎] 2026-07-30 18:33:16 [INFO] __main__: 盯盘引擎已启动！
[18:33:16] [引擎] 2026-07-30 18:33:16 [INFO] __main__: 状态文件: /root/maneki-agent/plays/watchdog/data/state.json
[18:33:16] [引擎] 2026-07-30 18:33:16 [INFO] __main__: 扫描间隔: 60s
[18:33:16] [引擎] 2026-07-30 18:33:16 [INFO] __main__: 盯盘上限: 20 只
[18:33:16] [引擎] 2026-07-30 18:33:16 [INFO] __main__: ==================================================
[18:33:16] [引擎] 2026-07-30 18:33:16 [INFO] __main__: 通过飞书发送指令: 盯/停/盯盘列表/清盯盘
[18:34:16] [引擎] 2026-07-30 18:34:16 [INFO] __main__: 收盘退出（15:05），明日由 cron 重新拉起
[18:34:16] [引擎] 2026-07-30 18:34:16 [INFO] __main__: 盯盘循环退出
[18:34:16] [引擎] 2026-07-30 18:34:16 [INFO] __main__: 盯盘引擎已停止
[18:34:24] [引擎] 启动 watchdog...
[18:34:24] [引擎] PID=3208784
[18:34:26] [引擎] 2026-07-30 18:34:26 [INFO] __main__: 加载盯盘状态: 2 只
[18:34:26] [引擎] 2026-07-30 18:34:26 [INFO] __main__: 盯盘循环启动
[18:34:26] [引擎] 2026-07-30 18:34:26 [INFO] __main__: 盯盘引擎已启动
[18:34:26] [引擎] 2026-07-30 18:34:26 [INFO] __main__: ==================================================
[18:34:26] [引擎] 2026-07-30 18:34:26 [INFO] __main__: 盯盘引擎已启动！
[18:34:26] [引擎] 2026-07-30 18:34:26 [INFO] __main__: 状态文件: /root/maneki-agent/plays/watchdog/data/state.json
[18:34:26] [引擎] 2026-07-30 18:34:26 [INFO] __main__: 扫描间隔: 60s
[18:34:26] [引擎] 2026-07-30 18:34:26 [INFO] __main__: 盯盘上限: 20 只
[18:34:26] [引擎] 2026-07-30 18:34:26 [INFO] __main__: ==================================================
[18:34:26] [引擎] 2026-07-30 18:34:26 [INFO] __main__: 通过飞书发送指令: 盯/停/盯盘列表/清盯盘
[18:35:26] [引擎] 2026-07-30 18:35:26 [INFO] __main__: 收盘退出（15:05），明日由 cron 重新拉起
[18:35:26] [引擎] 2026-07-30 18:35:26 [INFO] __main__: 盯盘循环退出
[18:35:26] [引擎] 2026-07-30 18:35:26 [INFO] __main__: 盯盘引擎已停止
[18:35:35] [引擎] 启动 watchdog...
[18:35:35] [引擎] PID=3208796
[18:35:36] [引擎] 2026-07-30 18:35:36 [INFO] __main__: 加载盯盘状态: 2 只
[18:35:36] [引擎] 2026-07-30 18:35:36 [INFO] __main__: 盯盘循环启动
[18:35:36] [引擎] 2026-07-30 18:35:36 [INFO] __main__: 盯盘引擎已启动
[18:35:36] [引擎] 2026-07-30 18:35:36 [INFO] __main__: ==================================================
[18:35:36] [引擎] 2026-07-30 18:35:36 [INFO] __main__: 盯盘引擎已启动！
[18:35:36] [引擎] 2026-07-30 18:35:36 [INFO] __main__: 状态文件: /root/maneki-agent/plays/watchdog/data/state.json
[18:35:36] [引擎] 2026-07-30 18:35:36 [INFO] __main__: 扫描间隔: 60s
[18:35:36] [引擎] 2026-07-30 18:35:36 [INFO] __main__: 盯盘上限: 20 只
[18:35:36] [引擎] 2026-07-30 18:35:36 [INFO] __main__: ==================================================
[18:35:36] [引擎] 2026-07-30 18:35:36 [INFO] __main__: 通过飞书发送指令: 盯/停/盯盘列表/清盯盘
[18:36:36] [引擎] 2026-07-30 18:36:36 [INFO] __main__: 收盘退出（15:05），明日由 cron 重新拉起
[18:36:36] [引擎] 2026-07-30 18:36:36 [INFO] __main__: 盯盘循环退出
[18:36:36] [引擎] 2026-07-30 18:36:36 [INFO] __main__: 盯盘引擎已停止
[18:36:45] [引擎] 启动 watchdog...
[18:36:45] [引擎] PID=3208805
[18:36:46] [引擎] 2026-07-30 18:36:46 [INFO] __main__: 加载盯盘状态: 2 只
[18:36:46] [引擎] 2026-07-30 18:36:46 [INFO] __main__: 盯盘循环启动
[18:36:46] [引擎] 2026-07-30 18:36:46 [INFO] __main__: 盯盘引擎已启动
[18:36:46] [引擎] 2026-07-30 18:36:46 [INFO] __main__: ==================================================
[18:36:46] [引擎] 2026-07-30 18:36:46 [INFO] __main__: 盯盘引擎已启动！
[18:36:46] [引擎] 2026-07-30 18:36:46 [INFO] __main__: 状态文件: /root/maneki-agent/plays/watchdog/data/state.json
[18:36:46] [引擎] 2026-07-30 18:36:46 [INFO] __main__: 扫描间隔: 60s
[18:36:46] [引擎] 2026-07-30 18:36:46 [INFO] __main__: 盯盘上限: 20 只
[18:36:46] [引擎] 2026-07-30 18:36:46 [INFO] __main__: ==================================================
[18:36:46] [引擎] 2026-07-30 18:36:46 [INFO] __main__: 通过飞书发送指令: 盯/停/盯盘列表/清盯盘
[18:37:46] [引擎] 2026-07-30 18:37:46 [INFO] __main__: 收盘退出（15:05），明日由 cron 重新拉起
[18:37:46] [引擎] 2026-07-30 18:37:46 [INFO] __main__: 盯盘循环退出
[18:37:46] [引擎] 2026-07-30 18:37:46 [INFO] __main__: 盯盘引擎已停止
[18:37:55] [引擎] 启动 watchdog...
[18:37:55] [引擎] PID=3208813
[18:37:56] [引擎] 2026-07-30 18:37:56 [INFO] __main__: 加载盯盘状态: 2 只
[18:37:56] [引擎] 2026-07-30 18:37:56 [INFO] __main__: 盯盘循环启动
[18:37:56] [引擎] 2026-07-30 18:37:56 [INFO] __main__: 盯盘引擎已启动
[18:37:56] [引擎] 2026-07-30 18:37:56 [INFO] __main__: ==================================================
[18:37:56] [引擎] 2026-07-30 18:37:56 [INFO] __main__: 盯盘引擎已启动！
[18:37:56] [引擎] 2026-07-30 18:37:56 [INFO] __main__: 状态文件: /root/maneki-agent/plays/watchdog/data/state.json
[18:37:56] [引擎] 2026-07-30 18:37:56 [INFO] __main__: 扫描间隔: 60s
[18:37:56] [引擎] 2026-07-30 18:37:56 [INFO] __main__: 盯盘上限: 20 只
[18:37:56] [引擎] 2026-07-30 18:37:56 [INFO] __main__: ==================================================
[18:37:56] [引擎] 2026-07-30 18:37:56 [INFO] __main__: 通过飞书发送指令: 盯/停/盯盘列表/清盯盘
[18:38:56] [引擎] 2026-07-30 18:38:56 [INFO] __main__: 收盘退出（15:05），明日由 cron 重新拉起
[18:38:56] [引擎] 2026-07-30 18:38:56 [INFO] __main__: 盯盘循环退出
[18:38:56] [引擎] 2026-07-30 18:38:56 [INFO] __main__: 盯盘引擎已停止
[18:39:05] [引擎] 启动 watchdog...
[18:39:05] [引擎] PID=3208824
[18:39:06] [引擎] 2026-07-30 18:39:06 [INFO] __main__: 加载盯盘状态: 2 只
[18:39:06] [引擎] 2026-07-30 18:39:06 [INFO] __main__: 盯盘循环启动
[18:39:06] [引擎] 2026-07-30 18:39:06 [INFO] __main__: 盯盘引擎已启动
[18:39:06] [引擎] 2026-07-30 18:39:06 [INFO] __main__: ==================================================
[18:39:06] [引擎] 2026-07-30 18:39:06 [INFO] __main__: 盯盘引擎已启动！
[18:39:06] [引擎] 2026-07-30 18:39:06 [INFO] __main__: 状态文件: /root/maneki-agent/plays/watchdog/data/state.json
[18:39:06] [引擎] 2026-07-30 18:39:06 [INFO] __main__: 扫描间隔: 60s
[18:39:06] [引擎] 2026-07-30 18:39:06 [INFO] __main__: 盯盘上限: 20 只
[18:39:06] [引擎] 2026-07-30 18:39:06 [INFO] __main__: ==================================================
[18:39:06] [引擎] 2026-07-30 18:39:06 [INFO] __main__: 通过飞书发送指令: 盯/停/盯盘列表/清盯盘
[18:40:06] [引擎] 2026-07-30 18:40:06 [INFO] __main__: 收盘退出（15:05），明日由 cron 重新拉起
[18:40:06] [引擎] 2026-07-30 18:40:06 [INFO] __main__: 盯盘循环退出
[18:40:06] [引擎] 2026-07-30 18:40:06 [INFO] __main__: 盯盘引擎已停止
[18:40:15] [引擎] 启动 watchdog...
[18:40:15] [引擎] PID=3208833
[18:40:16] [引擎] 2026-07-30 18:40:16 [INFO] __main__: 加载盯盘状态: 2 只
[18:40:16] [引擎] 2026-07-30 18:40:16 [INFO] __main__: 盯盘循环启动
[18:40:16] [引擎] 2026-07-30 18:40:16 [INFO] __main__: 盯盘引擎已启动
[18:40:16] [引擎] 2026-07-30 18:40:16 [INFO] __main__: ==================================================
[18:40:16] [引擎] 2026-07-30 18:40:16 [INFO] __main__: 盯盘引擎已启动！
[18:40:16] [引擎] 2026-07-30 18:40:16 [INFO] __main__: 状态文件: /root/maneki-agent/plays/watchdog/data/state.json
[18:40:16] [引擎] 2026-07-30 18:40:16 [INFO] __main__: 扫描间隔: 60s
[18:40:16] [引擎] 2026-07-30 18:40:16 [INFO] __main__: 盯盘上限: 20 只
[18:40:16] [引擎] 2026-07-30 18:40:16 [INFO] __main__: ==================================================
[18:40:16] [引擎] 2026-07-30 18:40:16 [INFO] __main__: 通过飞书发送指令: 盯/停/盯盘列表/清盯盘
[18:41:16] [引擎] 2026-07-30 18:41:16 [INFO] __main__: 收盘退出（15:05），明日由 cron 重新拉起
[18:41:16] [引擎] 2026-07-30 18:41:16 [INFO] __main__: 盯盘循环退出
[18:41:16] [引擎] 2026-07-30 18:41:16 [INFO] __main__: 盯盘引擎已停止
[18:41:25] [引擎] 启动 watchdog...
[18:41:25] [引擎] PID=3208842
[18:41:26] [引擎] 2026-07-30 18:41:26 [INFO] __main__: 加载盯盘状态: 2 只
[18:41:26] [引擎] 2026-07-30 18:41:26 [INFO] __main__: 盯盘循环启动
[18:41:26] [引擎] 2026-07-30 18:41:26 [INFO] __main__: 盯盘引擎已启动
[18:41:26] [引擎] 2026-07-30 18:41:26 [INFO] __main__: ==================================================
[18:41:26] [引擎] 2026-07-30 18:41:26 [INFO] __main__: 盯盘引擎已启动！
[18:41:26] [引擎] 2026-07-30 18:41:26 [INFO] __main__: 状态文件: /root/maneki-agent/plays/watchdog/data/state.json
[18:41:26] [引擎] 2026-07-30 18:41:26 [INFO] __main__: 扫描间隔: 60s
[18:41:26] [引擎] 2026-07-30 18:41:26 [INFO] __main__: 盯盘上限: 20 只
[18:41:26] [引擎] 2026-07-30 18:41:26 [INFO] __main__: ==================================================
[18:41:26] [引擎] 2026-07-30 18:41:26 [INFO] __main__: 通过飞书发送指令: 盯/停/盯盘列表/清盯盘
[18:42:26] [引擎] 2026-07-30 18:42:26 [INFO] __main__: 收盘退出（15:05），明日由 cron 重新拉起
[18:42:26] [引擎] 2026-07-30 18:42:26 [INFO] __main__: 盯盘循环退出
[18:42:26] [引擎] 2026-07-30 18:42:26 [INFO] __main__: 盯盘引擎已停止
[18:42:35] [引擎] 启动 watchdog...
[18:42:35] [引擎] PID=3208851
[18:42:36] [引擎] 2026-07-30 18:42:36 [INFO] __main__: 加载盯盘状态: 2 只
[18:42:36] [引擎] 2026-07-30 18:42:36 [INFO] __main__: 盯盘循环启动
[18:42:36] [引擎] 2026-07-30 18:42:36 [INFO] __main__: 盯盘引擎已启动
[18:42:36] [引擎] 2026-07-30 18:42:36 [INFO] __main__: ==================================================
[18:42:36] [引擎] 2026-07-30 18:42:36 [INFO] __main__: 盯盘引擎已启动！
[18:42:36] [引擎] 2026-07-30 18:42:36 [INFO] __main__: 状态文件: /root/maneki-agent/plays/watchdog/data/state.json
[18:42:36] [引擎] 2026-07-30 18:42:36 [INFO] __main__: 扫描间隔: 60s
[18:42:36] [引擎] 2026-07-30 18:42:36 [INFO] __main__: 盯盘上限: 20 只
[18:42:36] [引擎] 2026-07-30 18:42:36 [INFO] __main__: ==================================================
[18:42:36] [引擎] 2026-07-30 18:42:36 [INFO] __main__: 通过飞书发送指令: 盯/停/盯盘列表/清盯盘
[18:43:36] [引擎] 2026-07-30 18:43:36 [INFO] __main__: 收盘退出（15:05），明日由 cron 重新拉起
[18:43:36] [引擎] 2026-07-30 18:43:36 [INFO] __main__: 盯盘循环退出
[18:43:36] [引擎] 2026-07-30 18:43:36 [INFO] __main__: 盯盘引擎已停止
[18:43:45] [引擎] 启动 watchdog...
[18:43:45] [引擎] PID=3208859
[18:43:46] [引擎] 2026-07-30 18:43:46 [INFO] __main__: 加载盯盘状态: 2 只
[18:43:46] [引擎] 2026-07-30 18:43:46 [INFO] __main__: 盯盘循环启动
[18:43:46] [引擎] 2026-07-30 18:43:46 [INFO] __main__: 盯盘引擎已启动
[18:43:46] [引擎] 2026-07-30 18:43:46 [INFO] __main__: ==================================================
[18:43:46] [引擎] 2026-07-30 18:43:46 [INFO] __main__: 盯盘引擎已启动！
[18:43:46] [引擎] 2026-07-30 18:43:46 [INFO] __main__: 状态文件: /root/maneki-agent/plays/watchdog/data/state.json
[18:43:46] [引擎] 2026-07-30 18:43:46 [INFO] __main__: 扫描间隔: 60s
[18:43:46] [引擎] 2026-07-30 18:43:46 [INFO] __main__: 盯盘上限: 20 只
[18:43:46] [引擎] 2026-07-30 18:43:46 [INFO] __main__: ==================================================
[18:43:46] [引擎] 2026-07-30 18:43:46 [INFO] __main__: 通过飞书发送指令: 盯/停/盯盘列表/清盯盘
[18:44:46] [引擎] 2026-07-30 18:44:46 [INFO] __main__: 收盘退出（15:05），明日由 cron 重新拉起
[18:44:46] [引擎] 2026-07-30 18:44:46 [INFO] __main__: 盯盘循环退出
[18:44:46] [引擎] 2026-07-30 18:44:46 [INFO] __main__: 盯盘引擎已停止
[18:44:55] [引擎] 启动 watchdog...
[18:44:55] [引擎] PID=3208868
[18:44:56] [引擎] 2026-07-30 18:44:56 [INFO] __main__: 加载盯盘状态: 2 只
[18:44:56] [引擎] 2026-07-30 18:44:56 [INFO] __main__: 盯盘循环启动
[18:44:56] [引擎] 2026-07-30 18:44:56 [INFO] __main__: 盯盘引擎已启动
[18:44:56] [引擎] 2026-07-30 18:44:56 [INFO] __main__: ==================================================
[18:44:56] [引擎] 2026-07-30 18:44:56 [INFO] __main__: 盯盘引擎已启动！
[18:44:56] [引擎] 2026-07-30 18:44:56 [INFO] __main__: 状态文件: /root/maneki-agent/plays/watchdog/data/state.json
[18:44:56] [引擎] 2026-07-30 18:44:56 [INFO] __main__: 扫描间隔: 60s
[18:44:56] [引擎] 2026-07-30 18:44:56 [INFO] __main__: 盯盘上限: 20 只
[18:44:56] [引擎] 2026-07-30 18:44:56 [INFO] __main__: ==================================================
[18:44:56] [引擎] 2026-07-30 18:44:56 [INFO] __main__: 通过飞书发送指令: 盯/停/盯盘列表/清盯盘
[18:45:56] [引擎] 2026-07-30 18:45:56 [INFO] __main__: 收盘退出（15:05），明日由 cron 重新拉起
[18:45:56] [引擎] 2026-07-30 18:45:56 [INFO] __main__: 盯盘循环退出
[18:45:56] [引擎] 2026-07-30 18:45:56 [INFO] __main__: 盯盘引擎已停止
[18:46:05] [引擎] 启动 watchdog...
[18:46:05] [引擎] PID=3208881
[18:46:06] [引擎] 2026-07-30 18:46:06 [INFO] __main__: 加载盯盘状态: 2 只
[18:46:06] [引擎] 2026-07-30 18:46:06 [INFO] __main__: 盯盘循环启动
[18:46:06] [引擎] 2026-07-30 18:46:06 [INFO] __main__: 盯盘引擎已启动
[18:46:06] [引擎] 2026-07-30 18:46:06 [INFO] __main__: ==================================================
[18:46:06] [引擎] 2026-07-30 18:46:06 [INFO] __main__: 盯盘引擎已启动！
[18:46:06] [引擎] 2026-07-30 18:46:06 [INFO] __main__: 状态文件: /root/maneki-agent/plays/watchdog/data/state.json
[18:46:06] [引擎] 2026-07-30 18:46:06 [INFO] __main__: 扫描间隔: 60s
[18:46:06] [引擎] 2026-07-30 18:46:06 [INFO] __main__: 盯盘上限: 20 只
[18:46:06] [引擎] 2026-07-30 18:46:06 [INFO] __main__: ==================================================
[18:46:06] [引擎] 2026-07-30 18:46:06 [INFO] __main__: 通过飞书发送指令: 盯/停/盯盘列表/清盯盘
[18:47:06] [引擎] 2026-07-30 18:47:06 [INFO] __main__: 收盘退出（15:05），明日由 cron 重新拉起
[18:47:06] [引擎] 2026-07-30 18:47:06 [INFO] __main__: 盯盘循环退出
[18:47:06] [引擎] 2026-07-30 18:47:06 [INFO] __main__: 盯盘引擎已停止
[18:47:15] [引擎] 启动 watchdog...
[18:47:15] [引擎] PID=3208891
[18:47:16] [引擎] 2026-07-30 18:47:16 [INFO] __main__: 加载盯盘状态: 2 只
[18:47:16] [引擎] 2026-07-30 18:47:16 [INFO] __main__: 盯盘循环启动
[18:47:16] [引擎] 2026-07-30 18:47:16 [INFO] __main__: 盯盘引擎已启动
[18:47:16] [引擎] 2026-07-30 18:47:16 [INFO] __main__: ==================================================
[18:47:16] [引擎] 2026-07-30 18:47:16 [INFO] __main__: 盯盘引擎已启动！
[18:47:16] [引擎] 2026-07-30 18:47:16 [INFO] __main__: 状态文件: /root/maneki-agent/plays/watchdog/data/state.json
[18:47:16] [引擎] 2026-07-30 18:47:16 [INFO] __main__: 扫描间隔: 60s
[18:47:16] [引擎] 2026-07-30 18:47:16 [INFO] __main__: 盯盘上限: 20 只
[18:47:16] [引擎] 2026-07-30 18:47:16 [INFO] __main__: ==================================================
[18:47:16] [引擎] 2026-07-30 18:47:16 [INFO] __main__: 通过飞书发送指令: 盯/停/盯盘列表/清盯盘
[18:48:16] [引擎] 2026-07-30 18:48:16 [INFO] __main__: 收盘退出（15:05），明日由 cron 重新拉起
[18:48:16] [引擎] 2026-07-30 18:48:16 [INFO] __main__: 盯盘循环退出
[18:48:16] [引擎] 2026-07-30 18:48:16 [INFO] __main__: 盯盘引擎已停止
[18:48:25] [引擎] 启动 watchdog...
[18:48:25] [引擎] PID=3208900
[18:48:26] [引擎] 2026-07-30 18:48:26 [INFO] __main__: 加载盯盘状态: 2 只
[18:48:26] [引擎] 2026-07-30 18:48:26 [INFO] __main__: 盯盘循环启动
[18:48:26] [引擎] 2026-07-30 18:48:26 [INFO] __main__: 盯盘引擎已启动
[18:48:26] [引擎] 2026-07-30 18:48:26 [INFO] __main__: ==================================================
[18:48:26] [引擎] 2026-07-30 18:48:26 [INFO] __main__: 盯盘引擎已启动！
[18:48:26] [引擎] 2026-07-30 18:48:26 [INFO] __main__: 状态文件: /root/maneki-agent/plays/watchdog/data/state.json
[18:48:26] [引擎] 2026-07-30 18:48:26 [INFO] __main__: 扫描间隔: 60s
[18:48:26] [引擎] 2026-07-30 18:48:26 [INFO] __main__: 盯盘上限: 20 只
[18:48:26] [引擎] 2026-07-30 18:48:26 [INFO] __main__: ==================================================
[18:48:26] [引擎] 2026-07-30 18:48:26 [INFO] __main__: 通过飞书发送指令: 盯/停/盯盘列表/清盯盘
[18:49:26] [引擎] 2026-07-30 18:49:26 [INFO] __main__: 收盘退出（15:05），明日由 cron 重新拉起
[18:49:26] [引擎] 2026-07-30 18:49:26 [INFO] __main__: 盯盘循环退出
[18:49:26] [引擎] 2026-07-30 18:49:26 [INFO] __main__: 盯盘引擎已停止
[18:49:35] [引擎] 启动 watchdog...
[18:49:35] [引擎] PID=3208910
[18:49:36] [引擎] 2026-07-30 18:49:36 [INFO] __main__: 加载盯盘状态: 2 只
[18:49:36] [引擎] 2026-07-30 18:49:36 [INFO] __main__: 盯盘循环启动
[18:49:36] [引擎] 2026-07-30 18:49:36 [INFO] __main__: 盯盘引擎已启动
[18:49:36] [引擎] 2026-07-30 18:49:36 [INFO] __main__: ==================================================
[18:49:36] [引擎] 2026-07-30 18:49:36 [INFO] __main__: 盯盘引擎已启动！
[18:49:36] [引擎] 2026-07-30 18:49:36 [INFO] __main__: 状态文件: /root/maneki-agent/plays/watchdog/data/state.json
[18:49:36] [引擎] 2026-07-30 18:49:36 [INFO] __main__: 扫描间隔: 60s
[18:49:36] [引擎] 2026-07-30 18:49:36 [INFO] __main__: 盯盘上限: 20 只
[18:49:36] [引擎] 2026-07-30 18:49:36 [INFO] __main__: ==================================================
[18:49:36] [引擎] 2026-07-30 18:49:36 [INFO] __main__: 通过飞书发送指令: 盯/停/盯盘列表/清盯盘
[18:50:36] [引擎] 2026-07-30 18:50:36 [INFO] __main__: 收盘退出（15:05），明日由 cron 重新拉起
[18:50:36] [引擎] 2026-07-30 18:50:36 [INFO] __main__: 盯盘循环退出
[18:50:36] [引擎] 2026-07-30 18:50:36 [INFO] __main__: 盯盘引擎已停止
[18:50:45] [引擎] 启动 watchdog...
[18:50:45] [引擎] PID=3208919
[18:50:46] [引擎] 2026-07-30 18:50:46 [INFO] __main__: 加载盯盘状态: 2 只
[18:50:46] [引擎] 2026-07-30 18:50:46 [INFO] __main__: 盯盘循环启动
[18:50:46] [引擎] 2026-07-30 18:50:46 [INFO] __main__: 盯盘引擎已启动
[18:50:46] [引擎] 2026-07-30 18:50:46 [INFO] __main__: ==================================================
[18:50:46] [引擎] 2026-07-30 18:50:46 [INFO] __main__: 盯盘引擎已启动！
[18:50:46] [引擎] 2026-07-30 18:50:46 [INFO] __main__: 状态文件: /root/maneki-agent/plays/watchdog/data/state.json
[18:50:46] [引擎] 2026-07-30 18:50:46 [INFO] __main__: 扫描间隔: 60s
[18:50:46] [引擎] 2026-07-30 18:50:46 [INFO] __main__: 盯盘上限: 20 只
[18:50:46] [引擎] 2026-07-30 18:50:46 [INFO] __main__: ==================================================
[18:50:46] [引擎] 2026-07-30 18:50:46 [INFO] __main__: 通过飞书发送指令: 盯/停/盯盘列表/清盯盘
[18:51:46] [引擎] 2026-07-30 18:51:46 [INFO] __main__: 收盘退出（15:05），明日由 cron 重新拉起
[18:51:46] [引擎] 2026-07-30 18:51:46 [INFO] __main__: 盯盘循环退出
[18:51:46] [引擎] 2026-07-30 18:51:46 [INFO] __main__: 盯盘引擎已停止
[18:51:55] [引擎] 启动 watchdog...
[18:51:55] [引擎] PID=3208928
[18:51:56] [引擎] 2026-07-30 18:51:56 [INFO] __main__: 加载盯盘状态: 2 只
[18:51:56] [引擎] 2026-07-30 18:51:56 [INFO] __main__: 盯盘循环启动
[18:51:56] [引擎] 2026-07-30 18:51:56 [INFO] __main__: 盯盘引擎已启动
[18:51:56] [引擎] 2026-07-30 18:51:56 [INFO] __main__: ==================================================
[18:51:56] [引擎] 2026-07-30 18:51:56 [INFO] __main__: 盯盘引擎已启动！
[18:51:56] [引擎] 2026-07-30 18:51:56 [INFO] __main__: 状态文件: /root/maneki-agent/plays/watchdog/data/state.json
[18:51:56] [引擎] 2026-07-30 18:51:56 [INFO] __main__: 扫描间隔: 60s
[18:51:56] [引擎] 2026-07-30 18:51:56 [INFO] __main__: 盯盘上限: 20 只
[18:51:56] [引擎] 2026-07-30 18:51:56 [INFO] __main__: ==================================================
[18:51:56] [引擎] 2026-07-30 18:51:56 [INFO] __main__: 通过飞书发送指令: 盯/停/盯盘列表/清盯盘
[18:52:56] [引擎] 2026-07-30 18:52:56 [INFO] __main__: 收盘退出（15:05），明日由 cron 重新拉起
[18:52:56] [引擎] 2026-07-30 18:52:56 [INFO] __main__: 盯盘循环退出
[18:52:56] [引擎] 2026-07-30 18:52:56 [INFO] __main__: 盯盘引擎已停止
[18:53:05] [引擎] 启动 watchdog...
[18:53:05] [引擎] PID=3208937
[18:53:06] [引擎] 2026-07-30 18:53:06 [INFO] __main__: 加载盯盘状态: 2 只
[18:53:06] [引擎] 2026-07-30 18:53:06 [INFO] __main__: 盯盘循环启动
[18:53:06] [引擎] 2026-07-30 18:53:06 [INFO] __main__: 盯盘引擎已启动
[18:53:06] [引擎] 2026-07-30 18:53:06 [INFO] __main__: ==================================================
[18:53:06] [引擎] 2026-07-30 18:53:06 [INFO] __main__: 盯盘引擎已启动！
[18:53:06] [引擎] 2026-07-30 18:53:06 [INFO] __main__: 状态文件: /root/maneki-agent/plays/watchdog/data/state.json
[18:53:06] [引擎] 2026-07-30 18:53:06 [INFO] __main__: 扫描间隔: 60s
[18:53:06] [引擎] 2026-07-30 18:53:06 [INFO] __main__: 盯盘上限: 20 只
[18:53:06] [引擎] 2026-07-30 18:53:06 [INFO] __main__: ==================================================
[18:53:06] [引擎] 2026-07-30 18:53:06 [INFO] __main__: 通过飞书发送指令: 盯/停/盯盘列表/清盯盘
[18:54:06] [引擎] 2026-07-30 18:54:06 [INFO] __main__: 收盘退出（15:05），明日由 cron 重新拉起
[18:54:06] [引擎] 2026-07-30 18:54:06 [INFO] __main__: 盯盘循环退出
[18:54:06] [引擎] 2026-07-30 18:54:06 [INFO] __main__: 盯盘引擎已停止
[18:54:15] [引擎] 启动 watchdog...
[18:54:15] [引擎] PID=3208945
[18:54:16] [引擎] 2026-07-30 18:54:16 [INFO] __main__: 加载盯盘状态: 2 只
[18:54:16] [引擎] 2026-07-30 18:54:16 [INFO] __main__: 盯盘循环启动
[18:54:16] [引擎] 2026-07-30 18:54:16 [INFO] __main__: 盯盘引擎已启动
[18:54:16] [引擎] 2026-07-30 18:54:16 [INFO] __main__: ==================================================
[18:54:16] [引擎] 2026-07-30 18:54:16 [INFO] __main__: 盯盘引擎已启动！
[18:54:16] [引擎] 2026-07-30 18:54:16 [INFO] __main__: 状态文件: /root/maneki-agent/plays/watchdog/data/state.json
[18:54:16] [引擎] 2026-07-30 18:54:16 [INFO] __main__: 扫描间隔: 60s
[18:54:16] [引擎] 2026-07-30 18:54:16 [INFO] __main__: 盯盘上限: 20 只
[18:54:16] [引擎] 2026-07-30 18:54:16 [INFO] __main__: ==================================================
[18:54:16] [引擎] 2026-07-30 18:54:16 [INFO] __main__: 通过飞书发送指令: 盯/停/盯盘列表/清盯盘
[18:55:16] [引擎] 2026-07-30 18:55:16 [INFO] __main__: 收盘退出（15:05），明日由 cron 重新拉起
[18:55:16] [引擎] 2026-07-30 18:55:16 [INFO] __main__: 盯盘循环退出
[18:55:16] [引擎] 2026-07-30 18:55:16 [INFO] __main__: 盯盘引擎已停止
[18:55:25] [引擎] 启动 watchdog...
[18:55:25] [引擎] PID=3208969
[18:55:26] [引擎] 2026-07-30 18:55:26 [INFO] __main__: 加载盯盘状态: 2 只
[18:55:26] [引擎] 2026-07-30 18:55:26 [INFO] __main__: 盯盘循环启动
[18:55:26] [引擎] 2026-07-30 18:55:26 [INFO] __main__: 盯盘引擎已启动
[18:55:26] [引擎] 2026-07-30 18:55:26 [INFO] __main__: ==================================================
[18:55:26] [引擎] 2026-07-30 18:55:26 [INFO] __main__: 盯盘引擎已启动！
[18:55:26] [引擎] 2026-07-30 18:55:26 [INFO] __main__: 状态文件: /root/maneki-agent/plays/watchdog/data/state.json
[18:55:26] [引擎] 2026-07-30 18:55:26 [INFO] __main__: 扫描间隔: 60s
[18:55:26] [引擎] 2026-07-30 18:55:26 [INFO] __main__: 盯盘上限: 20 只
[18:55:26] [引擎] 2026-07-30 18:55:26 [INFO] __main__: ==================================================
[18:55:26] [引擎] 2026-07-30 18:55:26 [INFO] __main__: 通过飞书发送指令: 盯/停/盯盘列表/清盯盘
[18:56:26] [引擎] 2026-07-30 18:56:26 [INFO] __main__: 收盘退出（15:05），明日由 cron 重新拉起
[18:56:26] [引擎] 2026-07-30 18:56:26 [INFO] __main__: 盯盘循环退出
[18:56:26] [引擎] 2026-07-30 18:56:26 [INFO] __main__: 盯盘引擎已停止
[18:56:35] [引擎] 启动 watchdog...
[18:56:35] [引擎] PID=3208978
[18:56:36] [引擎] 2026-07-30 18:56:36 [INFO] __main__: 加载盯盘状态: 2 只
[18:56:36] [引擎] 2026-07-30 18:56:36 [INFO] __main__: 盯盘循环启动
[18:56:36] [引擎] 2026-07-30 18:56:36 [INFO] __main__: 盯盘引擎已启动
[18:56:36] [引擎] 2026-07-30 18:56:36 [INFO] __main__: ==================================================
[18:56:36] [引擎] 2026-07-30 18:56:36 [INFO] __main__: 盯盘引擎已启动！
[18:56:36] [引擎] 2026-07-30 18:56:36 [INFO] __main__: 状态文件: /root/maneki-agent/plays/watchdog/data/state.json
[18:56:36] [引擎] 2026-07-30 18:56:36 [INFO] __main__: 扫描间隔: 60s
[18:56:36] [引擎] 2026-07-30 18:56:36 [INFO] __main__: 盯盘上限: 20 只
[18:56:36] [引擎] 2026-07-30 18:56:36 [INFO] __main__: ==================================================
[18:56:36] [引擎] 2026-07-30 18:56:36 [INFO] __main__: 通过飞书发送指令: 盯/停/盯盘列表/清盯盘
[18:57:36] [引擎] 2026-07-30 18:57:36 [INFO] __main__: 收盘退出（15:05），明日由 cron 重新拉起
[18:57:36] [引擎] 2026-07-30 18:57:36 [INFO] __main__: 盯盘循环退出
[18:57:36] [引擎] 2026-07-30 18:57:36 [INFO] __main__: 盯盘引擎已停止
[18:57:45] [引擎] 启动 watchdog...
[18:57:45] [引擎] PID=3208987
[18:57:46] [引擎] 2026-07-30 18:57:46 [INFO] __main__: 加载盯盘状态: 2 只
[18:57:46] [引擎] 2026-07-30 18:57:46 [INFO] __main__: 盯盘循环启动
[18:57:46] [引擎] 2026-07-30 18:57:46 [INFO] __main__: 盯盘引擎已启动
[18:57:46] [引擎] 2026-07-30 18:57:46 [INFO] __main__: ==================================================
[18:57:46] [引擎] 2026-07-30 18:57:46 [INFO] __main__: 盯盘引擎已启动！
[18:57:46] [引擎] 2026-07-30 18:57:46 [INFO] __main__: 状态文件: /root/maneki-agent/plays/watchdog/data/state.json
[18:57:46] [引擎] 2026-07-30 18:57:46 [INFO] __main__: 扫描间隔: 60s
[18:57:46] [引擎] 2026-07-30 18:57:46 [INFO] __main__: 盯盘上限: 20 只
[18:57:46] [引擎] 2026-07-30 18:57:46 [INFO] __main__: ==================================================
[18:57:46] [引擎] 2026-07-30 18:57:46 [INFO] __main__: 通过飞书发送指令: 盯/停/盯盘列表/清盯盘
[18:58:46] [引擎] 2026-07-30 18:58:46 [INFO] __main__: 收盘退出（15:05），明日由 cron 重新拉起
[18:58:46] [引擎] 2026-07-30 18:58:46 [INFO] __main__: 盯盘循环退出
[18:58:46] [引擎] 2026-07-30 18:58:46 [INFO] __main__: 盯盘引擎已停止
[18:58:55] [引擎] 启动 watchdog...
[18:58:55] [引擎] PID=3209001
[18:58:56] [引擎] 2026-07-30 18:58:56 [INFO] __main__: 加载盯盘状态: 2 只
[18:58:56] [引擎] 2026-07-30 18:58:56 [INFO] __main__: 盯盘循环启动
[18:58:56] [引擎] 2026-07-30 18:58:56 [INFO] __main__: 盯盘引擎已启动
[18:58:56] [引擎] 2026-07-30 18:58:56 [INFO] __main__: ==================================================
[18:58:56] [引擎] 2026-07-30 18:58:56 [INFO] __main__: 盯盘引擎已启动！
[18:58:56] [引擎] 2026-07-30 18:58:56 [INFO] __main__: 状态文件: /root/maneki-agent/plays/watchdog/data/state.json
[18:58:56] [引擎] 2026-07-30 18:58:56 [INFO] __main__: 扫描间隔: 60s
[18:58:56] [引擎] 2026-07-30 18:58:56 [INFO] __main__: 盯盘上限: 20 只
[18:58:56] [引擎] 2026-07-30 18:58:56 [INFO] __main__: ==================================================
[18:58:56] [引擎] 2026-07-30 18:58:56 [INFO] __main__: 通过飞书发送指令: 盯/停/盯盘列表/清盯盘
[18:59:56] [引擎] 2026-07-30 18:59:56 [INFO] __main__: 收盘退出（15:05），明日由 cron 重新拉起
[18:59:56] [引擎] 2026-07-30 18:59:56 [INFO] __main__: 盯盘循环退出
[18:59:56] [引擎] 2026-07-30 18:59:56 [INFO] __main__: 盯盘引擎已停止
[19:00:05] [引擎] 启动 watchdog...
[19:00:05] [引擎] PID=3209011
[19:00:07] [引擎] 2026-07-30 19:00:07 [INFO] __main__: 加载盯盘状态: 2 只
[19:00:07] [引擎] 2026-07-30 19:00:07 [INFO] __main__: 盯盘循环启动
[19:00:07] [引擎] 2026-07-30 19:00:07 [INFO] __main__: 盯盘引擎已启动
[19:00:07] [引擎] 2026-07-30 19:00:07 [INFO] __main__: ==================================================
[19:00:07] [引擎] 2026-07-30 19:00:07 [INFO] __main__: 盯盘引擎已启动！
[19:00:07] [引擎] 2026-07-30 19:00:07 [INFO] __main__: 状态文件: /root/maneki-agent/plays/watchdog/data/state.json
[19:00:07] [引擎] 2026-07-30 19:00:07 [INFO] __main__: 扫描间隔: 60s
[19:00:07] [引擎] 2026-07-30 19:00:07 [INFO] __main__: 盯盘上限: 20 只
[19:00:07] [引擎] 2026-07-30 19:00:07 [INFO] __main__: ==================================================
[19:00:07] [引擎] 2026-07-30 19:00:07 [INFO] __main__: 通过飞书发送指令: 盯/停/盯盘列表/清盯盘
[19:05:07] [引擎] 2026-07-30 19:05:07 [INFO] __main__: 收盘退出（15:05），明日由 cron 重新拉起
[19:05:07] [引擎] 2026-07-30 19:05:07 [INFO] __main__: 盯盘循环退出
[19:05:07] [引擎] 2026-07-30 19:05:07 [INFO] __main__: 盯盘引擎已停止
[19:05:15] [引擎] 启动 watchdog...
[19:05:15] [引擎] PID=3209027
[19:05:16] [引擎] 2026-07-30 19:05:16 [INFO] __main__: 加载盯盘状态: 2 只
[19:05:16] [引擎] 2026-07-30 19:05:16 [INFO] __main__: 盯盘循环启动
[19:05:16] [引擎] 2026-07-30 19:05:16 [INFO] __main__: 盯盘引擎已启动
[19:05:16] [引擎] 2026-07-30 19:05:16 [INFO] __main__: ==================================================
[19:05:16] [引擎] 2026-07-30 19:05:16 [INFO] __main__: 盯盘引擎已启动！
[19:05:16] [引擎] 2026-07-30 19:05:16 [INFO] __main__: 状态文件: /root/maneki-agent/plays/watchdog/data/state.json
[19:05:16] [引擎] 2026-07-30 19:05:16 [INFO] __main__: 扫描间隔: 60s
[19:05:16] [引擎] 2026-07-30 19:05:16 [INFO] __main__: 盯盘上限: 20 只
[19:05:16] [引擎] 2026-07-30 19:05:16 [INFO] __main__: ==================================================
[19:05:16] [引擎] 2026-07-30 19:05:16 [INFO] __main__: 通过飞书发送指令: 盯/停/盯盘列表/清盯盘
[19:06:16] [引擎] 2026-07-30 19:06:16 [INFO] __main__: 收盘退出（15:05），明日由 cron 重新拉起
[19:06:16] [引擎] 2026-07-30 19:06:16 [INFO] __main__: 盯盘循环退出
[19:06:16] [引擎] 2026-07-30 19:06:16 [INFO] __main__: 盯盘引擎已停止
[19:06:25] [引擎] 启动 watchdog...
[19:06:25] [引擎] PID=3209036
[19:06:26] [引擎] 2026-07-30 19:06:26 [INFO] __main__: 加载盯盘状态: 2 只
[19:06:26] [引擎] 2026-07-30 19:06:26 [INFO] __main__: 盯盘循环启动
[19:06:26] [引擎] 2026-07-30 19:06:26 [INFO] __main__: 盯盘引擎已启动
[19:06:26] [引擎] 2026-07-30 19:06:26 [INFO] __main__: ==================================================
[19:06:26] [引擎] 2026-07-30 19:06:26 [INFO] __main__: 盯盘引擎已启动！
[19:06:26] [引擎] 2026-07-30 19:06:26 [INFO] __main__: 状态文件: /root/maneki-agent/plays/watchdog/data/state.json
[19:06:26] [引擎] 2026-07-30 19:06:26 [INFO] __main__: 扫描间隔: 60s
[19:06:26] [引擎] 2026-07-30 19:06:26 [INFO] __main__: 盯盘上限: 20 只
[19:06:26] [引擎] 2026-07-30 19:06:26 [INFO] __main__: ==================================================
[19:06:26] [引擎] 2026-07-30 19:06:26 [INFO] __main__: 通过飞书发送指令: 盯/停/盯盘列表/清盯盘
[19:07:26] [引擎] 2026-07-30 19:07:26 [INFO] __main__: 收盘退出（15:05），明日由 cron 重新拉起
[19:07:26] [引擎] 2026-07-30 19:07:26 [INFO] __main__: 盯盘循环退出
[19:07:26] [引擎] 2026-07-30 19:07:26 [INFO] __main__: 盯盘引擎已停止
[19:07:35] [引擎] 启动 watchdog...
[19:07:35] [引擎] PID=3209045
[19:07:36] [引擎] 2026-07-30 19:07:36 [INFO] __main__: 加载盯盘状态: 2 只
[19:07:36] [引擎] 2026-07-30 19:07:36 [INFO] __main__: 盯盘循环启动
[19:07:36] [引擎] 2026-07-30 19:07:36 [INFO] __main__: 盯盘引擎已启动
[19:07:36] [引擎] 2026-07-30 19:07:36 [INFO] __main__: ==================================================
[19:07:36] [引擎] 2026-07-30 19:07:36 [INFO] __main__: 盯盘引擎已启动！
[19:07:36] [引擎] 2026-07-30 19:07:36 [INFO] __main__: 状态文件: /root/maneki-agent/plays/watchdog/data/state.json
[19:07:36] [引擎] 2026-07-30 19:07:36 [INFO] __main__: 扫描间隔: 60s
[19:07:36] [引擎] 2026-07-30 19:07:36 [INFO] __main__: 盯盘上限: 20 只
[19:07:36] [引擎] 2026-07-30 19:07:36 [INFO] __main__: ==================================================
[19:07:36] [引擎] 2026-07-30 19:07:36 [INFO] __main__: 通过飞书发送指令: 盯/停/盯盘列表/清盯盘
[19:08:36] [引擎] 2026-07-30 19:08:36 [INFO] __main__: 收盘退出（15:05），明日由 cron 重新拉起
[19:08:36] [引擎] 2026-07-30 19:08:36 [INFO] __main__: 盯盘循环退出
[19:08:36] [引擎] 2026-07-30 19:08:36 [INFO] __main__: 盯盘引擎已停止
[19:08:45] [引擎] 启动 watchdog...
[19:08:45] [引擎] PID=3209054
[19:08:46] [引擎] 2026-07-30 19:08:46 [INFO] __main__: 加载盯盘状态: 2 只
[19:08:46] [引擎] 2026-07-30 19:08:46 [INFO] __main__: 盯盘循环启动
[19:08:46] [引擎] 2026-07-30 19:08:46 [INFO] __main__: 盯盘引擎已启动
[19:08:46] [引擎] 2026-07-30 19:08:46 [INFO] __main__: ==================================================
[19:08:46] [引擎] 2026-07-30 19:08:46 [INFO] __main__: 盯盘引擎已启动！
[19:08:46] [引擎] 2026-07-30 19:08:46 [INFO] __main__: 状态文件: /root/maneki-agent/plays/watchdog/data/state.json
[19:08:46] [引擎] 2026-07-30 19:08:46 [INFO] __main__: 扫描间隔: 60s
[19:08:46] [引擎] 2026-07-30 19:08:46 [INFO] __main__: 盯盘上限: 20 只
[19:08:46] [引擎] 2026-07-30 19:08:46 [INFO] __main__: ==================================================
[19:08:46] [引擎] 2026-07-30 19:08:46 [INFO] __main__: 通过飞书发送指令: 盯/停/盯盘列表/清盯盘
[19:09:46] [引擎] 2026-07-30 19:09:46 [INFO] __main__: 收盘退出（15:05），明日由 cron 重新拉起
[19:09:46] [引擎] 2026-07-30 19:09:46 [INFO] __main__: 盯盘循环退出
[19:09:46] [引擎] 2026-07-30 19:09:46 [INFO] __main__: 盯盘引擎已停止
[19:09:55] [引擎] 启动 watchdog...
[19:09:55] [引擎] PID=3209063
[19:09:56] [引擎] 2026-07-30 19:09:56 [INFO] __main__: 加载盯盘状态: 2 只
[19:09:56] [引擎] 2026-07-30 19:09:56 [INFO] __main__: 盯盘循环启动
[19:09:56] [引擎] 2026-07-30 19:09:56 [INFO] __main__: 盯盘引擎已启动
[19:09:56] [引擎] 2026-07-30 19:09:56 [INFO] __main__: ==================================================
[19:09:56] [引擎] 2026-07-30 19:09:56 [INFO] __main__: 盯盘引擎已启动！
[19:09:56] [引擎] 2026-07-30 19:09:56 [INFO] __main__: 状态文件: /root/maneki-agent/plays/watchdog/data/state.json
[19:09:56] [引擎] 2026-07-30 19:09:56 [INFO] __main__: 扫描间隔: 60s
[19:09:56] [引擎] 2026-07-30 19:09:56 [INFO] __main__: 盯盘上限: 20 只
[19:09:56] [引擎] 2026-07-30 19:09:56 [INFO] __main__: ==================================================
[19:09:56] [引擎] 2026-07-30 19:09:56 [INFO] __main__: 通过飞书发送指令: 盯/停/盯盘列表/清盯盘
[19:10:56] [引擎] 2026-07-30 19:10:56 [INFO] __main__: 收盘退出（15:05），明日由 cron 重新拉起
[19:10:56] [引擎] 2026-07-30 19:10:56 [INFO] __main__: 盯盘循环退出
[19:10:56] [引擎] 2026-07-30 19:10:56 [INFO] __main__: 盯盘引擎已停止
[19:11:05] [引擎] 启动 watchdog...
[19:11:05] [引擎] PID=3209086
[19:11:11] [引擎] 2026-07-30 19:11:11 [INFO] __main__: 加载盯盘状态: 2 只
[19:11:11] [引擎] 2026-07-30 19:11:11 [INFO] __main__: 盯盘循环启动
[19:11:11] [引擎] 2026-07-30 19:11:11 [INFO] __main__: 盯盘引擎已启动
[19:11:11] [引擎] 2026-07-30 19:11:11 [INFO] __main__: ==================================================
[19:11:11] [引擎] 2026-07-30 19:11:11 [INFO] __main__: 盯盘引擎已启动！
[19:11:11] [引擎] 2026-07-30 19:11:11 [INFO] __main__: 状态文件: /root/maneki-agent/plays/watchdog/data/state.json
[19:11:11] [引擎] 2026-07-30 19:11:11 [INFO] __main__: 扫描间隔: 60s
[19:11:11] [引擎] 2026-07-30 19:11:11 [INFO] __main__: 盯盘上限: 20 只
[19:11:11] [引擎] 2026-07-30 19:11:11 [INFO] __main__: ==================================================
[19:11:11] [引擎] 2026-07-30 19:11:11 [INFO] __main__: 通过飞书发送指令: 盯/停/盯盘列表/清盯盘
[19:12:11] [引擎] 2026-07-30 19:12:11 [INFO] __main__: 收盘退出（15:05），明日由 cron 重新拉起
[19:12:11] [引擎] 2026-07-30 19:12:11 [INFO] __main__: 盯盘循环退出
[19:12:11] [引擎] 2026-07-30 19:12:11 [INFO] __main__: 盯盘引擎已停止
[19:12:15] [引擎] 启动 watchdog...
[19:12:15] [引擎] PID=3209095
[19:12:16] [引擎] 2026-07-30 19:12:16 [INFO] __main__: 加载盯盘状态: 2 只
[19:12:16] [引擎] 2026-07-30 19:12:16 [INFO] __main__: 盯盘循环启动
[19:12:16] [引擎] 2026-07-30 19:12:16 [INFO] __main__: 盯盘引擎已启动
[19:12:16] [引擎] 2026-07-30 19:12:16 [INFO] __main__: ==================================================
[19:12:16] [引擎] 2026-07-30 19:12:16 [INFO] __main__: 盯盘引擎已启动！
[19:12:16] [引擎] 2026-07-30 19:12:16 [INFO] __main__: 状态文件: /root/maneki-agent/plays/watchdog/data/state.json
[19:12:16] [引擎] 2026-07-30 19:12:16 [INFO] __main__: 扫描间隔: 60s
[19:12:16] [引擎] 2026-07-30 19:12:16 [INFO] __main__: 盯盘上限: 20 只
[19:12:16] [引擎] 2026-07-30 19:12:16 [INFO] __main__: ==================================================
[19:12:16] [引擎] 2026-07-30 19:12:16 [INFO] __main__: 通过飞书发送指令: 盯/停/盯盘列表/清盯盘
[19:13:16] [引擎] 2026-07-30 19:13:16 [INFO] __main__: 收盘退出（15:05），明日由 cron 重新拉起
[19:13:16] [引擎] 2026-07-30 19:13:16 [INFO] __main__: 盯盘循环退出
[19:13:16] [引擎] 2026-07-30 19:13:16 [INFO] __main__: 盯盘引擎已停止
[19:13:25] [引擎] 启动 watchdog...
[19:13:25] [引擎] PID=3209103
[19:13:26] [引擎] 2026-07-30 19:13:26 [INFO] __main__: 加载盯盘状态: 2 只
[19:13:26] [引擎] 2026-07-30 19:13:26 [INFO] __main__: 盯盘循环启动
[19:13:26] [引擎] 2026-07-30 19:13:26 [INFO] __main__: 盯盘引擎已启动
[19:13:26] [引擎] 2026-07-30 19:13:26 [INFO] __main__: ==================================================
[19:13:26] [引擎] 2026-07-30 19:13:26 [INFO] __main__: 盯盘引擎已启动！
[19:13:26] [引擎] 2026-07-30 19:13:26 [INFO] __main__: 状态文件: /root/maneki-agent/plays/watchdog/data/state.json
[19:13:26] [引擎] 2026-07-30 19:13:26 [INFO] __main__: 扫描间隔: 60s
[19:13:26] [引擎] 2026-07-30 19:13:26 [INFO] __main__: 盯盘上限: 20 只
[19:13:26] [引擎] 2026-07-30 19:13:26 [INFO] __main__: ==================================================
[19:13:26] [引擎] 2026-07-30 19:13:26 [INFO] __main__: 通过飞书发送指令: 盯/停/盯盘列表/清盯盘
[19:14:26] [引擎] 2026-07-30 19:14:26 [INFO] __main__: 收盘退出（15:05），明日由 cron 重新拉起
[19:14:26] [引擎] 2026-07-30 19:14:26 [INFO] __main__: 盯盘循环退出
[19:14:26] [引擎] 2026-07-30 19:14:26 [INFO] __main__: 盯盘引擎已停止
[19:14:35] [引擎] 启动 watchdog...
[19:14:35] [引擎] PID=3209112
[19:14:36] [引擎] 2026-07-30 19:14:36 [INFO] __main__: 加载盯盘状态: 2 只
[19:14:36] [引擎] 2026-07-30 19:14:36 [INFO] __main__: 盯盘循环启动
[19:14:36] [引擎] 2026-07-30 19:14:36 [INFO] __main__: 盯盘引擎已启动
[19:14:36] [引擎] 2026-07-30 19:14:36 [INFO] __main__: ==================================================
[19:14:36] [引擎] 2026-07-30 19:14:36 [INFO] __main__: 盯盘引擎已启动！
[19:14:36] [引擎] 2026-07-30 19:14:36 [INFO] __main__: 状态文件: /root/maneki-agent/plays/watchdog/data/state.json
[19:14:36] [引擎] 2026-07-30 19:14:36 [INFO] __main__: 扫描间隔: 60s
[19:14:36] [引擎] 2026-07-30 19:14:36 [INFO] __main__: 盯盘上限: 20 只
[19:14:36] [引擎] 2026-07-30 19:14:36 [INFO] __main__: ==================================================
[19:14:36] [引擎] 2026-07-30 19:14:36 [INFO] __main__: 通过飞书发送指令: 盯/停/盯盘列表/清盯盘
[19:15:36] [引擎] 2026-07-30 19:15:36 [INFO] __main__: 收盘退出（15:05），明日由 cron 重新拉起
[19:15:36] [引擎] 2026-07-30 19:15:36 [INFO] __main__: 盯盘循环退出
[19:15:36] [引擎] 2026-07-30 19:15:36 [INFO] __main__: 盯盘引擎已停止
[19:15:45] [引擎] 启动 watchdog...
[19:15:45] [引擎] PID=3209124
[19:15:46] [引擎] 2026-07-30 19:15:46 [INFO] __main__: 加载盯盘状态: 2 只
[19:15:46] [引擎] 2026-07-30 19:15:46 [INFO] __main__: 盯盘循环启动
[19:15:46] [引擎] 2026-07-30 19:15:46 [INFO] __main__: 盯盘引擎已启动
[19:15:46] [引擎] 2026-07-30 19:15:46 [INFO] __main__: ==================================================
[19:15:46] [引擎] 2026-07-30 19:15:46 [INFO] __main__: 盯盘引擎已启动！
[19:15:46] [引擎] 2026-07-30 19:15:46 [INFO] __main__: 状态文件: /root/maneki-agent/plays/watchdog/data/state.json
[19:15:46] [引擎] 2026-07-30 19:15:46 [INFO] __main__: 扫描间隔: 60s
[19:15:46] [引擎] 2026-07-30 19:15:46 [INFO] __main__: 盯盘上限: 20 只
[19:15:46] [引擎] 2026-07-30 19:15:46 [INFO] __main__: ==================================================
[19:15:46] [引擎] 2026-07-30 19:15:46 [INFO] __main__: 通过飞书发送指令: 盯/停/盯盘列表/清盯盘
[19:16:46] [引擎] 2026-07-30 19:16:46 [INFO] __main__: 收盘退出（15:05），明日由 cron 重新拉起
[19:16:46] [引擎] 2026-07-30 19:16:46 [INFO] __main__: 盯盘循环退出
[19:16:46] [引擎] 2026-07-30 19:16:46 [INFO] __main__: 盯盘引擎已停止
[19:16:55] [引擎] 启动 watchdog...
[19:16:55] [引擎] PID=3209133
[19:16:56] [引擎] 2026-07-30 19:16:56 [INFO] __main__: 加载盯盘状态: 2 只
[19:16:56] [引擎] 2026-07-30 19:16:56 [INFO] __main__: 盯盘循环启动
[19:16:56] [引擎] 2026-07-30 19:16:56 [INFO] __main__: 盯盘引擎已启动
[19:16:56] [引擎] 2026-07-30 19:16:56 [INFO] __main__: ==================================================
[19:16:56] [引擎] 2026-07-30 19:16:56 [INFO] __main__: 盯盘引擎已启动！
[19:16:56] [引擎] 2026-07-30 19:16:56 [INFO] __main__: 状态文件: /root/maneki-agent/plays/watchdog/data/state.json
[19:16:56] [引擎] 2026-07-30 19:16:56 [INFO] __main__: 扫描间隔: 60s
[19:16:56] [引擎] 2026-07-30 19:16:56 [INFO] __main__: 盯盘上限: 20 只
[19:16:56] [引擎] 2026-07-30 19:16:56 [INFO] __main__: ==================================================
[19:16:56] [引擎] 2026-07-30 19:16:56 [INFO] __main__: 通过飞书发送指令: 盯/停/盯盘列表/清盯盘
[19:17:56] [引擎] 2026-07-30 19:17:56 [INFO] __main__: 收盘退出（15:05），明日由 cron 重新拉起
[19:17:56] [引擎] 2026-07-30 19:17:56 [INFO] __main__: 盯盘循环退出
[19:17:56] [引擎] 2026-07-30 19:17:56 [INFO] __main__: 盯盘引擎已停止
[19:18:05] [引擎] 启动 watchdog...
[19:18:05] [引擎] PID=3209141
[19:18:06] [引擎] 2026-07-30 19:18:06 [INFO] __main__: 加载盯盘状态: 2 只
[19:18:06] [引擎] 2026-07-30 19:18:06 [INFO] __main__: 盯盘循环启动
[19:18:06] [引擎] 2026-07-30 19:18:06 [INFO] __main__: 盯盘引擎已启动
[19:18:06] [引擎] 2026-07-30 19:18:06 [INFO] __main__: ==================================================
[19:18:06] [引擎] 2026-07-30 19:18:06 [INFO] __main__: 盯盘引擎已启动！
[19:18:06] [引擎] 2026-07-30 19:18:06 [INFO] __main__: 状态文件: /root/maneki-agent/plays/watchdog/data/state.json
[19:18:06] [引擎] 2026-07-30 19:18:06 [INFO] __main__: 扫描间隔: 60s
[19:18:06] [引擎] 2026-07-30 19:18:06 [INFO] __main__: 盯盘上限: 20 只
[19:18:06] [引擎] 2026-07-30 19:18:06 [INFO] __main__: ==================================================
[19:18:06] [引擎] 2026-07-30 19:18:06 [INFO] __main__: 通过飞书发送指令: 盯/停/盯盘列表/清盯盘
[19:19:06] [引擎] 2026-07-30 19:19:06 [INFO] __main__: 收盘退出（15:05），明日由 cron 重新拉起
[19:19:06] [引擎] 2026-07-30 19:19:06 [INFO] __main__: 盯盘循环退出
[19:19:06] [引擎] 2026-07-30 19:19:06 [INFO] __main__: 盯盘引擎已停止
[19:19:15] [引擎] 启动 watchdog...
[19:19:15] [引擎] PID=3209152
[19:19:16] [引擎] 2026-07-30 19:19:16 [INFO] __main__: 加载盯盘状态: 2 只
[19:19:16] [引擎] 2026-07-30 19:19:16 [INFO] __main__: 盯盘循环启动
[19:19:16] [引擎] 2026-07-30 19:19:16 [INFO] __main__: 盯盘引擎已启动
[19:19:16] [引擎] 2026-07-30 19:19:16 [INFO] __main__: ==================================================
[19:19:16] [引擎] 2026-07-30 19:19:16 [INFO] __main__: 盯盘引擎已启动！
[19:19:16] [引擎] 2026-07-30 19:19:16 [INFO] __main__: 状态文件: /root/maneki-agent/plays/watchdog/data/state.json
[19:19:16] [引擎] 2026-07-30 19:19:16 [INFO] __main__: 扫描间隔: 60s
[19:19:16] [引擎] 2026-07-30 19:19:16 [INFO] __main__: 盯盘上限: 20 只
[19:19:16] [引擎] 2026-07-30 19:19:16 [INFO] __main__: ==================================================
[19:19:16] [引擎] 2026-07-30 19:19:16 [INFO] __main__: 通过飞书发送指令: 盯/停/盯盘列表/清盯盘
[19:20:16] [引擎] 2026-07-30 19:20:16 [INFO] __main__: 收盘退出（15:05），明日由 cron 重新拉起
[19:20:16] [引擎] 2026-07-30 19:20:16 [INFO] __main__: 盯盘循环退出
[19:20:16] [引擎] 2026-07-30 19:20:16 [INFO] __main__: 盯盘引擎已停止
[19:20:25] [引擎] 启动 watchdog...
[19:20:25] [引擎] PID=3209163
[19:20:31] [引擎] 2026-07-30 19:20:31 [WARNING] urllib3.connectionpool: Retrying (Retry(total=2, connect=None, read=None, redirect=None, status=None)) after connection broken by 'ReadTimeoutError("HTTPSConnectionPool(host='api.tushare.pro', port=443): Read timed out. (read timeout=5)")': /
[19:20:42] [引擎] 2026-07-30 19:20:42 [WARNING] urllib3.connectionpool: Retrying (Retry(total=2, connect=None, read=None, redirect=None, status=None)) after connection broken by 'ReadTimeoutError("HTTPSConnectionPool(host='api.tushare.pro', port=443): Read timed out. (read timeout=5)")': /
[19:20:46] [引擎] 2026-07-30 19:20:46 [INFO] __main__: 加载盯盘状态: 2 只
[19:20:46] [引擎] 2026-07-30 19:20:46 [INFO] __main__: 盯盘循环启动
[19:20:46] [引擎] 2026-07-30 19:20:46 [INFO] __main__: 盯盘引擎已启动
[19:20:46] [引擎] 2026-07-30 19:20:46 [INFO] __main__: ==================================================
[19:20:46] [引擎] 2026-07-30 19:20:46 [INFO] __main__: 盯盘引擎已启动！
[19:20:46] [引擎] 2026-07-30 19:20:46 [INFO] __main__: 状态文件: /root/maneki-agent/plays/watchdog/data/state.json
[19:20:46] [引擎] 2026-07-30 19:20:46 [INFO] __main__: 扫描间隔: 60s
[19:20:46] [引擎] 2026-07-30 19:20:46 [INFO] __main__: 盯盘上限: 20 只
[19:20:46] [引擎] 2026-07-30 19:20:46 [INFO] __main__: ==================================================
[19:20:46] [引擎] 2026-07-30 19:20:46 [INFO] __main__: 通过飞书发送指令: 盯/停/盯盘列表/清盯盘
[19:21:46] [引擎] 2026-07-30 19:21:46 [INFO] __main__: 收盘退出（15:05），明日由 cron 重新拉起
[19:21:46] [引擎] 2026-07-30 19:21:46 [INFO] __main__: 盯盘循环退出
[19:21:46] [引擎] 2026-07-30 19:21:46 [INFO] __main__: 盯盘引擎已停止
[19:21:55] [引擎] 启动 watchdog...
[19:21:55] [引擎] PID=3209172
[19:22:01] [引擎] 2026-07-30 19:22:01 [WARNING] urllib3.connectionpool: Retrying (Retry(total=2, connect=None, read=None, redirect=None, status=None)) after connection broken by 'ReadTimeoutError("HTTPSConnectionPool(host='api.tushare.pro', port=443): Read timed out. (read timeout=5)")': /
[19:22:11] [引擎] 2026-07-30 19:22:11 [WARNING] urllib3.connectionpool: Retrying (Retry(total=2, connect=None, read=None, redirect=None, status=None)) after connection broken by 'ReadTimeoutError("HTTPSConnectionPool(host='api.tushare.pro', port=443): Read timed out. (read timeout=5)")': /
[19:22:16] [引擎] 2026-07-30 19:22:16 [WARNING] urllib3.connectionpool: Retrying (Retry(total=2, connect=None, read=None, redirect=None, status=None)) after connection broken by 'ReadTimeoutError("HTTPSConnectionPool(host='api.tushare.pro', port=443): Read timed out. (read timeout=5)")': /
[19:22:16] [引擎] 2026-07-30 19:22:16 [INFO] __main__: 加载盯盘状态: 2 只
[19:22:16] [引擎] 2026-07-30 19:22:16 [INFO] __main__: 盯盘循环启动
[19:22:16] [引擎] 2026-07-30 19:22:16 [INFO] __main__: 盯盘引擎已启动
[19:22:16] [引擎] 2026-07-30 19:22:16 [INFO] __main__: ==================================================
[19:22:16] [引擎] 2026-07-30 19:22:16 [INFO] __main__: 盯盘引擎已启动！
[19:22:16] [引擎] 2026-07-30 19:22:16 [INFO] __main__: 状态文件: /root/maneki-agent/plays/watchdog/data/state.json
[19:22:16] [引擎] 2026-07-30 19:22:16 [INFO] __main__: 扫描间隔: 60s
[19:22:16] [引擎] 2026-07-30 19:22:16 [INFO] __main__: 盯盘上限: 20 只
[19:22:16] [引擎] 2026-07-30 19:22:16 [INFO] __main__: ==================================================
[19:22:16] [引擎] 2026-07-30 19:22:16 [INFO] __main__: 通过飞书发送指令: 盯/停/盯盘列表/清盯盘
[19:23:16] [引擎] 2026-07-30 19:23:16 [INFO] __main__: 收盘退出（15:05），明日由 cron 重新拉起
[19:23:16] [引擎] 2026-07-30 19:23:16 [INFO] __main__: 盯盘循环退出
[19:23:16] [引擎] 2026-07-30 19:23:16 [INFO] __main__: 盯盘引擎已停止
[19:23:25] [引擎] 启动 watchdog...
[19:23:25] [引擎] PID=3209181
[19:23:40] [引擎] 2026-07-30 19:23:40 [WARNING] urllib3.connectionpool: Retrying (Retry(total=2, connect=None, read=None, redirect=None, status=None)) after connection broken by 'ReadTimeoutError("HTTPSConnectionPool(host='api.tushare.pro', port=443): Read timed out. (read timeout=5)")': /
[19:23:46] [引擎] 2026-07-30 19:23:46 [INFO] __main__: 加载盯盘状态: 2 只
[19:23:46] [引擎] 2026-07-30 19:23:46 [INFO] __main__: 盯盘循环启动
[19:23:46] [引擎] 2026-07-30 19:23:46 [INFO] __main__: 盯盘引擎已启动
[19:23:46] [引擎] 2026-07-30 19:23:46 [INFO] __main__: ==================================================
[19:23:46] [引擎] 2026-07-30 19:23:46 [INFO] __main__: 盯盘引擎已启动！
[19:23:46] [引擎] 2026-07-30 19:23:46 [INFO] __main__: 状态文件: /root/maneki-agent/plays/watchdog/data/state.json
[19:23:46] [引擎] 2026-07-30 19:23:46 [INFO] __main__: 扫描间隔: 60s
[19:23:46] [引擎] 2026-07-30 19:23:46 [INFO] __main__: 盯盘上限: 20 只
[19:23:46] [引擎] 2026-07-30 19:23:46 [INFO] __main__: ==================================================
[19:23:46] [引擎] 2026-07-30 19:23:46 [INFO] __main__: 通过飞书发送指令: 盯/停/盯盘列表/清盯盘
[19:24:46] [引擎] 2026-07-30 19:24:46 [INFO] __main__: 收盘退出（15:05），明日由 cron 重新拉起
[19:24:46] [引擎] 2026-07-30 19:24:46 [INFO] __main__: 盯盘循环退出
[19:24:46] [引擎] 2026-07-30 19:24:46 [INFO] __main__: 盯盘引擎已停止
[19:24:55] [引擎] 启动 watchdog...
[19:24:55] [引擎] PID=3209190
[19:25:01] [引擎] 2026-07-30 19:25:01 [WARNING] urllib3.connectionpool: Retrying (Retry(total=2, connect=None, read=None, redirect=None, status=None)) after connection broken by 'ReadTimeoutError("HTTPSConnectionPool(host='api.tushare.pro', port=443): Read timed out. (read timeout=5)")': /
[19:25:07] [引擎] 2026-07-30 19:25:07 [WARNING] urllib3.connectionpool: Retrying (Retry(total=1, connect=None, read=None, redirect=None, status=None)) after connection broken by 'ReadTimeoutError("HTTPSConnectionPool(host='api.tushare.pro', port=443): Read timed out. (read timeout=5)")': /
[19:25:12] [引擎] 2026-07-30 19:25:12 [WARNING] urllib3.connectionpool: Retrying (Retry(total=2, connect=None, read=None, redirect=None, status=None)) after connection broken by 'ReadTimeoutError("HTTPSConnectionPool(host='api.tushare.pro', port=443): Read timed out. (read timeout=5)")': /
[19:25:23] [引擎] 2026-07-30 19:25:23 [INFO] __main__: 加载盯盘状态: 2 只
[19:25:23] [引擎] 2026-07-30 19:25:23 [INFO] __main__: 盯盘循环启动
[19:25:23] [引擎] 2026-07-30 19:25:23 [INFO] __main__: 盯盘引擎已启动
[19:25:23] [引擎] 2026-07-30 19:25:23 [INFO] __main__: ==================================================
[19:25:23] [引擎] 2026-07-30 19:25:23 [INFO] __main__: 盯盘引擎已启动！
[19:25:23] [引擎] 2026-07-30 19:25:23 [INFO] __main__: 状态文件: /root/maneki-agent/plays/watchdog/data/state.json
[19:25:23] [引擎] 2026-07-30 19:25:23 [INFO] __main__: 扫描间隔: 60s
[19:25:23] [引擎] 2026-07-30 19:25:23 [INFO] __main__: 盯盘上限: 20 只
[19:25:23] [引擎] 2026-07-30 19:25:23 [INFO] __main__: ==================================================
[19:25:23] [引擎] 2026-07-30 19:25:23 [INFO] __main__: 通过飞书发送指令: 盯/停/盯盘列表/清盯盘
[19:26:23] [引擎] 2026-07-30 19:26:23 [INFO] __main__: 收盘退出（15:05），明日由 cron 重新拉起
[19:26:23] [引擎] 2026-07-30 19:26:23 [INFO] __main__: 盯盘循环退出
[19:26:23] [引擎] 2026-07-30 19:26:23 [INFO] __main__: 盯盘引擎已停止
[19:26:25] [引擎] 启动 watchdog...
[19:26:25] [引擎] PID=3209203
[19:26:31] [引擎] 2026-07-30 19:26:31 [WARNING] urllib3.connectionpool: Retrying (Retry(total=2, connect=None, read=None, redirect=None, status=None)) after connection broken by 'ReadTimeoutError("HTTPSConnectionPool(host='api.tushare.pro', port=443): Read timed out. (read timeout=5)")': /
[19:26:40] [引擎] 2026-07-30 19:26:40 [WARNING] urllib3.connectionpool: Retrying (Retry(total=2, connect=None, read=None, redirect=None, status=None)) after connection broken by 'ReadTimeoutError("HTTPSConnectionPool(host='api.tushare.pro', port=443): Read timed out. (read timeout=5)")': /
[19:26:50] [引擎] 2026-07-30 19:26:50 [WARNING] urllib3.connectionpool: Retrying (Retry(total=2, connect=None, read=None, redirect=None, status=None)) after connection broken by 'ReadTimeoutError("HTTPSConnectionPool(host='api.tushare.pro', port=443): Read timed out. (read timeout=5)")': /
[19:26:56] [引擎] 2026-07-30 19:26:56 [WARNING] urllib3.connectionpool: Retrying (Retry(total=1, connect=None, read=None, redirect=None, status=None)) after connection broken by 'ReadTimeoutError("HTTPSConnectionPool(host='api.tushare.pro', port=443): Read timed out. (read timeout=5)")': /
[19:27:03] [引擎] 2026-07-30 19:27:03 [WARNING] urllib3.connectionpool: Retrying (Retry(total=0, connect=None, read=None, redirect=None, status=None)) after connection broken by 'ReadTimeoutError("HTTPSConnectionPool(host='api.tushare.pro', port=443): Read timed out. (read timeout=5)")': /
[19:27:09] [引擎] 2026-07-30 19:27:09 [INFO] __main__: 加载盯盘状态: 2 只
[19:27:09] [引擎] 2026-07-30 19:27:09 [INFO] __main__: 盯盘循环启动
[19:27:09] [引擎] 2026-07-30 19:27:09 [INFO] __main__: 盯盘引擎已启动
[19:27:09] [引擎] 2026-07-30 19:27:09 [INFO] __main__: ==================================================
[19:27:09] [引擎] 2026-07-30 19:27:09 [INFO] __main__: 盯盘引擎已启动！
[19:27:09] [引擎] 2026-07-30 19:27:09 [INFO] __main__: 状态文件: /root/maneki-agent/plays/watchdog/data/state.json
[19:27:09] [引擎] 2026-07-30 19:27:09 [INFO] __main__: 扫描间隔: 60s
[19:27:09] [引擎] 2026-07-30 19:27:09 [INFO] __main__: 盯盘上限: 20 只
[19:27:09] [引擎] 2026-07-30 19:27:09 [INFO] __main__: ==================================================
[19:27:09] [引擎] 2026-07-30 19:27:09 [INFO] __main__: 通过飞书发送指令: 盯/停/盯盘列表/清盯盘
[19:28:09] [引擎] 2026-07-30 19:28:09 [INFO] __main__: 收盘退出（15:05），明日由 cron 重新拉起
[19:28:09] [引擎] 2026-07-30 19:28:09 [INFO] __main__: 盯盘循环退出
[19:28:09] [引擎] 2026-07-30 19:28:09 [INFO] __main__: 盯盘引擎已停止
[19:28:15] [引擎] 启动 watchdog...
[19:28:15] [引擎] PID=3209213
[19:28:29] [引擎] 2026-07-30 19:28:29 [INFO] __main__: 加载盯盘状态: 2 只
[19:28:29] [引擎] 2026-07-30 19:28:29 [INFO] __main__: 盯盘循环启动
[19:28:29] [引擎] 2026-07-30 19:28:29 [INFO] __main__: 盯盘引擎已启动
[19:28:29] [引擎] 2026-07-30 19:28:29 [INFO] __main__: ==================================================
[19:28:29] [引擎] 2026-07-30 19:28:29 [INFO] __main__: 盯盘引擎已启动！
[19:28:29] [引擎] 2026-07-30 19:28:29 [INFO] __main__: 状态文件: /root/maneki-agent/plays/watchdog/data/state.json
[19:28:29] [引擎] 2026-07-30 19:28:29 [INFO] __main__: 扫描间隔: 60s
[19:28:29] [引擎] 2026-07-30 19:28:29 [INFO] __main__: 盯盘上限: 20 只
[19:28:29] [引擎] 2026-07-30 19:28:29 [INFO] __main__: ==================================================
[19:28:29] [引擎] 2026-07-30 19:28:29 [INFO] __main__: 通过飞书发送指令: 盯/停/盯盘列表/清盯盘
[19:29:29] [引擎] 2026-07-30 19:29:29 [INFO] __main__: 收盘退出（15:05），明日由 cron 重新拉起
[19:29:29] [引擎] 2026-07-30 19:29:29 [INFO] __main__: 盯盘循环退出
[19:29:29] [引擎] 2026-07-30 19:29:29 [INFO] __main__: 盯盘引擎已停止
[19:29:35] [引擎] 启动 watchdog...
[19:29:35] [引擎] PID=3209224
[19:29:36] [引擎] 2026-07-30 19:29:36 [INFO] __main__: 加载盯盘状态: 2 只
[19:29:36] [引擎] 2026-07-30 19:29:36 [INFO] __main__: 盯盘循环启动
[19:29:36] [引擎] 2026-07-30 19:29:36 [INFO] __main__: 盯盘引擎已启动
[19:29:36] [引擎] 2026-07-30 19:29:36 [INFO] __main__: ==================================================
[19:29:36] [引擎] 2026-07-30 19:29:36 [INFO] __main__: 盯盘引擎已启动！
[19:29:36] [引擎] 2026-07-30 19:29:36 [INFO] __main__: 状态文件: /root/maneki-agent/plays/watchdog/data/state.json
[19:29:36] [引擎] 2026-07-30 19:29:36 [INFO] __main__: 扫描间隔: 60s
[19:29:36] [引擎] 2026-07-30 19:29:36 [INFO] __main__: 盯盘上限: 20 只
[19:29:36] [引擎] 2026-07-30 19:29:36 [INFO] __main__: ==================================================
[19:29:36] [引擎] 2026-07-30 19:29:36 [INFO] __main__: 通过飞书发送指令: 盯/停/盯盘列表/清盯盘
[19:30:36] [引擎] 2026-07-30 19:30:36 [INFO] __main__: 收盘退出（15:05），明日由 cron 重新拉起
[19:30:36] [引擎] 2026-07-30 19:30:36 [INFO] __main__: 盯盘循环退出
[19:30:36] [引擎] 2026-07-30 19:30:36 [INFO] __main__: 盯盘引擎已停止
[19:30:45] [引擎] 启动 watchdog...
[19:30:45] [引擎] PID=3209233
[19:30:46] [引擎] 2026-07-30 19:30:46 [INFO] __main__: 加载盯盘状态: 2 只
[19:30:46] [引擎] 2026-07-30 19:30:46 [INFO] __main__: 盯盘循环启动
[19:30:46] [引擎] 2026-07-30 19:30:46 [INFO] __main__: 盯盘引擎已启动
[19:30:46] [引擎] 2026-07-30 19:30:46 [INFO] __main__: ==================================================
[19:30:46] [引擎] 2026-07-30 19:30:46 [INFO] __main__: 盯盘引擎已启动！
[19:30:46] [引擎] 2026-07-30 19:30:46 [INFO] __main__: 状态文件: /root/maneki-agent/plays/watchdog/data/state.json
[19:30:46] [引擎] 2026-07-30 19:30:46 [INFO] __main__: 扫描间隔: 60s
[19:30:46] [引擎] 2026-07-30 19:30:46 [INFO] __main__: 盯盘上限: 20 只
[19:30:46] [引擎] 2026-07-30 19:30:46 [INFO] __main__: ==================================================
[19:30:46] [引擎] 2026-07-30 19:30:46 [INFO] __main__: 通过飞书发送指令: 盯/停/盯盘列表/清盯盘
[19:31:46] [引擎] 2026-07-30 19:31:46 [INFO] __main__: 收盘退出（15:05），明日由 cron 重新拉起
[19:31:46] [引擎] 2026-07-30 19:31:46 [INFO] __main__: 盯盘循环退出
[19:31:46] [引擎] 2026-07-30 19:31:46 [INFO] __main__: 盯盘引擎已停止
[19:31:55] [引擎] 启动 watchdog...
[19:31:55] [引擎] PID=3209241
[19:31:56] [引擎] 2026-07-30 19:31:56 [INFO] __main__: 加载盯盘状态: 2 只
[19:31:56] [引擎] 2026-07-30 19:31:56 [INFO] __main__: 盯盘循环启动
[19:31:56] [引擎] 2026-07-30 19:31:56 [INFO] __main__: 盯盘引擎已启动
[19:31:56] [引擎] 2026-07-30 19:31:56 [INFO] __main__: ==================================================
[19:31:56] [引擎] 2026-07-30 19:31:56 [INFO] __main__: 盯盘引擎已启动！
[19:31:56] [引擎] 2026-07-30 19:31:56 [INFO] __main__: 状态文件: /root/maneki-agent/plays/watchdog/data/state.json
[19:31:56] [引擎] 2026-07-30 19:31:56 [INFO] __main__: 扫描间隔: 60s
[19:31:56] [引擎] 2026-07-30 19:31:56 [INFO] __main__: 盯盘上限: 20 只
[19:31:56] [引擎] 2026-07-30 19:31:56 [INFO] __main__: ==================================================
[19:31:56] [引擎] 2026-07-30 19:31:56 [INFO] __main__: 通过飞书发送指令: 盯/停/盯盘列表/清盯盘
[19:32:56] [引擎] 2026-07-30 19:32:56 [INFO] __main__: 收盘退出（15:05），明日由 cron 重新拉起
[19:32:56] [引擎] 2026-07-30 19:32:56 [INFO] __main__: 盯盘循环退出
[19:32:56] [引擎] 2026-07-30 19:32:56 [INFO] __main__: 盯盘引擎已停止
[19:33:05] [引擎] 启动 watchdog...
[19:33:05] [引擎] PID=3209250
[19:33:06] [引擎] 2026-07-30 19:33:06 [INFO] __main__: 加载盯盘状态: 2 只
[19:33:06] [引擎] 2026-07-30 19:33:06 [INFO] __main__: 盯盘循环启动
[19:33:06] [引擎] 2026-07-30 19:33:06 [INFO] __main__: 盯盘引擎已启动
[19:33:06] [引擎] 2026-07-30 19:33:06 [INFO] __main__: ==================================================
[19:33:06] [引擎] 2026-07-30 19:33:06 [INFO] __main__: 盯盘引擎已启动！
[19:33:06] [引擎] 2026-07-30 19:33:06 [INFO] __main__: 状态文件: /root/maneki-agent/plays/watchdog/data/state.json
[19:33:06] [引擎] 2026-07-30 19:33:06 [INFO] __main__: 扫描间隔: 60s
[19:33:06] [引擎] 2026-07-30 19:33:06 [INFO] __main__: 盯盘上限: 20 只
[19:33:06] [引擎] 2026-07-30 19:33:06 [INFO] __main__: ==================================================
[19:33:06] [引擎] 2026-07-30 19:33:06 [INFO] __main__: 通过飞书发送指令: 盯/停/盯盘列表/清盯盘
[19:34:06] [引擎] 2026-07-30 19:34:06 [INFO] __main__: 收盘退出（15:05），明日由 cron 重新拉起
[19:34:06] [引擎] 2026-07-30 19:34:06 [INFO] __main__: 盯盘循环退出
[19:34:06] [引擎] 2026-07-30 19:34:06 [INFO] __main__: 盯盘引擎已停止
[19:34:15] [引擎] 启动 watchdog...
[19:34:15] [引擎] PID=3209259
[19:34:16] [引擎] 2026-07-30 19:34:16 [INFO] __main__: 加载盯盘状态: 2 只
[19:34:16] [引擎] 2026-07-30 19:34:16 [INFO] __main__: 盯盘循环启动
[19:34:16] [引擎] 2026-07-30 19:34:16 [INFO] __main__: 盯盘引擎已启动
[19:34:16] [引擎] 2026-07-30 19:34:16 [INFO] __main__: ==================================================
[19:34:16] [引擎] 2026-07-30 19:34:16 [INFO] __main__: 盯盘引擎已启动！
[19:34:16] [引擎] 2026-07-30 19:34:16 [INFO] __main__: 状态文件: /root/maneki-agent/plays/watchdog/data/state.json
[19:34:16] [引擎] 2026-07-30 19:34:16 [INFO] __main__: 扫描间隔: 60s
[19:34:16] [引擎] 2026-07-30 19:34:16 [INFO] __main__: 盯盘上限: 20 只
[19:34:16] [引擎] 2026-07-30 19:34:16 [INFO] __main__: ==================================================
[19:34:16] [引擎] 2026-07-30 19:34:16 [INFO] __main__: 通过飞书发送指令: 盯/停/盯盘列表/清盯盘
[19:35:16] [引擎] 2026-07-30 19:35:16 [INFO] __main__: 收盘退出（15:05），明日由 cron 重新拉起
[19:35:16] [引擎] 2026-07-30 19:35:16 [INFO] __main__: 盯盘循环退出
[19:35:16] [引擎] 2026-07-30 19:35:16 [INFO] __main__: 盯盘引擎已停止
[19:35:25] [引擎] 启动 watchdog...
[19:35:25] [引擎] PID=3209271
[19:35:27] [引擎] 2026-07-30 19:35:27 [INFO] __main__: 加载盯盘状态: 2 只
[19:35:27] [引擎] 2026-07-30 19:35:27 [INFO] __main__: 盯盘循环启动
[19:35:27] [引擎] 2026-07-30 19:35:27 [INFO] __main__: 盯盘引擎已启动
[19:35:27] [引擎] 2026-07-30 19:35:27 [INFO] __main__: ==================================================
[19:35:27] [引擎] 2026-07-30 19:35:27 [INFO] __main__: 盯盘引擎已启动！
[19:35:27] [引擎] 2026-07-30 19:35:27 [INFO] __main__: 状态文件: /root/maneki-agent/plays/watchdog/data/state.json
[19:35:27] [引擎] 2026-07-30 19:35:27 [INFO] __main__: 扫描间隔: 60s
[19:35:27] [引擎] 2026-07-30 19:35:27 [INFO] __main__: 盯盘上限: 20 只
[19:35:27] [引擎] 2026-07-30 19:35:27 [INFO] __main__: ==================================================
[19:35:27] [引擎] 2026-07-30 19:35:27 [INFO] __main__: 通过飞书发送指令: 盯/停/盯盘列表/清盯盘
[19:36:27] [引擎] 2026-07-30 19:36:27 [INFO] __main__: 收盘退出（15:05），明日由 cron 重新拉起
[19:36:27] [引擎] 2026-07-30 19:36:27 [INFO] __main__: 盯盘循环退出
[19:36:27] [引擎] 2026-07-30 19:36:27 [INFO] __main__: 盯盘引擎已停止
[19:36:35] [引擎] 启动 watchdog...
[19:36:35] [引擎] PID=3209280
[19:36:37] [引擎] 2026-07-30 19:36:37 [INFO] __main__: 加载盯盘状态: 2 只
[19:36:37] [引擎] 2026-07-30 19:36:37 [INFO] __main__: 盯盘循环启动
[19:36:37] [引擎] 2026-07-30 19:36:37 [INFO] __main__: 盯盘引擎已启动
[19:36:37] [引擎] 2026-07-30 19:36:37 [INFO] __main__: ==================================================
[19:36:37] [引擎] 2026-07-30 19:36:37 [INFO] __main__: 盯盘引擎已启动！
[19:36:37] [引擎] 2026-07-30 19:36:37 [INFO] __main__: 状态文件: /root/maneki-agent/plays/watchdog/data/state.json
[19:36:37] [引擎] 2026-07-30 19:36:37 [INFO] __main__: 扫描间隔: 60s
[19:36:37] [引擎] 2026-07-30 19:36:37 [INFO] __main__: 盯盘上限: 20 只
[19:36:37] [引擎] 2026-07-30 19:36:37 [INFO] __main__: ==================================================
[19:36:37] [引擎] 2026-07-30 19:36:37 [INFO] __main__: 通过飞书发送指令: 盯/停/盯盘列表/清盯盘
[19:37:37] [引擎] 2026-07-30 19:37:37 [INFO] __main__: 收盘退出（15:05），明日由 cron 重新拉起
[19:37:37] [引擎] 2026-07-30 19:37:37 [INFO] __main__: 盯盘循环退出
[19:37:37] [引擎] 2026-07-30 19:37:37 [INFO] __main__: 盯盘引擎已停止
[19:37:45] [引擎] 启动 watchdog...
[19:37:45] [引擎] PID=3209290
[19:37:46] [引擎] 2026-07-30 19:37:46 [INFO] __main__: 加载盯盘状态: 2 只
[19:37:46] [引擎] 2026-07-30 19:37:46 [INFO] __main__: 盯盘循环启动
[19:37:46] [引擎] 2026-07-30 19:37:46 [INFO] __main__: 盯盘引擎已启动
[19:37:46] [引擎] 2026-07-30 19:37:46 [INFO] __main__: ==================================================
[19:37:46] [引擎] 2026-07-30 19:37:46 [INFO] __main__: 盯盘引擎已启动！
[19:37:46] [引擎] 2026-07-30 19:37:46 [INFO] __main__: 状态文件: /root/maneki-agent/plays/watchdog/data/state.json
[19:37:46] [引擎] 2026-07-30 19:37:46 [INFO] __main__: 扫描间隔: 60s
[19:37:46] [引擎] 2026-07-30 19:37:46 [INFO] __main__: 盯盘上限: 20 只
[19:37:46] [引擎] 2026-07-30 19:37:46 [INFO] __main__: ==================================================
[19:37:46] [引擎] 2026-07-30 19:37:46 [INFO] __main__: 通过飞书发送指令: 盯/停/盯盘列表/清盯盘
[19:38:46] [引擎] 2026-07-30 19:38:46 [INFO] __main__: 收盘退出（15:05），明日由 cron 重新拉起
[19:38:46] [引擎] 2026-07-30 19:38:46 [INFO] __main__: 盯盘循环退出
[19:38:46] [引擎] 2026-07-30 19:38:46 [INFO] __main__: 盯盘引擎已停止
[19:38:55] [引擎] 启动 watchdog...
[19:38:55] [引擎] PID=3209300
[19:38:57] [引擎] 2026-07-30 19:38:57 [INFO] __main__: 加载盯盘状态: 2 只
[19:38:57] [引擎] 2026-07-30 19:38:57 [INFO] __main__: 盯盘循环启动
[19:38:57] [引擎] 2026-07-30 19:38:57 [INFO] __main__: 盯盘引擎已启动
[19:38:57] [引擎] 2026-07-30 19:38:57 [INFO] __main__: ==================================================
[19:38:57] [引擎] 2026-07-30 19:38:57 [INFO] __main__: 盯盘引擎已启动！
[19:38:57] [引擎] 2026-07-30 19:38:57 [INFO] __main__: 状态文件: /root/maneki-agent/plays/watchdog/data/state.json
[19:38:57] [引擎] 2026-07-30 19:38:57 [INFO] __main__: 扫描间隔: 60s
[19:38:57] [引擎] 2026-07-30 19:38:57 [INFO] __main__: 盯盘上限: 20 只
[19:38:57] [引擎] 2026-07-30 19:38:57 [INFO] __main__: ==================================================
[19:38:57] [引擎] 2026-07-30 19:38:57 [INFO] __main__: 通过飞书发送指令: 盯/停/盯盘列表/清盯盘
[19:39:57] [引擎] 2026-07-30 19:39:57 [INFO] __main__: 收盘退出（15:05），明日由 cron 重新拉起
[19:39:57] [引擎] 2026-07-30 19:39:57 [INFO] __main__: 盯盘循环退出
[19:39:57] [引擎] 2026-07-30 19:39:57 [INFO] __main__: 盯盘引擎已停止
[19:40:05] [引擎] 启动 watchdog...
[19:40:05] [引擎] PID=3209310
[19:40:07] [引擎] 2026-07-30 19:40:07 [INFO] __main__: 加载盯盘状态: 2 只
[19:40:07] [引擎] 2026-07-30 19:40:07 [INFO] __main__: 盯盘循环启动
[19:40:07] [引擎] 2026-07-30 19:40:07 [INFO] __main__: 盯盘引擎已启动
[19:40:07] [引擎] 2026-07-30 19:40:07 [INFO] __main__: ==================================================
[19:40:07] [引擎] 2026-07-30 19:40:07 [INFO] __main__: 盯盘引擎已启动！
[19:40:07] [引擎] 2026-07-30 19:40:07 [INFO] __main__: 状态文件: /root/maneki-agent/plays/watchdog/data/state.json
[19:40:07] [引擎] 2026-07-30 19:40:07 [INFO] __main__: 扫描间隔: 60s
[19:40:07] [引擎] 2026-07-30 19:40:07 [INFO] __main__: 盯盘上限: 20 只
[19:40:07] [引擎] 2026-07-30 19:40:07 [INFO] __main__: ==================================================
[19:40:07] [引擎] 2026-07-30 19:40:07 [INFO] __main__: 通过飞书发送指令: 盯/停/盯盘列表/清盯盘
[19:41:07] [引擎] 2026-07-30 19:41:07 [INFO] __main__: 收盘退出（15:05），明日由 cron 重新拉起
[19:41:07] [引擎] 2026-07-30 19:41:07 [INFO] __main__: 盯盘循环退出
[19:41:07] [引擎] 2026-07-30 19:41:07 [INFO] __main__: 盯盘引擎已停止
[19:41:15] [引擎] 启动 watchdog...
[19:41:15] [引擎] PID=3209319
[19:41:16] [引擎] 2026-07-30 19:41:16 [INFO] __main__: 加载盯盘状态: 2 只
[19:41:16] [引擎] 2026-07-30 19:41:16 [INFO] __main__: 盯盘循环启动
[19:41:16] [引擎] 2026-07-30 19:41:16 [INFO] __main__: 盯盘引擎已启动
[19:41:16] [引擎] 2026-07-30 19:41:16 [INFO] __main__: ==================================================
[19:41:16] [引擎] 2026-07-30 19:41:16 [INFO] __main__: 盯盘引擎已启动！
[19:41:16] [引擎] 2026-07-30 19:41:16 [INFO] __main__: 状态文件: /root/maneki-agent/plays/watchdog/data/state.json
[19:41:16] [引擎] 2026-07-30 19:41:16 [INFO] __main__: 扫描间隔: 60s
[19:41:16] [引擎] 2026-07-30 19:41:16 [INFO] __main__: 盯盘上限: 20 只
[19:41:16] [引擎] 2026-07-30 19:41:16 [INFO] __main__: ==================================================
[19:41:16] [引擎] 2026-07-30 19:41:16 [INFO] __main__: 通过飞书发送指令: 盯/停/盯盘列表/清盯盘
[19:42:16] [引擎] 2026-07-30 19:42:16 [INFO] __main__: 收盘退出（15:05），明日由 cron 重新拉起
[19:42:16] [引擎] 2026-07-30 19:42:16 [INFO] __main__: 盯盘循环退出
[19:42:16] [引擎] 2026-07-30 19:42:16 [INFO] __main__: 盯盘引擎已停止
[19:42:25] [引擎] 启动 watchdog...
[19:42:25] [引擎] PID=3209328
[19:42:27] [引擎] 2026-07-30 19:42:27 [INFO] __main__: 加载盯盘状态: 2 只
[19:42:27] [引擎] 2026-07-30 19:42:27 [INFO] __main__: 盯盘循环启动
[19:42:27] [引擎] 2026-07-30 19:42:27 [INFO] __main__: 盯盘引擎已启动
[19:42:27] [引擎] 2026-07-30 19:42:27 [INFO] __main__: ==================================================
[19:42:27] [引擎] 2026-07-30 19:42:27 [INFO] __main__: 盯盘引擎已启动！
[19:42:27] [引擎] 2026-07-30 19:42:27 [INFO] __main__: 状态文件: /root/maneki-agent/plays/watchdog/data/state.json
[19:42:27] [引擎] 2026-07-30 19:42:27 [INFO] __main__: 扫描间隔: 60s
[19:42:27] [引擎] 2026-07-30 19:42:27 [INFO] __main__: 盯盘上限: 20 只
[19:42:27] [引擎] 2026-07-30 19:42:27 [INFO] __main__: ==================================================
[19:42:27] [引擎] 2026-07-30 19:42:27 [INFO] __main__: 通过飞书发送指令: 盯/停/盯盘列表/清盯盘
[19:43:27] [引擎] 2026-07-30 19:43:27 [INFO] __main__: 收盘退出（15:05），明日由 cron 重新拉起
[19:43:27] [引擎] 2026-07-30 19:43:27 [INFO] __main__: 盯盘循环退出
[19:43:27] [引擎] 2026-07-30 19:43:27 [INFO] __main__: 盯盘引擎已停止
[19:43:35] [引擎] 启动 watchdog...
[19:43:35] [引擎] PID=3209337
[19:43:37] [引擎] 2026-07-30 19:43:37 [INFO] __main__: 加载盯盘状态: 2 只
[19:43:37] [引擎] 2026-07-30 19:43:37 [INFO] __main__: 盯盘循环启动
[19:43:37] [引擎] 2026-07-30 19:43:37 [INFO] __main__: 盯盘引擎已启动
[19:43:37] [引擎] 2026-07-30 19:43:37 [INFO] __main__: ==================================================
[19:43:37] [引擎] 2026-07-30 19:43:37 [INFO] __main__: 盯盘引擎已启动！
[19:43:37] [引擎] 2026-07-30 19:43:37 [INFO] __main__: 状态文件: /root/maneki-agent/plays/watchdog/data/state.json
[19:43:37] [引擎] 2026-07-30 19:43:37 [INFO] __main__: 扫描间隔: 60s
[19:43:37] [引擎] 2026-07-30 19:43:37 [INFO] __main__: 盯盘上限: 20 只
[19:43:37] [引擎] 2026-07-30 19:43:37 [INFO] __main__: ==================================================
[19:43:37] [引擎] 2026-07-30 19:43:37 [INFO] __main__: 通过飞书发送指令: 盯/停/盯盘列表/清盯盘
[19:44:37] [引擎] 2026-07-30 19:44:37 [INFO] __main__: 收盘退出（15:05），明日由 cron 重新拉起
[19:44:37] [引擎] 2026-07-30 19:44:37 [INFO] __main__: 盯盘循环退出
[19:44:37] [引擎] 2026-07-30 19:44:37 [INFO] __main__: 盯盘引擎已停止
[19:44:45] [引擎] 启动 watchdog...
[19:44:45] [引擎] PID=3209345
[19:44:47] [引擎] 2026-07-30 19:44:47 [INFO] __main__: 加载盯盘状态: 2 只
[19:44:47] [引擎] 2026-07-30 19:44:47 [INFO] __main__: 盯盘循环启动
[19:44:47] [引擎] 2026-07-30 19:44:47 [INFO] __main__: 盯盘引擎已启动
[19:44:47] [引擎] 2026-07-30 19:44:47 [INFO] __main__: ==================================================
[19:44:47] [引擎] 2026-07-30 19:44:47 [INFO] __main__: 盯盘引擎已启动！
[19:44:47] [引擎] 2026-07-30 19:44:47 [INFO] __main__: 状态文件: /root/maneki-agent/plays/watchdog/data/state.json
[19:44:47] [引擎] 2026-07-30 19:44:47 [INFO] __main__: 扫描间隔: 60s
[19:44:47] [引擎] 2026-07-30 19:44:47 [INFO] __main__: 盯盘上限: 20 只
[19:44:47] [引擎] 2026-07-30 19:44:47 [INFO] __main__: ==================================================
[19:44:47] [引擎] 2026-07-30 19:44:47 [INFO] __main__: 通过飞书发送指令: 盯/停/盯盘列表/清盯盘
[19:45:47] [引擎] 2026-07-30 19:45:47 [INFO] __main__: 收盘退出（15:05），明日由 cron 重新拉起
[19:45:47] [引擎] 2026-07-30 19:45:47 [INFO] __main__: 盯盘循环退出
[19:45:47] [引擎] 2026-07-30 19:45:47 [INFO] __main__: 盯盘引擎已停止
[19:45:55] [引擎] 启动 watchdog...
[19:45:55] [引擎] PID=3209358
[19:45:57] [引擎] 2026-07-30 19:45:57 [INFO] __main__: 加载盯盘状态: 2 只
[19:45:57] [引擎] 2026-07-30 19:45:57 [INFO] __main__: 盯盘循环启动
[19:45:57] [引擎] 2026-07-30 19:45:57 [INFO] __main__: 盯盘引擎已启动
[19:45:57] [引擎] 2026-07-30 19:45:57 [INFO] __main__: ==================================================
[19:45:57] [引擎] 2026-07-30 19:45:57 [INFO] __main__: 盯盘引擎已启动！
[19:45:57] [引擎] 2026-07-30 19:45:57 [INFO] __main__: 状态文件: /root/maneki-agent/plays/watchdog/data/state.json
[19:45:57] [引擎] 2026-07-30 19:45:57 [INFO] __main__: 扫描间隔: 60s
[19:45:57] [引擎] 2026-07-30 19:45:57 [INFO] __main__: 盯盘上限: 20 只
[19:45:57] [引擎] 2026-07-30 19:45:57 [INFO] __main__: ==================================================
[19:45:57] [引擎] 2026-07-30 19:45:57 [INFO] __main__: 通过飞书发送指令: 盯/停/盯盘列表/清盯盘
[19:46:57] [引擎] 2026-07-30 19:46:57 [INFO] __main__: 收盘退出（15:05），明日由 cron 重新拉起
[19:46:57] [引擎] 2026-07-30 19:46:57 [INFO] __main__: 盯盘循环退出
[19:46:57] [引擎] 2026-07-30 19:46:57 [INFO] __main__: 盯盘引擎已停止
[19:47:05] [引擎] 启动 watchdog...
[19:47:05] [引擎] PID=3209370
[19:47:07] [引擎] 2026-07-30 19:47:07 [INFO] __main__: 加载盯盘状态: 2 只
[19:47:07] [引擎] 2026-07-30 19:47:07 [INFO] __main__: 盯盘循环启动
[19:47:07] [引擎] 2026-07-30 19:47:07 [INFO] __main__: 盯盘引擎已启动
[19:47:07] [引擎] 2026-07-30 19:47:07 [INFO] __main__: ==================================================
[19:47:07] [引擎] 2026-07-30 19:47:07 [INFO] __main__: 盯盘引擎已启动！
[19:47:07] [引擎] 2026-07-30 19:47:07 [INFO] __main__: 状态文件: /root/maneki-agent/plays/watchdog/data/state.json
[19:47:07] [引擎] 2026-07-30 19:47:07 [INFO] __main__: 扫描间隔: 60s
[19:47:07] [引擎] 2026-07-30 19:47:07 [INFO] __main__: 盯盘上限: 20 只
[19:47:07] [引擎] 2026-07-30 19:47:07 [INFO] __main__: ==================================================
[19:47:07] [引擎] 2026-07-30 19:47:07 [INFO] __main__: 通过飞书发送指令: 盯/停/盯盘列表/清盯盘
[19:48:07] [引擎] 2026-07-30 19:48:07 [INFO] __main__: 收盘退出（15:05），明日由 cron 重新拉起
[19:48:07] [引擎] 2026-07-30 19:48:07 [INFO] __main__: 盯盘循环退出
[19:48:07] [引擎] 2026-07-30 19:48:07 [INFO] __main__: 盯盘引擎已停止
[19:48:15] [引擎] 启动 watchdog...
[19:48:15] [引擎] PID=3209379
[19:48:17] [引擎] 2026-07-30 19:48:17 [INFO] __main__: 加载盯盘状态: 2 只
[19:48:17] [引擎] 2026-07-30 19:48:17 [INFO] __main__: 盯盘循环启动
[19:48:17] [引擎] 2026-07-30 19:48:17 [INFO] __main__: 盯盘引擎已启动
[19:48:17] [引擎] 2026-07-30 19:48:17 [INFO] __main__: ==================================================
[19:48:17] [引擎] 2026-07-30 19:48:17 [INFO] __main__: 盯盘引擎已启动！
[19:48:17] [引擎] 2026-07-30 19:48:17 [INFO] __main__: 状态文件: /root/maneki-agent/plays/watchdog/data/state.json
[19:48:17] [引擎] 2026-07-30 19:48:17 [INFO] __main__: 扫描间隔: 60s
[19:48:17] [引擎] 2026-07-30 19:48:17 [INFO] __main__: 盯盘上限: 20 只
[19:48:17] [引擎] 2026-07-30 19:48:17 [INFO] __main__: ==================================================
[19:48:17] [引擎] 2026-07-30 19:48:17 [INFO] __main__: 通过飞书发送指令: 盯/停/盯盘列表/清盯盘
[19:49:17] [引擎] 2026-07-30 19:49:17 [INFO] __main__: 收盘退出（15:05），明日由 cron 重新拉起
[19:49:17] [引擎] 2026-07-30 19:49:17 [INFO] __main__: 盯盘循环退出
[19:49:17] [引擎] 2026-07-30 19:49:17 [INFO] __main__: 盯盘引擎已停止
[19:49:25] [引擎] 启动 watchdog...
[19:49:25] [引擎] PID=3209388
[19:49:27] [引擎] 2026-07-30 19:49:27 [INFO] __main__: 加载盯盘状态: 2 只
[19:49:27] [引擎] 2026-07-30 19:49:27 [INFO] __main__: 盯盘循环启动
[19:49:27] [引擎] 2026-07-30 19:49:27 [INFO] __main__: 盯盘引擎已启动
[19:49:27] [引擎] 2026-07-30 19:49:27 [INFO] __main__: ==================================================
[19:49:27] [引擎] 2026-07-30 19:49:27 [INFO] __main__: 盯盘引擎已启动！
[19:49:27] [引擎] 2026-07-30 19:49:27 [INFO] __main__: 状态文件: /root/maneki-agent/plays/watchdog/data/state.json
[19:49:27] [引擎] 2026-07-30 19:49:27 [INFO] __main__: 扫描间隔: 60s
[19:49:27] [引擎] 2026-07-30 19:49:27 [INFO] __main__: 盯盘上限: 20 只
[19:49:27] [引擎] 2026-07-30 19:49:27 [INFO] __main__: ==================================================
[19:49:27] [引擎] 2026-07-30 19:49:27 [INFO] __main__: 通过飞书发送指令: 盯/停/盯盘列表/清盯盘
[19:50:27] [引擎] 2026-07-30 19:50:27 [INFO] __main__: 收盘退出（15:05），明日由 cron 重新拉起
[19:50:27] [引擎] 2026-07-30 19:50:27 [INFO] __main__: 盯盘循环退出
[19:50:27] [引擎] 2026-07-30 19:50:27 [INFO] __main__: 盯盘引擎已停止
[19:50:35] [引擎] 启动 watchdog...
[19:50:35] [引擎] PID=3209398
[19:50:37] [引擎] 2026-07-30 19:50:37 [INFO] __main__: 加载盯盘状态: 2 只
[19:50:37] [引擎] 2026-07-30 19:50:37 [INFO] __main__: 盯盘循环启动
[19:50:37] [引擎] 2026-07-30 19:50:37 [INFO] __main__: 盯盘引擎已启动
[19:50:37] [引擎] 2026-07-30 19:50:37 [INFO] __main__: ==================================================
[19:50:37] [引擎] 2026-07-30 19:50:37 [INFO] __main__: 盯盘引擎已启动！
[19:50:37] [引擎] 2026-07-30 19:50:37 [INFO] __main__: 状态文件: /root/maneki-agent/plays/watchdog/data/state.json
[19:50:37] [引擎] 2026-07-30 19:50:37 [INFO] __main__: 扫描间隔: 60s
[19:50:37] [引擎] 2026-07-30 19:50:37 [INFO] __main__: 盯盘上限: 20 只
[19:50:37] [引擎] 2026-07-30 19:50:37 [INFO] __main__: ==================================================
[19:50:37] [引擎] 2026-07-30 19:50:37 [INFO] __main__: 通过飞书发送指令: 盯/停/盯盘列表/清盯盘
[19:51:37] [引擎] 2026-07-30 19:51:37 [INFO] __main__: 收盘退出（15:05），明日由 cron 重新拉起
[19:51:37] [引擎] 2026-07-30 19:51:37 [INFO] __main__: 盯盘循环退出
[19:51:37] [引擎] 2026-07-30 19:51:37 [INFO] __main__: 盯盘引擎已停止
[19:51:45] [引擎] 启动 watchdog...
[19:51:45] [引擎] PID=3209407
[19:51:47] [引擎] 2026-07-30 19:51:47 [INFO] __main__: 加载盯盘状态: 2 只
[19:51:47] [引擎] 2026-07-30 19:51:47 [INFO] __main__: 盯盘循环启动
[19:51:47] [引擎] 2026-07-30 19:51:47 [INFO] __main__: 盯盘引擎已启动
[19:51:47] [引擎] 2026-07-30 19:51:47 [INFO] __main__: ==================================================
[19:51:47] [引擎] 2026-07-30 19:51:47 [INFO] __main__: 盯盘引擎已启动！
[19:51:47] [引擎] 2026-07-30 19:51:47 [INFO] __main__: 状态文件: /root/maneki-agent/plays/watchdog/data/state.json
[19:51:47] [引擎] 2026-07-30 19:51:47 [INFO] __main__: 扫描间隔: 60s
[19:51:47] [引擎] 2026-07-30 19:51:47 [INFO] __main__: 盯盘上限: 20 只
[19:51:47] [引擎] 2026-07-30 19:51:47 [INFO] __main__: ==================================================
[19:51:47] [引擎] 2026-07-30 19:51:47 [INFO] __main__: 通过飞书发送指令: 盯/停/盯盘列表/清盯盘
[19:52:47] [引擎] 2026-07-30 19:52:47 [INFO] __main__: 收盘退出（15:05），明日由 cron 重新拉起
[19:52:47] [引擎] 2026-07-30 19:52:47 [INFO] __main__: 盯盘循环退出
[19:52:47] [引擎] 2026-07-30 19:52:47 [INFO] __main__: 盯盘引擎已停止
[19:52:55] [引擎] 启动 watchdog...
[19:52:55] [引擎] PID=3209416
[19:52:57] [引擎] 2026-07-30 19:52:57 [INFO] __main__: 加载盯盘状态: 2 只
[19:52:57] [引擎] 2026-07-30 19:52:57 [INFO] __main__: 盯盘循环启动
[19:52:57] [引擎] 2026-07-30 19:52:57 [INFO] __main__: 盯盘引擎已启动
[19:52:57] [引擎] 2026-07-30 19:52:57 [INFO] __main__: ==================================================
[19:52:57] [引擎] 2026-07-30 19:52:57 [INFO] __main__: 盯盘引擎已启动！
[19:52:57] [引擎] 2026-07-30 19:52:57 [INFO] __main__: 状态文件: /root/maneki-agent/plays/watchdog/data/state.json
[19:52:57] [引擎] 2026-07-30 19:52:57 [INFO] __main__: 扫描间隔: 60s
[19:52:57] [引擎] 2026-07-30 19:52:57 [INFO] __main__: 盯盘上限: 20 只
[19:52:57] [引擎] 2026-07-30 19:52:57 [INFO] __main__: ==================================================
[19:52:57] [引擎] 2026-07-30 19:52:57 [INFO] __main__: 通过飞书发送指令: 盯/停/盯盘列表/清盯盘
[19:53:57] [引擎] 2026-07-30 19:53:57 [INFO] __main__: 收盘退出（15:05），明日由 cron 重新拉起
[19:53:57] [引擎] 2026-07-30 19:53:57 [INFO] __main__: 盯盘循环退出
[19:53:57] [引擎] 2026-07-30 19:53:57 [INFO] __main__: 盯盘引擎已停止
[19:54:05] [引擎] 启动 watchdog...
[19:54:05] [引擎] PID=3209424
[19:54:07] [引擎] 2026-07-30 19:54:07 [INFO] __main__: 加载盯盘状态: 2 只
[19:54:07] [引擎] 2026-07-30 19:54:07 [INFO] __main__: 盯盘循环启动
[19:54:07] [引擎] 2026-07-30 19:54:07 [INFO] __main__: 盯盘引擎已启动
[19:54:07] [引擎] 2026-07-30 19:54:07 [INFO] __main__: ==================================================
[19:54:07] [引擎] 2026-07-30 19:54:07 [INFO] __main__: 盯盘引擎已启动！
[19:54:07] [引擎] 2026-07-30 19:54:07 [INFO] __main__: 状态文件: /root/maneki-agent/plays/watchdog/data/state.json
[19:54:07] [引擎] 2026-07-30 19:54:07 [INFO] __main__: 扫描间隔: 60s
[19:54:07] [引擎] 2026-07-30 19:54:07 [INFO] __main__: 盯盘上限: 20 只
[19:54:07] [引擎] 2026-07-30 19:54:07 [INFO] __main__: ==================================================
[19:54:07] [引擎] 2026-07-30 19:54:07 [INFO] __main__: 通过飞书发送指令: 盯/停/盯盘列表/清盯盘
[19:55:07] [引擎] 2026-07-30 19:55:07 [INFO] __main__: 收盘退出（15:05），明日由 cron 重新拉起
[19:55:07] [引擎] 2026-07-30 19:55:07 [INFO] __main__: 盯盘循环退出
[19:55:07] [引擎] 2026-07-30 19:55:07 [INFO] __main__: 盯盘引擎已停止
[19:55:15] [引擎] 启动 watchdog...
[19:55:15] [引擎] PID=3209437
[19:55:17] [引擎] 2026-07-30 19:55:17 [INFO] __main__: 加载盯盘状态: 2 只
[19:55:17] [引擎] 2026-07-30 19:55:17 [INFO] __main__: 盯盘循环启动
[19:55:17] [引擎] 2026-07-30 19:55:17 [INFO] __main__: 盯盘引擎已启动
[19:55:17] [引擎] 2026-07-30 19:55:17 [INFO] __main__: ==================================================
[19:55:17] [引擎] 2026-07-30 19:55:17 [INFO] __main__: 盯盘引擎已启动！
[19:55:17] [引擎] 2026-07-30 19:55:17 [INFO] __main__: 状态文件: /root/maneki-agent/plays/watchdog/data/state.json
[19:55:17] [引擎] 2026-07-30 19:55:17 [INFO] __main__: 扫描间隔: 60s
[19:55:17] [引擎] 2026-07-30 19:55:17 [INFO] __main__: 盯盘上限: 20 只
[19:55:17] [引擎] 2026-07-30 19:55:17 [INFO] __main__: ==================================================
[19:55:17] [引擎] 2026-07-30 19:55:17 [INFO] __main__: 通过飞书发送指令: 盯/停/盯盘列表/清盯盘
[19:56:17] [引擎] 2026-07-30 19:56:17 [INFO] __main__: 收盘退出（15:05），明日由 cron 重新拉起
[19:56:17] [引擎] 2026-07-30 19:56:17 [INFO] __main__: 盯盘循环退出
[19:56:17] [引擎] 2026-07-30 19:56:17 [INFO] __main__: 盯盘引擎已停止
[19:56:25] [引擎] 启动 watchdog...
[19:56:25] [引擎] PID=3209449
[19:56:27] [引擎] 2026-07-30 19:56:27 [INFO] __main__: 加载盯盘状态: 2 只
[19:56:27] [引擎] 2026-07-30 19:56:27 [INFO] __main__: 盯盘循环启动
[19:56:27] [引擎] 2026-07-30 19:56:27 [INFO] __main__: 盯盘引擎已启动
[19:56:27] [引擎] 2026-07-30 19:56:27 [INFO] __main__: ==================================================
[19:56:27] [引擎] 2026-07-30 19:56:27 [INFO] __main__: 盯盘引擎已启动！
[19:56:27] [引擎] 2026-07-30 19:56:27 [INFO] __main__: 状态文件: /root/maneki-agent/plays/watchdog/data/state.json
[19:56:27] [引擎] 2026-07-30 19:56:27 [INFO] __main__: 扫描间隔: 60s
[19:56:27] [引擎] 2026-07-30 19:56:27 [INFO] __main__: 盯盘上限: 20 只
[19:56:27] [引擎] 2026-07-30 19:56:27 [INFO] __main__: ==================================================
[19:56:27] [引擎] 2026-07-30 19:56:27 [INFO] __main__: 通过飞书发送指令: 盯/停/盯盘列表/清盯盘
[19:57:27] [引擎] 2026-07-30 19:57:27 [INFO] __main__: 收盘退出（15:05），明日由 cron 重新拉起
[19:57:27] [引擎] 2026-07-30 19:57:27 [INFO] __main__: 盯盘循环退出
[19:57:27] [引擎] 2026-07-30 19:57:27 [INFO] __main__: 盯盘引擎已停止
[19:57:35] [引擎] 启动 watchdog...
[19:57:35] [引擎] PID=3209463
[19:57:37] [引擎] 2026-07-30 19:57:37 [INFO] __main__: 加载盯盘状态: 2 只
[19:57:37] [引擎] 2026-07-30 19:57:37 [INFO] __main__: 盯盘循环启动
[19:57:37] [引擎] 2026-07-30 19:57:37 [INFO] __main__: 盯盘引擎已启动
[19:57:37] [引擎] 2026-07-30 19:57:37 [INFO] __main__: ==================================================
[19:57:37] [引擎] 2026-07-30 19:57:37 [INFO] __main__: 盯盘引擎已启动！
[19:57:37] [引擎] 2026-07-30 19:57:37 [INFO] __main__: 状态文件: /root/maneki-agent/plays/watchdog/data/state.json
[19:57:37] [引擎] 2026-07-30 19:57:37 [INFO] __main__: 扫描间隔: 60s
[19:57:37] [引擎] 2026-07-30 19:57:37 [INFO] __main__: 盯盘上限: 20 只
[19:57:37] [引擎] 2026-07-30 19:57:37 [INFO] __main__: ==================================================
[19:57:37] [引擎] 2026-07-30 19:57:37 [INFO] __main__: 通过飞书发送指令: 盯/停/盯盘列表/清盯盘
[19:58:37] [引擎] 2026-07-30 19:58:37 [INFO] __main__: 收盘退出（15:05），明日由 cron 重新拉起
[19:58:37] [引擎] 2026-07-30 19:58:37 [INFO] __main__: 盯盘循环退出
[19:58:37] [引擎] 2026-07-30 19:58:37 [INFO] __main__: 盯盘引擎已停止
[19:58:45] [引擎] 启动 watchdog...
[19:58:45] [引擎] PID=3209472
[19:58:47] [引擎] 2026-07-30 19:58:47 [INFO] __main__: 加载盯盘状态: 2 只
[19:58:47] [引擎] 2026-07-30 19:58:47 [INFO] __main__: 盯盘循环启动
[19:58:47] [引擎] 2026-07-30 19:58:47 [INFO] __main__: 盯盘引擎已启动
[19:58:47] [引擎] 2026-07-30 19:58:47 [INFO] __main__: ==================================================
[19:58:47] [引擎] 2026-07-30 19:58:47 [INFO] __main__: 盯盘引擎已启动！
[19:58:47] [引擎] 2026-07-30 19:58:47 [INFO] __main__: 状态文件: /root/maneki-agent/plays/watchdog/data/state.json
[19:58:47] [引擎] 2026-07-30 19:58:47 [INFO] __main__: 扫描间隔: 60s
[19:58:47] [引擎] 2026-07-30 19:58:47 [INFO] __main__: 盯盘上限: 20 只
[19:58:47] [引擎] 2026-07-30 19:58:47 [INFO] __main__: ==================================================
[19:58:47] [引擎] 2026-07-30 19:58:47 [INFO] __main__: 通过飞书发送指令: 盯/停/盯盘列表/清盯盘
[19:59:47] [引擎] 2026-07-30 19:59:47 [INFO] __main__: 收盘退出（15:05），明日由 cron 重新拉起
[19:59:47] [引擎] 2026-07-30 19:59:47 [INFO] __main__: 盯盘循环退出
[19:59:47] [引擎] 2026-07-30 19:59:47 [INFO] __main__: 盯盘引擎已停止
[19:59:55] [引擎] 启动 watchdog...
[19:59:55] [引擎] PID=3209482
[19:59:57] [引擎] 2026-07-30 19:59:57 [INFO] __main__: 加载盯盘状态: 2 只
[19:59:57] [引擎] 2026-07-30 19:59:57 [INFO] __main__: 盯盘循环启动
[19:59:57] [引擎] 2026-07-30 19:59:57 [INFO] __main__: 盯盘引擎已启动
[19:59:57] [引擎] 2026-07-30 19:59:57 [INFO] __main__: ==================================================
[19:59:57] [引擎] 2026-07-30 19:59:57 [INFO] __main__: 盯盘引擎已启动！
[19:59:57] [引擎] 2026-07-30 19:59:57 [INFO] __main__: 状态文件: /root/maneki-agent/plays/watchdog/data/state.json
[19:59:57] [引擎] 2026-07-30 19:59:57 [INFO] __main__: 扫描间隔: 60s
[19:59:57] [引擎] 2026-07-30 19:59:57 [INFO] __main__: 盯盘上限: 20 只
[19:59:57] [引擎] 2026-07-30 19:59:57 [INFO] __main__: ==================================================
[19:59:57] [引擎] 2026-07-30 19:59:57 [INFO] __main__: 通过飞书发送指令: 盯/停/盯盘列表/清盯盘
